name,representative_food,major_category,weight,energy_kcal,carbohydrate_g,protein_g,calcium_mg,kalium_mg,iron_mg,magnesium_mg,zinc_mg,cellulose_g,aminoacid_mg,leucine_mg,methionine_mg,selenium_ug,omega3_g,vitaminA_ug,vitaminB_mg,folicacid_ug,vitaminB12_mg,vitaminC_mg,vitaminD_ug,vitaminE_mg
가래떡,가래떡,빵 및 과자류,100g,195,43.73,3.92,5.0,23.0,0.25,10.73,0.56,0.6,3913.5,355.09,83.91,3.68,,0.0,0.02,8.57,0.0,0.0,0.0,
가래떡,가래떡,빵 및 과자류,100g,210,46.11,4.0,12.0,27.0,0.18,,,0.7,,,,,,,0.215,,,0.29,0.0,
가래떡_흑미,가래떡,빵 및 과자류,100g,205,47.8,3.5,8.0,46.0,1.3,,,,,,,,,1.0,0.97,,,0.0,,
가오리찜,가오리찜,찜류,200g,102,0.46,21.99,8.0,11.0,0.09,4.21,0.05,2.4,15690.77,1225.67,377.94,0.82,,55.0,1.4,5.99,1.15,0.0,0.0,
가오리찜,가오리찜,찜류,600ml,29,3.52,2.7,27.0,124.0,0.42,15.46,0.38,1.3,,,,,0.06,13.0,0.671,18.79,,0.94,0.14,0.57
가오리콩나물찜,가오리콩나물찜,찜류,600ml,29,3.5,2.68,27.0,125.0,0.42,,,1.3,,,,,,13.0,0.684,18.77,,0.95,0.14,
가오리회무침,가오리회무침,무침류,270ml,47,6.47,4.7,54.0,154.0,0.37,12.94,0.28,1.3,,,,,0.04,27.0,0.858,12.37,,2.84,0.64,0.7
가오리회무침,가오리회무침,무침류,270ml,47,6.47,4.7,54.0,154.0,0.37,12.94,0.28,1.3,,,,,0.04,27.0,0.858,12.37,,2.84,0.64,0.7
가자미 매운탕,가자미 매운탕,찌개 및 전골류,550ml,31,1.4,4.5,12.0,125.0,0.23,11.86,0.26,0.6,,,,,0.11,11.0,1.037,6.88,,1.28,2.95,0.61
가자미 매운탕,가자미 매운탕,찌개 및 전골류,550ml,31,1.5,4.4,12.0,123.0,0.23,11.86,0.26,0.5,,,,,0.11,11.0,1.045,6.91,,1.26,2.95,0.61
가자미구이,가자미구이,생선구이류,200g,123,0.66,18.7,180.0,309.0,0.35,29.02,1.11,1.5,18033.44,1341.69,562.5,83.1,,4.0,4.34,13.9,2.59,0.47,0.0,
가자미구이,가자미구이,생선구이류,100g,151,0.76,22.61,186.0,264.0,0.35,,,0.0,,,,,,,5.175,,,3.82,0.0,
가자미구이,가자미구이,생선구이류,190ml,108,1.26,11.89,22.0,203.0,0.39,,,0.0,,,,,,4.0,2.528,2.89,,1.07,8.62,
가자미구이,가자미구이,생선구이류,79.4ml,222,0.6,29.7,56.0,514.0,0.98,48.07,1.34,0.1,,,,,1.12,11.0,6.369999999999999,6.74,,2.69,21.79,3.02
가자미구이,가자미구이,생선구이류,100ml,127,1.65,14.41,27.0,247.0,0.48,,,0.1,,,,,,7.0,3.07,3.48,,1.32,10.47,
가자미구이,가자미구이,생선구이류,190ml,150,3.85,14.69,27.0,250.0,0.5,,,0.1,,,,,,5.0,3.087,4.02,,1.3,10.47,
가자미식해,가자미식해,젓갈류,250g,134,11.64,11.09,296.0,253.0,1.16,74.33,0.86,4.1,12227.04,937.04,264.99,20.19,,118.0,1.1400000000000001,9.05,0.74,2.56,0.0,
가자미조림,가자미조림,조림류,300g,99,7.17,12.37,76.0,279.0,0.0,27.21,0.64,1.8,-,948.21,305.67,45.08,,38.0,2.653,24.14,2.12,1.39,,
가자미조림,가자미조림,조림류,280ml,62,4.41,7.9,21.0,233.0,0.41,,,0.9,,,,,,11.0,1.848,12.04,,3.52,5.26,
가자미조림,가자미조림,조림류,67ml,174,7.14,23.9,78.0,522.0,1.22,57.58,1.38,1.7,,,,,0.58,24.0,5.521999999999999,19.64,,2.21,15.82,2.62
가자미조림,가자미조림,조림류,67ml,174,7.0,23.9,73.0,521.0,1.26,57.38,1.36,1.7,,,,,0.58,26.0,5.474,19.24,,2.42,15.82,2.62
가자미조림,가자미조림,조림류,188.8ml,87,3.64,12.2,40.0,332.0,0.65,29.68,0.78,1.1,,,,,0.3,12.0,2.797,18.48,,3.74,8.02,1.26
가자미찜,가자미찜,찜류,170.8ml,78,2.79,11.8,27.0,287.0,0.52,24.32,0.64,0.7,,,,,0.29,11.0,2.664,11.57,,2.7,8.07,1.22
가자미찜,가자미찜,찜류,170.8ml,77,2.67,11.7,27.0,288.0,0.52,24.35,0.65,0.7,,,,,0.29,10.0,2.641,11.63,,2.48,8.07,1.22
가자미튀김,가자미튀김,튀김류,100ml,94,2.89,5.1,10.0,87.0,0.18,8.51,0.24,0.1,,,,,0.5,2.0,1.049,1.7,,0.44,3.53,0.97
가자미튀김,가자미튀김,튀김류,56.9ml,225,5.54,20.7,40.0,344.0,0.81,33.05,0.99,0.2,,,,,1.06,17.0,4.144,10.08,,1.73,14.01,2.57
가자미튀김,가자미튀김,튀김류,56.9ml,225,5.54,20.7,40.0,344.0,0.81,33.05,0.99,0.2,,,,,1.06,17.0,4.144,10.08,,1.73,14.01,2.57
가자미튀김,가자미튀김,튀김류,100ml,94,2.89,5.1,10.0,87.0,0.18,8.51,0.24,0.1,,,,,0.5,2.0,1.049,1.7,,0.44,3.53,0.97
가죽나물무침,가죽나물무침,채소무침류,80g,76,10.05,5.83,69.0,448.0,2.38,36.29,0.83,6.2,4823.99,314.06,61.68,2.18,,23.0,0.625,59.33,0.0,2.55,0.0,
가지김치,가지김치,김치류,100ml,36,6.22,2.1,62.0,292.0,0.7,31.51,0.63,3.5,,,,,0.03,22.0,0.944,18.04,,0.24,0.0,0.89
가지나물,가지나물,나물·숙채류,50g,36,4.18,1.42,23.0,222.0,0.24,16.78,0.2,2.7,1011.1,75.6,10.48,1.12,,10.0,0.72,11.02,0.0,0.8,0.0,
가지나물,가지나물,나물·숙채류,130ml,24,3.73,1.1,16.0,177.0,0.25,14.14,0.41,2.0,,,,,0.0,7.0,0.44999999999999996,11.42,,0.59,0.0,0.09
가지나물,가지나물,나물·숙채류,40ml,34,4.34,1.24,18.0,186.0,0.31,,,2.1,,,,,,9.0,0.55,12.32,,1.06,0.0,
가지나물,가지나물,나물·숙채류,39.4ml,64,8.1,2.6,32.0,360.0,0.65,29.44,0.81,4.0,,,,,0.02,19.0,1.144,22.74,,0.35,0.0,0.77
가지나물,가지나물,나물·숙채류,130ml,25,3.82,1.06,16.0,176.0,0.25,,,2.0,,,,,,7.0,0.45999999999999996,11.42,,0.61,0.0,
가지냉국,가지냉국,국 및 탕류,160ml,19,3.42,1.1,16.0,168.0,0.27,15.96,0.37,1.9,,,,,0.01,9.0,0.473,10.66,,0.24,0.0,0.31
가지볶음_가지,가지볶음,채소볶음류,60ml,35,3.36,0.9,12.0,139.0,0.22,,,1.6,,,,,,4.0,0.375,8.87,,0.41,0.0,
가지볶음_가지_고추,가지볶음,채소볶음류,60ml,27,3.36,0.91,11.0,142.0,0.21,,,1.6,,,,,,4.0,0.379,9.36,,1.33,0.0,
가지볶음_가지_당근,가지볶음,채소볶음류,75ml,37,4.56,0.93,13.0,155.0,0.22,,,1.7,,,,,,19.0,0.403,10.21,,0.63,0.0,
가지전,가지전,전·적 및 부침류,200g,123,8.88,5.48,33.0,187.0,0.92,24.89,0.75,2.3,4504.12,390.58,87.86,7.36,,3.0,0.7150000000000001,12.08,0.51,0.0,0.0,
가지전,가지전,전·적 및 부침류,96.5ml,114,11.22,3.2,19.0,195.0,0.47,15.09,0.57,2.2,,,,,0.35,15.0,0.515,16.99,,0.02,0.11,0.69
가지전,가지전,전·적 및 부침류,208.7ml,37,3.68,1.1,6.0,64.0,0.15,4.94,0.19,0.7,,,,,0.11,5.0,0.16799999999999998,5.57,,0.01,0.04,0.23
가지전,가지전,전·적 및 부침류,208.7ml,37,3.68,1.1,6.0,64.0,0.15,4.94,0.19,0.7,,,,,0.11,5.0,0.16799999999999998,5.57,,0.01,0.04,0.23
가지전,가지전,전·적 및 부침류,96.5ml,114,11.22,3.2,19.0,195.0,0.47,15.09,0.57,2.2,,,,,0.35,15.0,0.515,16.99,,0.02,0.11,0.69
가지찜,가지찜,찜류,100ml,120,10.23,5.6,21.0,313.0,0.92,25.18,1.45,2.9,,,,,0.02,24.0,1.279,19.83,,7.16,0.0,0.49
가지찜,가지찜,찜류,54.5ml,120,10.22,5.6,21.0,314.0,0.93,25.22,1.45,2.9,,,,,0.02,24.0,1.2770000000000001,19.71,,7.1,0.0,0.48
가지탕수,가지탕수,튀김류,195.4ml,154,21.21,2.2,21.0,187.0,0.35,14.71,0.51,2.1,,,,,0.42,3.0,0.534,12.93,,0.15,0.0,0.67
가지탕수,가지탕수,튀김류,70.2ml,171,23.56,2.4,24.0,208.0,0.39,16.34,0.57,2.4,,,,,0.47,3.0,0.593,14.36,,0.17,0.0,0.74
가지탕수,가지탕수,튀김류,195.4ml,154,21.21,2.2,21.0,187.0,0.35,14.71,0.51,2.1,,,,,0.42,3.0,0.534,12.93,,0.15,0.0,0.67
간자장,간자장,면 및 만두류,500g,125,15.13,5.12,12.0,125.0,0.54,11.68,0.89,1.5,4735.9,352.62,90.61,8.41,,0.0,0.564,9.05,0.0,4.57,0.0,
간자장,간자장,면 및 만두류,650g,127,20.65,3.44,18.0,112.0,0.01,0.0,0.0,4.4,-,0.0,0.0,0.0,,2.0,0.939,0.0,0.0,0.0,,
간자장,간자장,면 및 만두류,800ml,155,25.98,5.39,21.0,231.0,0.41,,,1.8,,,,,,3.0,0.636,19.1,,3.72,0.05,
간자장_해물,간자장,면 및 만두류,885ml,151,22.69,6.9,27.0,220.0,0.81,,,1.6,,,,,,4.0,0.832,19.21,,3.51,0.36,
간재미회무침,간재미회무침,무침류,270ml,47,6.47,4.73,54.0,154.0,0.37,,,1.3,,,,,,27.0,0.859,12.37,,2.84,0.64,
갈매기살구이_돼지고기,갈매기살구이,육류 및 채소구이류,100g,312,0.28,26.98,13.0,372.0,2.64,,,0.0,,,,,,,7.945,,,3.97,0.0,
갈비구이_소고기,갈비구이,육류 및 채소구이류,300g,241,1.59,25.91,34.0,273.0,3.92,23.76,8.21,1.8,22972.88,1865.04,401.6,29.42,,6.0,5.836,13.24,2.2,0.87,0.0,
갈비구이_돼지고기,갈비구이,육류 및 채소구이류,100g,294,5.78,19.58,46.0,254.0,0.86,,,0.0,,,,,,,5.292,,,0.75,0.0,
갈비구이_소고기,갈비구이,육류 및 채소구이류,100g,309,7.13,20.94,44.0,174.0,2.07,,,0.0,,,,,,,4.959,,,0.87,0.0,
갈비구이_소고기_양념,갈비구이,육류 및 채소구이류,300g,330,8.73,20.03,28.0,211.0,0.0,19.7,6.35,2.5,-,1577.04,481.7,42.58,,8.0,3.099,9.27,2.73,0.09,,
갈비구이_왕갈비_양념,갈비구이,육류 및 채소구이류,150g,321,9.13,18.07,21.0,189.0,0.0,17.53,5.51,0.9,-,1492.47,452.53,31.95,,6.0,0.24,6.2,0.0,0.0,,
갈비찜_소고기,갈비찜,찜류,300g,85,6.95,7.25,33.0,251.0,1.07,17.97,1.89,2.0,7056.62,622.44,48.32,10.62,,23.0,0.9770000000000001,14.76,0.65,0.42,0.0,
갈비찜_고춧가루,갈비찜,찜류,300g,172,7.9,20.43,21.0,362.0,0.0,23.49,5.64,2.8,-,1530.94,442.59,18.01,,53.0,1.161,11.32,0.0,0.47,,
갈비찜_소고기,갈비찜,찜류,250g,198,5.26,19.94,19.0,141.0,0.0,13.28,4.78,0.4,-,1714.61,477.62,0.0,,10.0,0.745,0.0,0.0,0.0,,
갈비탕,갈비탕,국 및 탕류,670g,54,0.4,8.51,14.0,106.0,1.06,6.81,2.87,1.9,8094.84,600.54,150.04,5.73,,2.0,0.76,6.62,0.67,0.0,0.0,
갈비탕,갈비탕,국 및 탕류,797ml,49,2.26,2.5,5.0,52.0,0.48,4.16,0.7,0.1,,,,,0.0,1.0,0.256,2.89,,0.55,0.0,0.04
갈비탕_소금제외,갈비탕,국 및 탕류,740ml,89,4.21,5.5,9.0,100.0,1.4,,,0.3,,,,,,3.0,0.619,6.48,,0.52,0.02,
갈비탕,갈비탕,국 및 탕류,260ml,39,2.71,2.19,6.0,59.0,0.45,,,0.2,,,,,,2.0,0.297,4.1,,0.72,0.02,
갈비탕,갈비탕,국 및 탕류,372.8ml,33,0.56,1.8,3.0,41.0,0.33,2.88,0.51,0.1,,,,,0.0,0.0,0.146,2.77,,0.55,0.0,0.03
갈비탕,갈비탕,국 및 탕류,270ml,75,2.32,4.4,7.0,74.0,0.89,5.83,1.1,0.2,,,,,0.01,4.0,0.425,5.08,,0.63,0.01,0.13
갈치구이_기름,갈치구이,생선구이류,200g,138,0.6,21.54,12.0,418.0,0.47,29.49,0.7,6.7,20822.83,1677.53,655.59,72.1,,44.0,7.26,10.81,3.03,0.96,2.29,
갈치구이_기름,갈치구이,생선구이류,100g,209,0.83,22.12,27.0,353.0,0.61,,,0.0,,,,,,,4.477,,,0.0,3.05,
갈치구이,갈치구이,생선구이류,140ml,147,0.88,12.65,32.0,179.0,0.7,,,0.0,,,,,,14.0,1.729,1.53,,0.68,6.75,
갈치구이_기름,갈치구이,생선구이류,140ml,148,0.88,12.7,32.0,179.0,0.7,21.9,0.34,0.0,,,,,1.27,14.0,1.729,1.53,,0.68,9.5,1.29
갈치구이,갈치구이,생선구이류,80ml,127,4.3,9.83,28.0,136.0,0.57,,,0.1,,,,,,9.0,1.2730000000000001,1.87,,0.45,5.09,
갈치구이_기름,갈치구이,생선구이류,80ml,128,4.3,9.8,28.0,136.0,0.57,15.57,0.28,0.1,,,,,0.9,9.0,1.2730000000000001,1.87,,0.45,6.9,0.94
갈치구이,갈치구이,생선구이류,110ml,117,3.05,9.59,26.0,134.0,0.55,,,0.1,,,,,,9.0,1.267,1.79,,0.52,4.99,
갈치구이_기름,갈치구이,생선구이류,110ml,118,3.05,9.6,26.0,134.0,0.55,15.21,0.27,0.1,,,,,0.92,9.0,1.267,1.79,,0.52,6.84,0.91
갈치구이,갈치구이,생선구이류,170ml,123,3.96,9.35,23.0,131.0,0.52,,,0.1,,,,,,10.0,1.241,1.81,,0.49,4.75,
갈치구이_기름,갈치구이,생선구이류,170ml,124,3.96,9.3,23.0,131.0,0.52,15.32,0.26,0.1,,,,,0.93,10.0,1.241,1.82,,0.49,6.67,0.95
갈치젓_양념,갈치젓,젓갈류,90g,149,10.28,15.53,256.0,728.0,1.42,196.29,1.1,6.8,12222.68,973.08,231.8,39.46,,488.0,10.079,63.58,2.59,0.0,0.0,
갈치조림_무,갈치조림,조림류,400ml,65,4.44,6.31,23.0,213.0,0.52,,,1.2,,,,,,19.0,1.104,13.28,,3.27,2.94,
갈치조림_무,갈치조림,조림류,74.5ml,118,7.39,10.8,35.0,268.0,0.73,23.28,0.48,0.6,,,,,0.82,21.0,1.6589999999999998,14.11,,2.67,5.34,0.95
갈치조림_무,갈치조림,조림류,95ml,76,4.67,7.1,24.0,222.0,0.57,18.43,0.36,1.1,,,,,0.51,23.0,1.265,11.66,,2.68,4.71,0.94
갈치찌개,갈치찌개,찌개 및 전골류,250g,38,1.95,5.27,10.0,177.0,0.23,13.4,0.21,0.8,4868.92,375.95,136.49,11.58,,11.0,0.448,14.99,0.34,2.52,0.0,
갈치찌개,갈치찌개,찌개 및 전골류,390ml,45,2.96,4.12,16.0,153.0,0.36,,,0.9,,,,,,13.0,0.771,10.41,,2.5,1.91,
갈치찌개,갈치찌개,찌개 및 전골류,293.9ml,39,2.39,3.9,16.0,105.0,0.32,14.35,0.22,0.6,,,,,0.26,16.0,0.596,6.88,,0.91,1.67,0.43
갈치찌개,갈치찌개,찌개 및 전골류,417.8ml,39,2.4,3.9,16.0,105.0,0.32,14.36,0.22,0.6,,,,,0.26,16.0,0.596,6.89,,0.91,1.67,0.43
갈치튀김,갈치튀김,튀김류,100ml,78,1.85,4.6,12.0,65.0,0.27,7.55,0.13,0.1,,,,,0.58,5.0,0.6080000000000001,1.09,,0.24,3.27,0.65
갈치튀김,갈치튀김,튀김류,100ml,78,1.85,4.6,12.0,65.0,0.27,7.55,0.13,0.1,,,,,0.58,5.0,0.6080000000000001,1.09,,0.24,3.27,0.65
감바스_간편조리세트_감바스 알 아히요,감바스,볶음류,401g,384,13.79,8.41,193.0,205.0,0.75,,,2.0,,,,,,,1.451,,,2.04,0.0,
감바스_간편조리세트_감바스 알 아히요,감바스,볶음류,641g,224,19.0,11.48,54.0,129.0,0.48,,,1.9,,,,,,,1.042,,,0.38,0.0,
감바스_간편조리세트_감바스 알 아히요,감바스,볶음류,720g,303,18.56,6.54,17.0,148.0,0.57,,,1.8,,,,,,,0.8640000000000001,,,0.29,0.0,
감자_찐감자,감자,찜류,200g,70,15.01,2.16,10.0,480.0,0.33,28.4,0.35,1.7,1847.37,93.5,20.89,1.36,,0.0,0.9949999999999999,20.31,0.0,8.1,0.0,
감자 된장국,감자 된장국,된장국류,320ml,22,3.31,1.4,24.0,105.0,0.31,9.2,0.2,0.9,,,,,0.03,1.0,0.16499999999999998,8.78,,1.9,0.01,0.04
감자 된장국_두부,감자 된장국,된장국류,193.4ml,32,4.0,2.4,32.0,161.0,0.48,21.17,0.31,1.4,,,,,0.07,2.0,0.238,16.05,,2.27,0.01,0.11
감자 된장국_두부,감자 된장국,된장국류,193.4ml,32,4.0,2.4,32.0,161.0,0.48,21.17,0.31,1.4,,,,,0.07,2.0,0.238,16.05,,2.27,0.01,0.11
감자 된장국,감자 된장국,된장국류,320ml,22,3.31,1.4,24.0,105.0,0.31,9.2,0.2,0.9,,,,,0.03,1.0,0.16499999999999998,8.78,,1.9,0.01,0.04
감자 소고기찌개,감자 소고기찌개,찌개 및 전골류,315.2ml,48,3.81,3.2,12.0,120.0,0.47,15.11,0.66,1.0,,,,,0.04,15.0,0.41200000000000003,10.26,,3.48,0.0,0.18
감자 소고기찌개,감자 소고기찌개,찌개 및 전골류,204ml,52,4.05,3.4,11.0,124.0,0.5,16.06,0.72,0.9,,,,,0.05,8.0,0.42800000000000005,6.87,,1.86,0.0,0.18
감자 소고기찌개,감자 소고기찌개,찌개 및 전골류,204ml,52,4.05,3.4,11.0,124.0,0.5,16.06,0.72,0.9,,,,,0.05,8.0,0.42800000000000005,6.87,,1.86,0.0,0.18
감자 호박된장국,감자 호박된장국,된장국류,320ml,25,3.51,2.1,48.0,177.0,0.48,21.9,0.26,1.4,,,,,0.05,6.0,0.273,17.12,,1.79,0.02,0.07
감자구이,감자구이,육류 및 채소구이류,108ml,123,18.18,2.4,11.0,496.0,0.7,30.09,0.55,3.3,,,,,0.3,0.0,0.482,26.48,,12.65,0.0,0.44
감자구이,감자구이,육류 및 채소구이류,110ml,76,10.05,1.23,7.0,247.0,0.37,,,1.6,,,,,,11.0,0.257,13.19,,6.35,0.0,
감자구이,감자구이,육류 및 채소구이류,130ml,81,12.44,1.5,9.0,301.0,0.46,,,2.0,,,,,,12.0,0.319,15.86,,7.64,0.0,
감자구이,감자구이,육류 및 채소구이류,108ml,123,18.18,2.4,11.0,496.0,0.7,30.09,0.55,3.3,,,,,0.3,0.0,0.482,26.48,,12.65,0.0,0.44
감자국,감자국,국 및 탕류,400g,21,3.67,0.9,5.0,122.0,0.12,8.65,0.08,0.7,750.65,47.87,7.19,1.02,,0.0,1.496,11.18,0.28,0.63,0.0,
감자국,감자국,국 및 탕류,700g,32,4.94,1.19,17.0,163.0,0.0,12.88,0.19,0.7,-,57.25,14.39,0.0,,1.0,0.429,9.47,0.21,1.03,,
감자국,감자국,국 및 탕류,240ml,21,4.51,0.9,8.0,155.0,0.25,11.47,0.16,0.9,,,,,0.0,2.0,0.443,9.03,,3.24,0.01,0.02
감자국,감자국,국 및 탕류,138.7ml,22,4.09,1.5,39.0,176.0,0.39,16.19,0.23,0.9,,,,,0.02,1.0,0.15100000000000002,13.7,,2.69,0.02,0.0
감자국_소고기,감자국,국 및 탕류,168.8ml,37,4.04,2.0,7.0,168.0,0.33,12.31,0.49,0.9,,,,,0.0,1.0,0.327,11.03,,2.79,0.0,0.01
감자국,감자국,국 및 탕류,138.7ml,22,4.09,1.5,39.0,176.0,0.39,16.19,0.23,0.9,,,,,0.02,1.0,0.15100000000000002,13.7,,2.69,0.02,0.0
감자국,감자국,국 및 탕류,240ml,21,4.59,0.85,7.0,154.0,0.25,,,0.9,,,,,,3.0,0.454,9.18,,3.25,0.01,
감자국_소고기,감자국,국 및 탕류,320ml,39,4.02,2.1,3.0,131.0,0.32,8.59,0.53,0.7,,,,,0.0,1.0,0.324,6.51,,2.78,0.0,0.01
감자그라탕_치즈만난감자 그라탕,감자그라탕,육류 및 채소구이류,110g,341,,10.91,,,,,,,,,,,,,0.0,,,,,
감자그라탕,감자그라탕,육류 및 채소구이류,101.3ml,140,17.37,3.9,43.0,422.0,0.66,28.26,0.69,2.8,,,,,0.33,57.0,0.677,27.26,,9.7,0.0,0.56
감자그라탕,감자그라탕,육류 및 채소구이류,47.6ml,134,12.84,3.2,43.0,340.0,0.49,22.32,0.61,2.4,,,,,0.42,12.0,0.375,20.9,,8.96,0.0,0.63
감자그라탕,감자그라탕,육류 및 채소구이류,47.6ml,138,13.03,4.1,92.0,343.0,0.49,22.32,0.61,2.4,,,,,0.43,4.0,0.391,20.91,,8.97,0.0,0.62
감자밥,감자밥,밥류,261.5ml,130,28.45,2.4,3.0,113.0,0.56,13.64,0.68,0.7,,,,,0.0,0.0,0.556,7.99,,1.4,0.0,0.06
감자범벅,감자범벅,"서류, 곡류, 듀류, 견과 및 종실류",112.3ml,95,21.91,2.3,11.0,479.0,0.68,29.41,0.53,3.1,,,,,0.0,0.0,0.49,25.47,,12.17,0.0,0.0
감자범벅,감자범벅,"서류, 곡류, 듀류, 견과 및 종실류",53.6ml,93,21.31,2.3,11.0,483.0,0.68,29.61,0.54,3.1,,,,,0.0,0.0,0.49,25.65,,12.26,0.0,0.0
감자범벅,감자범벅,"서류, 곡류, 듀류, 견과 및 종실류",112.3ml,95,21.91,2.3,11.0,479.0,0.68,29.41,0.53,3.1,,,,,0.0,0.0,0.49,25.47,,12.17,0.0,0.0
감자볶음,감자볶음,채소볶음류,100g,100,12.41,1.75,11.0,311.0,0.31,15.66,0.22,1.7,1338.45,80.92,20.55,0.0,,0.0,0.5700000000000001,9.44,0.0,0.96,0.0,
감자볶음_채소,감자볶음,채소볶음류,130g,108,13.1,2.04,16.0,334.0,0.38,22.51,0.48,2.0,1660.16,128.24,12.45,1.52,,23.0,0.40800000000000003,10.08,0.0,2.81,0.0,
감자볶음_감자만,감자볶음,채소볶음류,100g,134,16.18,1.9,30.0,370.0,0.37,,,2.2,,,,,,,0.672,,,2.15,0.0,
감자볶음,감자볶음,채소볶음류,95ml,52,8.96,1.2,7.0,244.0,0.35,15.88,0.28,1.6,,,,,0.08,0.0,0.244,13.43,,6.23,0.0,0.12
감자볶음_감자,감자볶음,채소볶음류,95ml,52,8.95,1.23,7.0,243.0,0.35,,,1.6,,,,,,0.0,0.246,13.43,,6.23,0.0,
감자볶음_감자_당근,감자볶음,채소볶음류,90ml,47,7.79,1.08,7.0,215.0,0.31,,,1.5,,,,,,15.0,0.239,12.11,,5.35,0.0,
감자볶음_채소,감자볶음,채소볶음류,110ml,88,17.09,2.3,14.0,452.0,0.65,27.69,0.5,3.1,,,,,0.19,24.0,0.505,27.01,,11.68,0.0,0.17
감자볶음_풋고추,감자볶음,채소볶음류,103.7ml,102,16.68,2.8,32.0,400.0,0.72,29.54,0.64,3.1,,,,,0.19,8.0,0.8340000000000001,28.76,,15.29,0.0,0.32
감자볶음_양파,감자볶음,채소볶음류,101.3ml,122,17.12,2.5,14.0,418.0,0.65,27.08,0.48,2.8,,,,,0.33,46.0,0.644,25.29,,9.7,0.0,0.55
감자볶음_햄,감자볶음,채소볶음류,120.1ml,159,13.05,5.0,15.0,403.0,0.67,28.07,0.6,2.3,,,,,0.48,2.0,1.163,20.75,,16.47,0.0,0.73
감자볶음,감자볶음,채소볶음류,95ml,52,8.96,1.2,7.0,244.0,0.35,15.88,0.28,1.6,,,,,0.08,0.0,0.244,13.43,,6.23,0.0,0.12
감자볶음_감자_베이컨,감자볶음,채소볶음류,130ml,50,5.37,1.72,6.0,147.0,0.23,,,0.9,,,,,,6.0,0.435,8.12,,7.64,0.04,
감자볶음_잔멸치,감자볶음,채소볶음류,50.5ml,153,16.65,6.7,75.0,454.0,0.75,61.46,0.97,2.5,,,,,0.64,0.0,0.854,32.83,,9.44,1.7,0.58
감자볶음_채소,감자볶음,채소볶음류,70ml,81,10.46,1.5,12.0,267.0,0.42,17.32,0.31,1.9,,,,,0.41,26.0,0.34800000000000003,16.34,,6.94,0.0,0.39
감자볶음_양파,감자볶음,채소볶음류,47.6ml,114,12.58,1.7,12.0,336.0,0.48,21.06,0.38,2.4,,,,,0.41,0.0,0.34,18.8,,8.96,0.0,0.61
감자볶음_햄,감자볶음,채소볶음류,56.6ml,160,13.33,5.1,18.0,420.0,0.69,29.47,0.62,2.5,,,,,0.47,43.0,1.255,23.17,,16.25,0.0,0.78
감자볶음_햄_채소,감자볶음,채소볶음류,180ml,47,5.29,2.6,6.0,160.0,0.24,10.43,0.26,0.9,,,,,0.12,8.0,0.6799999999999999,8.1,,6.14,0.01,0.18
감자볶음,감자볶음,채소볶음류,95ml,52,8.95,1.2,7.0,243.0,0.35,15.88,0.28,1.6,,,,,0.08,0.0,0.248,13.43,,6.23,0.0,0.12
감자볶음_감자_베이컨,감자볶음,채소볶음류,180ml,53,5.91,1.86,4.0,150.0,0.23,,,0.9,,,,,,5.0,0.479,7.67,,7.03,0.04,
감자볶음_감자_햄,감자볶음,채소볶음류,180ml,47,5.29,2.57,6.0,160.0,0.24,,,0.9,,,,,,8.0,0.6799999999999999,8.1,,6.14,0.01,
감자볶음_잔멸치,감자볶음,채소볶음류,50.5ml,153,16.69,6.7,76.0,455.0,0.74,61.51,0.98,2.5,,,,,0.52,0.0,0.865,32.93,,9.37,1.7,0.58
감자볶음_채소,감자볶음,채소볶음류,110ml,67,9.09,1.3,9.0,250.0,0.37,15.91,0.28,1.8,,,,,0.18,15.0,0.3,14.6,,6.64,0.0,0.3
감자볶음_양파,감자볶음,채소볶음류,47.6ml,114,12.58,1.7,12.0,336.0,0.48,21.06,0.38,2.4,,,,,0.41,0.0,0.34,18.8,,8.96,0.0,0.61
감자볶음_햄_채소,감자볶음,채소볶음류,180ml,47,5.29,2.6,6.0,160.0,0.24,10.43,0.26,0.9,,,,,0.12,8.0,0.6799999999999999,8.1,,6.14,0.01,0.18
감자볶음,감자볶음,채소볶음류,95ml,52,8.96,1.2,7.0,244.0,0.35,15.88,0.28,1.6,,,,,0.08,0.0,0.244,13.43,,6.23,0.0,0.12
감자볶음_감자_당근,감자볶음,채소볶음류,200ml,52,7.66,1.06,7.0,211.0,0.31,,,1.5,,,,,,13.0,0.23299999999999998,11.85,,5.25,0.0,
감자볶음_풋고추,감자볶음,채소볶음류,103.7ml,101,16.35,2.9,21.0,393.0,0.8,29.06,0.6,3.1,,,,,0.19,12.0,0.724,27.8,,15.91,0.0,0.32
감자볶음_당근,감자볶음,채소볶음류,75.6ml,109,11.81,1.7,17.0,343.0,0.5,19.81,0.36,2.8,,,,,0.36,123.0,0.528,22.18,,7.91,0.0,0.74
감자볶음_양파,감자볶음,채소볶음류,101.3ml,122,17.12,2.5,14.0,418.0,0.65,27.08,0.48,2.8,,,,,0.33,46.0,0.644,25.29,,9.7,0.0,0.55
감자볶음_햄,감자볶음,채소볶음류,120.1ml,159,13.05,5.0,15.0,403.0,0.67,28.07,0.6,2.3,,,,,0.48,2.0,1.163,20.75,,16.47,0.0,0.73
감자볶음_햄_채소,감자볶음,채소볶음류,180ml,47,5.29,2.6,6.0,160.0,0.24,10.43,0.26,0.9,,,,,0.12,8.0,0.6799999999999999,8.1,,6.14,0.01,0.18
감자빵_포슬쫀득 감자빵,감자빵,빵 및 과자류,110g,284,,3.64,,,,,,,,,,,,,0.0,,,,,
감자빵_못난이 감자크럼볼,감자빵,빵 및 과자류,75g,211,45.33,1.33,,,,,,,,,,,,,0.0,,,,,
감자빵_감자쫀득볼,감자빵,빵 및 과자류,50g,313,,3.95,,,,,,,,,,,,,0.0,,,,,
감자빵_강원도알감자빵 (5개입),감자빵,빵 및 과자류,160g,244,,3.13,,,,,,,,,,,,,0.0,,,,,
감자빵_강원도알감자빵,감자빵,빵 및 과자류,32g,250,,3.13,,,,,,,,,,,,,0.0,,,,,
감자샐러드,감자샐러드,샐러드류,80ml,161,15.59,2.7,18.0,327.0,0.65,21.66,0.56,2.3,,,,,0.63,29.0,0.687,23.81,,9.53,0.07,1.19
감자샐러드,감자샐러드,샐러드류,80ml,161,15.59,2.7,18.0,327.0,0.65,21.66,0.56,2.3,,,,,0.63,29.0,0.687,23.81,,9.53,0.07,1.19
감자샐러드_당근,감자샐러드,샐러드류,78.2ml,77,8.31,1.2,9.0,240.0,0.34,14.32,0.27,1.7,,,,,0.31,48.0,0.299,13.31,,6.24,0.0,0.58
감자샐러드,감자샐러드,샐러드류,80ml,165,15.65,2.8,18.0,329.0,0.67,21.66,0.56,2.3,,,,,0.74,29.0,0.6970000000000001,26.47,,9.53,0.09,1.22
감자샐러드,감자샐러드,샐러드류,80ml,161,15.59,2.7,18.0,327.0,0.65,21.66,0.56,2.3,,,,,0.63,29.0,0.687,23.81,,9.53,0.07,1.19
감자샐러드_오이,감자샐러드,샐러드류,121.3ml,104,11.17,1.7,14.0,310.0,0.55,20.26,0.38,2.1,,,,,0.41,2.0,0.28400000000000003,15.69,,8.41,0.0,0.69
감자샐러드 샌드위치,감자샐러드 샌드위치,빵 및 과자류,380ml,108,13.39,3.1,12.0,105.0,0.38,9.0,0.29,1.3,,,,,0.23,20.0,0.52,15.18,,1.87,0.08,0.61
감자샐러드 샌드위치,감자샐러드 샌드위치,빵 및 과자류,380ml,109,13.59,3.0,12.0,106.0,0.38,9.0,0.29,1.3,,,,,0.27,21.0,0.537,17.1,,1.87,0.14,0.6
감자샐러드 샌드위치,감자샐러드 샌드위치,빵 및 과자류,380ml,108,13.39,3.1,12.0,105.0,0.38,9.0,0.29,1.3,,,,,0.23,20.0,0.52,15.18,,1.87,0.08,0.61
감자스프,감자스프,죽 및 스프류,200ml,86,8.13,2.9,57.0,125.0,0.22,9.17,0.44,0.5,,,,,0.01,38.0,0.395,4.59,,1.91,0.05,0.09
감자스프,감자스프,죽 및 스프류,200ml,85,8.13,2.9,57.0,125.0,0.22,9.17,0.44,0.5,,,,,0.01,38.0,0.395,4.59,,1.91,0.05,0.09
감자스프,감자스프,죽 및 스프류,200ml,100,12.06,2.7,60.0,171.0,0.2,11.9,0.29,1.0,,,,,0.02,90.0,0.438,8.28,,2.54,0.05,0.17
감자연근튀김,감자연근튀김,튀김류,155.9ml,149,22.74,3.8,28.0,242.0,0.71,16.0,0.5,1.8,,,,,0.23,17.0,0.346,21.81,,8.15,0.23,0.59
감자전,감자전,전·적 및 부침류,200g,133,16.79,1.72,9.0,406.0,0.36,19.42,0.25,2.0,1469.83,84.23,16.38,0.0,,5.0,0.63,11.54,0.0,1.51,0.0,
감자전,감자전,전·적 및 부침류,150ml,93,13.75,1.98,9.0,230.0,0.41,,,1.7,,,,,,10.0,0.302,15.08,,6.04,0.02,
감자전,감자전,전·적 및 부침류,216.3ml,41,6.2,0.8,3.0,116.0,0.18,7.5,0.13,0.9,,,,,0.09,7.0,0.14700000000000002,6.82,,3.05,0.0,0.16
감자전,감자전,전·적 및 부침류,216.3ml,41,6.2,0.8,3.0,116.0,0.18,7.5,0.13,0.9,,,,,0.09,7.0,0.14700000000000002,6.82,,3.05,0.0,0.16
감자전,감자전,전·적 및 부침류,119.3ml,135,16.98,4.1,15.0,327.0,0.76,22.05,0.54,2.2,,,,,0.28,18.0,0.399,25.41,,7.6,0.15,0.64
감자조림,감자조림,조림류,50g,114,18.1,2.4,18.0,401.0,0.46,23.5,0.3,1.8,1979.98,128.78,20.54,0.32,,61.0,1.92,24.88,0.0,0.7,0.0,
감자조림,감자조림,조림류,80ml,66,13.29,1.58,7.0,247.0,0.41,,,1.5,,,,,,4.0,0.383,14.14,,5.82,0.0,
감자조림,감자조림,조림류,60ml,92,15.95,1.8,10.0,286.0,0.47,20.27,0.35,1.8,,,,,0.14,5.0,0.44099999999999995,16.55,,6.65,0.0,0.27
감자조림,감자조림,조림류,85ml,75,14.28,1.8,10.0,283.0,0.46,19.93,0.34,1.9,,,,,0.07,11.0,0.44399999999999995,16.26,,6.72,0.0,0.18
감자조림,감자조림,조림류,95.1ml,132,19.78,2.8,16.0,429.0,0.72,30.35,0.53,2.9,,,,,0.31,3.0,0.658,25.77,,12.73,0.0,0.47
감자탕,감자탕,찌개 및 전골류,530g,71,2.27,6.31,38.0,98.0,1.06,10.27,0.69,2.4,6475.09,473.8,106.44,10.6,,33.0,7.838,8.52,0.08,2.35,0.0,
감자탕,감자탕,찌개 및 전골류,650ml,27,2.35,2.9,5.0,112.0,0.28,7.32,0.26,0.7,,,,,0.01,4.0,0.5720000000000001,5.13,,1.81,0.03,0.21
감자탕,감자탕,찌개 및 전골류,200ml,51,3.87,3.39,28.0,161.0,0.4,,,1.3,,,,,,19.0,0.891,12.18,,3.55,0.01,
감자탕,감자탕,찌개 및 전골류,250ml,65,4.5,4.59,34.0,192.0,0.49,,,1.5,,,,,,26.0,1.085,14.52,,4.14,0.01,
감자탕,감자탕,찌개 및 전골류,420ml,67,3.37,4.66,24.0,165.0,0.53,,,1.3,,,,,,19.0,1.0779999999999998,11.67,,3.19,0.0,
감자튀김_웨지감자,감자튀김,튀김류,100g,121,,3.0,,,,,,,,,,,,,0.0,,,,,
감자튀김_웨지감자,감자튀김,튀김류,250g,231,32.25,3.94,,,,,,,,,,,,,0.0,,,,,
감자튀김_BBQ 감자튀김,감자튀김,튀김류,100g,254,,3.21,,,,,,,,,,,,,0.0,,,,,
감자튀김_모둠 감자튀김,감자튀김,튀김류,100g,231,,2.44,,,,,,,,,,,,,0.0,,,,,
감자튀김_크런치감자스틱,감자튀김,튀김류,100g,147,,1.6,,,,,,,,,,,,,0.0,,,,,
감자튀김_간편조리세트_몬스터 치즈 프라이,감자튀김,튀김류,587g,269,21.78,5.54,33.0,400.0,0.72,,,2.0,,,,,,,0.6809999999999999,,,0.29,0.0,
감자튀김,감자튀김,튀김류,150g,312,35.15,4.55,13.0,657.0,1.03,40.61,0.59,3.9,3162.29,248.22,25.15,0.38,,1.0,0.173,19.47,0.0,1.19,0.0,
감자튀김,감자튀김,튀김류,201.3ml,103,14.28,1.9,9.0,391.0,0.55,23.9,0.43,2.6,,,,,0.29,0.0,0.38,20.79,,9.93,0.0,0.42
감자튀김,감자튀김,튀김류,81.8ml,114,15.88,2.1,10.0,435.0,0.61,26.58,0.48,2.8,,,,,0.31,0.0,0.42100000000000004,23.12,,11.04,0.0,0.46
감자튀김,감자튀김,튀김류,81.8ml,114,15.88,2.1,10.0,435.0,0.61,26.58,0.48,2.8,,,,,0.31,0.0,0.42100000000000004,23.12,,11.04,0.0,0.46
감자튀김,감자튀김,튀김류,201.3ml,103,14.28,1.9,9.0,391.0,0.55,23.9,0.43,2.6,,,,,0.29,0.0,0.38,20.79,,9.93,0.0,0.42
감자튀김_감자볼튀김,감자튀김,튀김류,100g,278,32.59,2.25,,,,,,,,,,,,,0.0,,,,,
갑오징어무침,갑오징어무침,무침류,100ml,50,5.89,5.31,17.0,183.0,0.45,,,0.8,,,,,,25.0,1.214,11.57,,2.61,1.52,
갓김치,갓김치,김치류,100g,37,7.07,3.26,103.0,328.0,0.83,,,3.0,,,,,,101.0,1.039,,,1.65,0.0,
강낭콩밥,강낭콩밥,밥류,300ml,111,24.21,2.2,4.0,78.0,0.5,12.14,0.6,0.8,,,,,0.01,0.0,0.515,5.99,,0.08,0.0,0.05
강낭콩밥,강낭콩밥,밥류,300ml,112,23.99,2.3,4.0,54.0,0.19,12.14,0.6,1.1,,,,,0.01,0.0,0.438,7.08,,0.08,0.0,0.12
강낭콩밥,강낭콩밥,밥류,300ml,111,24.21,2.2,4.0,78.0,0.5,12.14,0.6,0.8,,,,,0.01,0.0,0.515,5.99,,0.08,0.0,0.05
강낭콩밥,강낭콩밥,밥류,300ml,112,23.99,2.3,4.0,54.0,0.19,12.14,0.6,1.1,,,,,0.01,0.0,0.438,7.08,,0.08,0.0,0.12
개고기 수육,개고기 수육,찜류,200ml,226,3.1,15.8,27.0,267.0,2.55,29.27,4.19,1.4,,,,,1.24,9.0,1.888,12.86,,2.71,0.0,0.39
개고기무침,개고기무침,무침류,620ml,121,3.76,7.63,42.0,195.0,1.95,,,2.3,,,,,,65.0,1.245,24.31,,2.22,0.0,
개고기전골,개고기전골,찌개 및 전골류,630ml,74,2.35,5.56,34.0,148.0,1.38,,,1.4,,,,,,52.0,0.8979999999999999,19.2,,1.36,0.0,
개피떡(바람떡),개피떡(바람떡),빵 및 과자류,100g,206,44.3,5.32,14.0,66.0,0.29,,,,,,,,,1.0,0.153,,,0.0,0.0,
건갈치조림,건갈치조림,조림류,74.6ml,96,3.68,11.2,49.0,181.0,0.86,18.92,0.35,0.3,,,,,0.62,4.0,1.2269999999999999,8.37,,1.43,5.61,0.55
건꼴뚜기조림_풋고추,건꼴뚜기조림,조림류,31.1ml,288,10.14,29.4,290.0,390.0,2.85,99.1,2.71,0.9,,,,,1.29,41.0,3.353,28.41,,3.56,10.99,1.8
건새우 미역국,건새우 미역국,국 및 탕류,320ml,27,0.92,3.8,270.0,135.0,1.13,22.34,0.35,0.6,,,,,0.11,4.0,0.647,13.09,,0.31,0.02,0.45
건새우 미역국,건새우 미역국,국 및 탕류,227.2ml,27,0.93,3.8,270.0,136.0,1.14,22.52,0.35,0.6,,,,,0.11,4.0,0.648,13.18,,0.31,0.02,0.45
건새우 미역국,건새우 미역국,국 및 탕류,227.2ml,28,1.02,3.8,270.0,134.0,1.13,22.52,0.35,0.6,,,,,0.11,4.0,0.657,13.19,,0.34,0.02,0.45
건새우 미역국,건새우 미역국,국 및 탕류,320ml,27,0.92,3.8,270.0,135.0,1.13,22.34,0.35,0.6,,,,,0.11,4.0,0.647,13.09,,0.31,0.02,0.45
건새우볶음,건새우볶음,볶음류,20g,304,5.4,41.55,3135.0,631.0,4.55,226.4,4.2,7.3,31433.1,2405.75,854.55,193.3,,0.0,6.55,128.35,6.2,12.75,0.0,
건새우볶음,건새우볶음,볶음류,100ml,109,5.45,9.9,669.0,169.0,2.72,24.32,0.86,0.5,,,,,0.49,7.0,1.6440000000000001,21.49,,0.4,0.05,1.52
건새우볶음_건새우,건새우볶음,볶음류,60ml,120,4.96,15.53,1125.0,202.0,4.36,,,0.2,,,,,,4.0,2.496,26.53,,0.02,0.08,
건새우볶음_건새우_꽈리고추,건새우볶음,볶음류,75ml,71,5.65,7.11,479.0,154.0,2.0,,,0.8,,,,,,11.0,1.326,31.03,,11.04,0.03,
건새우볶음_풋고추,건새우볶음,볶음류,88ml,163,12.71,10.7,718.0,191.0,2.92,27.67,0.94,0.7,,,,,0.68,27.0,1.871,23.83,,3.87,0.05,1.79
건새우볶음,건새우볶음,볶음류,37.6ml,154,9.52,15.6,1116.0,215.0,4.37,33.04,1.34,0.3,,,,,0.61,12.0,2.527,27.18,,0.16,0.08,2.19
건새우볶음,건새우볶음,볶음류,37.6ml,154,9.52,15.6,1116.0,215.0,4.37,33.04,1.34,0.3,,,,,0.61,12.0,2.527,27.18,,0.16,0.08,2.19
건새우볶음,건새우볶음,볶음류,100ml,109,5.45,9.9,669.0,169.0,2.72,24.32,0.86,0.5,,,,,0.49,7.0,1.6440000000000001,21.49,,0.4,0.05,1.52
건포도빵_우리쌀건포도브레드,건포도빵,빵 및 과자류,150g,265,,6.0,,,,,,,,,,,,,0.0,,,,,
건포도빵_건포도빵 (대),건포도빵,빵 및 과자류,465g,311,,7.53,,,,,,,,,,,,,0.0,,,,,
건포도빵_건포도빵 (소),건포도빵,빵 및 과자류,232g,310,,7.76,,,,,,,,,,,,,0.0,,,,,
건표고버섯볶음_건표고버섯,건표고버섯볶음,채소볶음류,80ml,37,7.51,2.03,5.0,215.0,0.41,,,3.8,,,,,,0.0,2.008,17.15,,0.25,0.0,
검정콩밥,검정콩밥,밥류,250ml,136,27.6,3.3,7.0,81.0,0.3,16.05,0.76,1.2,,,,,0.04,0.0,0.461,19.08,,0.13,0.0,0.21
검정콩밥,검정콩밥,밥류,250ml,121,25.08,2.7,5.0,55.0,0.17,12.91,0.64,0.9,,,,,0.02,0.0,0.431,12.02,,0.1,0.0,0.19
검정콩밥_보리,검정콩밥,밥류,179.2ml,143,29.94,3.2,6.0,65.0,0.24,15.09,0.77,1.2,,,,,0.03,0.0,0.48,14.18,,0.08,0.0,0.2
검정콩밥,검정콩밥,밥류,450ml,120,25.15,2.6,5.0,53.0,0.17,12.49,0.64,0.9,,,,,0.02,0.0,0.415,11.51,,0.08,0.0,0.18
검정콩밥_보리,검정콩밥,밥류,179.2ml,143,29.94,3.2,6.0,65.0,0.24,15.09,0.77,1.2,,,,,0.03,0.0,0.48,14.18,,0.08,0.0,0.2
검정콩밥,검정콩밥,밥류,300ml,121,24.31,3.2,8.0,84.0,0.28,15.81,0.68,1.2,,,,,0.05,0.0,0.421,19.98,,0.19,0.0,0.23
겉절이_배추,겉절이,채소무침류,50g,55,6.58,2.28,55.0,291.0,0.46,18.2,0.42,3.5,1930.88,139.44,1.98,2.68,,22.0,1.5200000000000002,20.46,0.06,0.44,0.0,
겉절이_상추,겉절이,채소무침류,100g,61,5.26,2.36,68.0,449.0,0.66,40.5,0.31,3.4,1700.78,135.04,21.13,3.22,,83.0,0.8099999999999999,18.57,0.0,0.13,0.0,
겉절이_열무,겉절이,채소무침류,100g,58,5.38,2.4,74.0,442.0,0.79,32.55,0.43,3.0,1817.85,147.03,27.09,4.37,,85.0,0.12,70.69,0.0,0.54,0.0,
겉절이_치커리,겉절이,채소무침류,100g,56,4.4,1.49,46.0,291.0,0.55,15.62,0.22,1.9,1225.84,99.79,10.96,0.77,,119.0,0.27,13.62,0.0,0.0,0.0,
게국지,게국지,국 및 탕류,1100g,38,2.88,4.08,120.0,144.0,0.0,24.89,1.0,2.2,-,216.28,56.67,27.08,,18.0,0.056,15.17,0.0,0.0,,
게맛살튀김,게맛살튀김,튀김류,167.4ml,213,26.31,6.1,151.0,55.0,0.42,8.88,0.37,0.5,,,,,0.57,8.0,0.317,11.21,,0.01,0.06,0.97
게맛살튀김,게맛살튀김,튀김류,167.4ml,213,26.31,6.1,151.0,55.0,0.42,8.88,0.37,0.5,,,,,0.57,8.0,0.317,11.21,,0.01,0.06,0.97
게살죽,게살죽,죽 및 스프류,800g,71,13.42,2.24,13.0,43.0,0.0,0.0,0.0,0.7,-,0.0,0.0,0.0,,6.0,0.30300000000000005,0.0,0.0,0.0,,
게장_간장,게장,젓갈류,100g,88,4.47,12.25,213.0,176.0,1.42,,,0.0,,,,,,,6.9670000000000005,,,0.46,0.0,
게장_양념,게장,젓갈류,100g,111,8.07,12.24,180.0,338.0,0.87,,,1.8,,,,,,,7.279999999999999,,,0.85,0.0,
게조림,게조림,조림류,800ml,21,0.31,4.2,32.0,60.0,0.21,12.36,0.52,0.0,,,,,0.07,0.0,0.07600000000000001,3.7,,0.0,0.0,0.17
게조림,게조림,조림류,132ml,93,1.48,18.9,147.0,277.0,0.96,55.64,2.42,0.2,,,,,0.34,2.0,0.317,17.65,,0.27,0.0,0.79
겨자채,겨자채,채소무침류,150ml,120,4.02,5.4,13.0,155.0,0.9,15.68,1.49,1.0,,,,,0.03,15.0,0.8190000000000001,7.71,,5.4,0.0,0.25
겨자채,겨자채,채소무침류,74.7ml,128,4.27,7.3,25.0,195.0,1.16,17.98,1.55,1.2,,,,,0.04,75.0,0.867,20.28,,3.11,0.19,0.37
겨자채,겨자채,채소무침류,74.7ml,128,4.27,7.3,25.0,195.0,1.16,17.98,1.55,1.2,,,,,0.04,75.0,0.867,20.28,,3.11,0.19,0.37
겨자채,겨자채,채소무침류,150ml,120,4.02,5.4,13.0,155.0,0.9,15.68,1.49,1.0,,,,,0.03,15.0,0.8190000000000001,7.71,,5.4,0.0,0.25
견과_넛츠앤푸르츠,견과,"서류, 곡류, 듀류, 견과 및 종실류",40g,550,37.5,17.5,,,,,,,,,,,,,0.0,,,,,
경단_깨,경단,빵 및 과자류,100g,240,38.58,6.28,178.0,75.0,0.84,46.75,1.41,4.6,5791.97,485.89,126.07,3.48,,0.0,1.23,27.41,0.0,0.0,0.0,
경단_깨,경단,빵 및 과자류,100g,319,74.22,4.44,62.0,51.0,0.0,40.58,1.09,5.4,-,315.67,55.02,6.66,,0.0,0.007,16.01,0.0,0.0,,
경단_찹쌀_카스텔라,경단,빵 및 과자류,100g,237,51.1,4.1,14.0,38.0,0.8,,,,,,,,,3.0,0.6599999999999999,,,0.0,,
경단_콩,경단,빵 및 과자류,100g,314,74.03,3.51,10.0,69.0,0.0,16.31,0.6,2.4,-,266.41,45.72,3.39,,0.0,0.45,11.22,0.0,0.0,,
계란 덮밥,계란 덮밥,밥류,100g,143,25.14,4.31,17.0,74.0,0.36,,,0.8,,,,,,,1.081,,,0.74,0.0,
계란 덮밥,계란 덮밥,밥류,300ml,169,27.22,5.0,13.0,74.0,0.49,13.58,0.87,0.8,,,,,0.13,26.0,0.521,17.64,,0.27,0.21,0.6
계란 덮밥,계란 덮밥,밥류,335.4ml,152,21.33,4.7,12.0,91.0,0.55,11.8,0.96,0.9,,,,,0.13,30.0,0.855,16.14,,0.95,0.15,0.48
계란 덮밥,계란 덮밥,밥류,335.4ml,152,21.33,4.7,12.0,91.0,0.55,11.8,0.96,0.9,,,,,0.13,30.0,0.855,16.14,,0.95,0.15,0.48
계란빵_트윈에그 브레드,계란빵,빵 및 과자류,105g,238,,10.48,,,,,,,,,,,,,0.0,,,,,
계란빵_쌀계란빵,계란빵,빵 및 과자류,100g,313,,2.0,,,,,,,,,,,,,0.0,,,,,
계란빵,계란빵,빵 및 과자류,150ml,158,27.2,6.0,64.0,64.0,0.7,11.09,0.39,0.9,,,,,0.03,24.0,0.29100000000000004,16.87,,0.06,0.21,0.45
계란빵,계란빵,빵 및 과자류,150ml,158,27.2,6.0,64.0,64.0,0.7,11.09,0.39,0.9,,,,,0.03,24.0,0.29100000000000004,16.87,,0.06,0.21,0.45
계란빵,계란빵,빵 및 과자류,150ml,158,27.72,5.9,65.0,65.0,0.68,11.09,0.39,0.9,,,,,0.03,27.0,0.33599999999999997,21.87,,0.06,0.36,0.42
고구마_밤고구마_삶은것,고구마,"서류, 곡류, 듀류, 견과 및 종실류",100g,132,30.17,2.45,58.0,296.0,0.7,,,3.7,,,,,,,0.32299999999999995,,,5.16,0.0,
고구마_찐고구마,고구마,찜류,200g,139,32.47,1.67,20.0,402.0,0.58,22.27,0.3,2.9,1389.17,106.78,0.0,0.96,,2.0,0.69,41.87,0.0,2.29,0.0,
고구마깻잎튀김,고구마깻잎튀김,튀김류,149.7ml,169,29.95,2.6,41.0,241.0,0.59,24.48,0.35,2.0,,,,,0.25,53.0,0.526,63.59,,3.75,0.12,0.64
고구마맛탕,고구마맛탕,튀김류,200g,246,47.3,1.65,33.0,464.0,0.0,30.94,0.3,4.5,-,95.38,24.99,3.86,,18.0,1.1800000000000002,42.31,0.0,0.96,,
고구마맛탕,고구마맛탕,튀김류,140ml,160,31.45,0.61,11.0,197.0,0.29,,,1.5,,,,,,1.0,0.392,47.69,,3.74,0.0,
고구마맛탕,고구마맛탕,튀김류,120ml,141,25.54,0.75,15.0,191.0,0.27,,,1.5,,,,,,1.0,0.42,46.47,,3.58,0.0,
고구마맛탕,고구마맛탕,튀김류,180ml,143,27.12,0.71,13.0,201.0,0.27,,,1.5,,,,,,1.0,0.40900000000000003,48.77,,3.8,0.0,
고구마맛탕,고구마맛탕,튀김류,152ml,209,40.14,1.0,22.0,319.0,0.42,21.51,0.23,2.4,,,,,0.31,3.0,0.64,77.72,,6.09,0.0,0.67
고구마밥,고구마밥,밥류,216ml,139,30.44,2.3,4.0,82.0,0.14,12.75,0.62,1.0,,,,,0.0,0.0,0.477,18.3,,1.05,0.0,0.16
고구마밥,고구마밥,밥류,216ml,139,30.44,2.3,4.0,82.0,0.14,12.75,0.62,1.0,,,,,0.0,0.0,0.477,18.3,,1.05,0.0,0.16
고구마밥,고구마밥,밥류,272ml,139,30.47,2.3,4.0,82.0,0.14,12.76,0.62,1.0,,,,,0.0,0.0,0.477,18.28,,1.04,0.0,0.16
고구마전,고구마전,전·적 및 부침류,140g,227,35.99,2.92,19.0,343.0,0.66,37.7,0.39,3.6,2487.55,180.09,36.97,3.22,,47.0,2.7319999999999998,14.33,1.41,3.93,0.0,
고구마조림,고구마조림,조림류,97ml,167,38.53,2.5,28.0,456.0,0.76,33.57,0.41,3.8,,,,,0.02,65.0,1.2710000000000001,81.44,,8.76,0.0,0.85
고구마조림,고구마조림,조림류,89.4ml,167,38.6,2.5,28.0,456.0,0.74,33.38,0.41,3.8,,,,,0.02,64.0,1.274,81.57,,8.7,0.0,0.84
고구마조림,고구마조림,조림류,89.4ml,167,38.6,2.5,28.0,456.0,0.74,33.38,0.41,3.8,,,,,0.02,64.0,1.274,81.57,,8.7,0.0,0.84
고구마줄기나물,고구마줄기나물,나물·숙채류,50g,83,4.1,0.98,111.0,122.0,0.3,15.48,0.14,3.1,689.58,62.12,2.22,0.58,,4.0,0.16,2.44,0.0,0.16,0.0,
고구마줄기나물,고구마줄기나물,나물·숙채류,100g,97,5.77,1.64,136.0,137.0,0.57,,,3.2,,,,,,,1.465,,,0.0,0.0,
고구마줄기나물,고구마줄기나물,나물·숙채류,170ml,22,2.42,0.6,38.0,181.0,0.24,10.32,0.12,1.1,,,,,0.08,5.0,0.277,3.95,,0.85,0.0,0.15
고구마줄기나물_고춧가루,고구마줄기나물,나물·숙채류,60ml,27,4.23,1.2,75.0,240.0,0.6,18.3,0.36,2.3,,,,,0.07,36.0,0.467,10.43,,0.81,0.0,0.53
고구마줄기나물_들깨,고구마줄기나물,나물·숙채류,60ml,39,3.93,1.5,77.0,242.0,1.1,23.54,0.38,2.4,,,,,1.02,75.0,0.499,15.88,,1.23,0.0,0.49
고구마줄기나물,고구마줄기나물,나물·숙채류,46.6ml,60,3.41,0.8,75.0,451.0,0.41,18.92,0.14,1.8,,,,,0.16,3.0,0.687,4.54,,1.57,0.0,0.39
고구마줄기나물_고춧가루,고구마줄기나물,나물·숙채류,60ml,27,4.3,1.2,77.0,240.0,0.59,18.37,0.37,2.3,,,,,0.07,35.0,0.497,10.74,,0.76,0.0,0.53
고구마줄기나물_들깨,고구마줄기나물,나물·숙채류,60ml,39,3.93,1.5,77.0,242.0,1.1,23.54,0.38,2.4,,,,,1.02,75.0,0.499,15.88,,1.23,0.0,0.49
고구마줄기나물,고구마줄기나물,나물·숙채류,46.6ml,60,3.41,0.8,75.0,451.0,0.41,18.92,0.14,1.8,,,,,0.16,3.0,0.687,4.54,,1.57,0.0,0.39
고구마줄기나물_고춧가루,고구마줄기나물,나물·숙채류,60ml,27,4.3,1.2,77.0,240.0,0.59,18.37,0.37,2.3,,,,,0.07,35.0,0.497,10.74,,0.76,0.0,0.53
고구마줄기나물,고구마줄기나물,나물·숙채류,170ml,22,2.45,0.56,38.0,180.0,0.24,,,1.1,,,,,,5.0,0.281,3.96,,0.85,0.0,
고구마줄기나물_고춧가루,고구마줄기나물,나물·숙채류,60ml,27,4.23,1.2,75.0,240.0,0.6,18.3,0.36,2.3,,,,,0.07,36.0,0.467,10.43,,0.81,0.0,0.53
고구마줄기나물_들깨,고구마줄기나물,나물·숙채류,60ml,39,3.93,1.5,77.0,242.0,1.1,23.54,0.38,2.4,,,,,1.02,75.0,0.499,15.88,,1.23,0.0,0.49
고구마튀김,고구마튀김,튀김류,100g,253,33.8,2.72,25.0,328.0,0.0,19.69,0.24,2.0,-,168.18,37.03,4.74,,9.0,0.508,24.9,0.0,0.0,,
고구마튀김,고구마튀김,튀김류,166.5ml,193,29.37,2.7,15.0,244.0,0.51,16.55,0.29,1.9,,,,,0.41,13.0,0.502,60.63,,4.29,0.09,0.89
고구마튀김,고구마튀김,튀김류,80ml,233,31.33,1.48,17.0,234.0,0.38,,,1.8,,,,,,3.0,0.46199999999999997,56.31,,4.21,0.03,
고구마튀김,고구마튀김,튀김류,65.5ml,182,32.12,1.9,11.0,240.0,0.36,16.49,0.19,2.0,,,,,0.31,2.0,0.489,57.04,,4.37,0.0,0.65
고구마튀김,고구마튀김,튀김류,166.5ml,193,29.37,2.7,15.0,244.0,0.51,16.55,0.29,1.9,,,,,0.41,13.0,0.502,60.63,,4.29,0.09,0.89
고기만두,고기만두,면 및 만두류,315ml,105,13.15,6.6,17.0,113.0,0.81,23.3,0.51,1.4,,,,,0.08,2.0,0.878,17.46,,1.47,0.04,0.31
고기만두,고기만두,면 및 만두류,215.5ml,96,13.59,5.4,17.0,92.0,0.49,24.77,0.44,1.2,,,,,0.09,1.0,0.523,12.89,,0.84,0.02,0.26
고기만두,고기만두,면 및 만두류,215.5ml,99,14.13,6.1,14.0,104.0,0.44,22.34,0.46,1.1,,,,,0.07,1.0,0.683,11.09,,0.74,0.03,0.24
고기만두,고기만두,면 및 만두류,382ml,114,16.96,5.9,22.0,105.0,0.84,25.33,0.47,1.3,,,,,0.08,1.0,0.6779999999999999,14.03,,1.01,0.03,0.28
고들빼기김치,고들빼기김치,김치류,50g,71,11.52,3.0,69.0,257.0,2.24,40.46,0.44,5.0,2201.98,166.58,4.94,6.14,,95.0,1.0,17.08,0.24,0.96,0.0,
고들빼기김치,고들빼기김치,김치류,50g,111,21.87,3.16,51.0,251.0,0.0,34.02,0.44,5.7,-,190.38,27.16,0.0,,170.0,1.274,0.0,0.0,0.0,,
고들빼기김치,고들빼기김치,김치류,,68,12.58,2.84,46.0,221.0,2.78,,,3.9,,,,,,182.0,0.9680000000000001,,,1.12,0.0,
고등어구이_석쇠,고등어구이,생선구이류,200g,340,3.79,23.38,102.0,330.0,1.85,39.87,0.94,2.4,19341,1609.49,559.93,142.76,,23.0,13.83,6.89,12.34,2.41,3.74,
고등어구이,고등어구이,생선구이류,170ml,142,2.69,9.51,14.0,146.0,0.65,,,0.0,,,,,,6.0,4.098,12.41,,1.7,3.16,
고등어구이_기름,고등어구이,생선구이류,170ml,144,2.69,9.5,14.0,146.0,0.65,17.78,0.32,0.0,,,,,2.26,6.0,4.098,12.41,,1.7,3.16,0.45
고등어구이,고등어구이,생선구이류,60ml,202,6.25,13.37,22.0,206.0,0.86,,,0.1,,,,,,7.0,5.735,19.52,,3.07,5.24,
고등어구이_기름,고등어구이,생선구이류,60ml,206,6.25,13.4,22.0,206.0,0.86,25.04,0.51,0.1,,,,,3.55,7.0,5.734,19.53,,3.07,5.24,0.46
고등어구이_카레,고등어구이,생선구이류,50ml,194,6.35,13.9,22.0,227.0,1.17,22.29,0.36,0.2,,,,,1.86,15.0,5.853999999999999,15.02,,0.69,2.42,0.69
고등어구이,고등어구이,생선구이류,90ml,176,3.9,12.28,18.0,189.0,0.9,,,0.1,,,,,,9.0,5.3229999999999995,14.66,,1.74,3.86,
고등어구이_기름,고등어구이,생선구이류,90ml,177,3.9,12.3,18.0,189.0,0.89,20.7,0.39,0.1,,,,,2.65,9.0,5.3229999999999995,14.67,,1.74,3.86,0.54
고등어구이_카레,고등어구이,생선구이류,50ml,190,6.42,14.0,22.0,227.0,1.26,22.29,0.36,0.3,,,,,1.87,15.0,5.821999999999999,14.12,,0.69,2.42,0.69
고등어구이,고등어구이,생선구이류,130ml,179,3.6,12.71,18.0,195.0,0.92,,,0.1,,,,,,10.0,5.444,15.13,,1.7,3.55,
고등어구이_기름,고등어구이,생선구이류,130ml,182,3.6,12.7,18.0,195.0,0.92,21.3,0.38,0.1,,,,,2.58,10.0,5.444,15.13,,1.7,3.55,0.58
고등어구이_카레,고등어구이,생선구이류,50ml,194,6.35,13.9,22.0,227.0,1.17,22.29,0.36,0.2,,,,,1.86,15.0,5.853999999999999,15.02,,0.69,2.42,0.69
고등어조림,고등어조림,조림류,100g,141,4.1,11.25,49.0,346.0,0.81,28.11,0.53,2.5,10529.75,820.75,264.83,111.85,,28.0,9.59,27.99,3.5,1.75,0.76,
고등어조림,고등어조림,조림류,100g,108,4.9,8.36,61.0,273.0,0.71,,,1.1,,,,,,,3.794,,,0.0,1.62,
고등어조림_무,고등어조림,조림류,95ml,94,5.02,8.4,20.0,260.0,0.83,20.39,0.4,1.1,,,,,1.0,20.0,3.697,20.42,,3.08,1.52,0.6
고등어조림_배추김치,고등어조림,조림류,430ml,75,4.32,6.5,34.0,238.0,0.77,,,1.9,,,,,,22.0,2.802,29.93,,3.66,1.28,
고등어조림_모듬채소,고등어조림,조림류,80ml,60,3.42,5.1,16.0,176.0,0.48,13.94,0.27,0.9,,,,,0.77,11.0,2.162,16.13,,2.73,1.19,0.27
고등어조림,고등어조림,조림류,85.4ml,114,6.06,10.2,20.0,261.0,0.92,20.44,0.39,0.8,,,,,1.14,19.0,4.4479999999999995,21.35,,4.64,1.74,0.39
고등어조림_무,고등어조림,조림류,95ml,94,5.02,8.4,20.0,260.0,0.83,20.39,0.4,1.1,,,,,1.0,20.0,3.697,20.42,,3.08,1.52,0.6
고등어조림_배추김치,고등어조림,조림류,110ml,104,5.8,7.92,32.0,241.0,0.85,,,1.5,,,,,,23.0,3.41,26.08,,3.05,1.33,
고등어조림,고등어조림,조림류,85.4ml,114,6.06,10.2,20.0,261.0,0.92,20.44,0.39,0.8,,,,,1.14,19.0,4.4479999999999995,21.35,,4.64,1.74,0.39
고등어조림_무,고등어조림,조림류,95ml,94,5.02,8.4,20.0,260.0,0.83,20.39,0.4,1.1,,,,,1.0,20.0,3.697,20.42,,3.08,1.52,0.6
고등어조림_배추김치,고등어조림,조림류,150ml,82,5.61,6.97,30.0,233.0,0.89,,,1.6,,,,,,23.0,3.017,25.56,,3.9,1.25,
고등어조림_무,고등어조림,조림류,95ml,94,5.02,8.4,20.0,260.0,0.83,20.39,0.4,1.1,,,,,1.0,20.0,3.697,20.42,,3.08,1.52,0.6
고등어조림_배추김치,고등어조림,조림류,210ml,105,5.73,9.61,36.0,299.0,1.06,,,2.1,,,,,,34.0,4.196,33.21,,3.39,1.73,
고등어찌개,고등어찌개,찌개 및 전골류,600g,100,4.27,8.15,44.0,253.0,0.0,23.36,0.47,2.6,-,545.45,164.69,35.58,,23.0,3.977,12.45,2.78,0.0,,
고등어찌개,고등어찌개,찌개 및 전골류,451.8ml,38,2.02,3.5,10.0,112.0,0.35,9.93,0.16,0.5,,,,,0.38,16.0,1.506,10.32,,1.49,0.58,0.21
고등어찌개,고등어찌개,찌개 및 전골류,451.8ml,38,2.02,3.5,10.0,112.0,0.35,9.93,0.16,0.5,,,,,0.38,16.0,1.506,10.32,,1.49,0.58,0.21
고등어찜,고등어찜,찜류,191ml,92,3.21,8.6,33.0,254.0,0.95,23.74,0.4,1.4,,,,,0.91,34.0,3.6479999999999997,26.08,,2.66,1.36,0.6
고등어찜,고등어찜,찜류,191ml,92,3.21,8.6,33.0,254.0,0.95,23.74,0.4,1.4,,,,,0.91,34.0,3.6479999999999997,26.08,,2.66,1.36,0.6
고등어튀김,고등어튀김,튀김류,100ml,126,2.29,6.2,10.0,97.0,0.46,10.62,0.19,0.1,,,,,1.48,5.0,2.652,7.36,,0.82,1.68,0.65
고등어튀김,고등어튀김,튀김류,70.5ml,219,8.99,13.5,21.0,200.0,1.12,20.77,0.4,0.3,,,,,1.85,23.0,5.1290000000000004,18.45,,0.59,2.24,0.98
고등어튀김,고등어튀김,튀김류,100ml,126,2.29,6.2,10.0,97.0,0.46,10.62,0.19,0.1,,,,,1.48,5.0,2.652,7.36,,0.82,1.68,0.65
고디국(다슬기맑은국),고디국(다슬기맑은국),국 및 탕류,300ml,17,1.58,1.4,87.0,45.0,0.57,13.41,0.51,0.9,,,,,0.39,14.0,0.386,9.95,,2.35,0.0,0.19
고디국(다슬기맑은국),고디국(다슬기맑은국),국 및 탕류,300ml,17,1.58,1.4,87.0,45.0,0.57,13.41,0.51,0.9,,,,,0.39,14.0,0.386,9.95,,2.35,0.0,0.19
고디국(다슬기맑은국),고디국(다슬기맑은국),국 및 탕류,300ml,17,1.57,1.4,87.0,45.0,0.55,13.4,0.51,0.9,,,,,0.39,14.0,0.384,9.9,,2.36,0.0,0.19
고사리나물,고사리나물,나물·숙채류,60ml,34,3.57,2.7,18.0,188.0,0.53,22.42,0.81,2.5,,,,,0.51,35.0,0.528,119.94,,7.3,0.0,0.53
고사리나물,고사리나물,나물·숙채류,79.7ml,43,2.08,1.6,11.0,153.0,0.46,15.72,0.35,1.6,,,,,0.17,11.0,0.387,27.2,,1.23,0.0,0.35
고사리나물,고사리나물,나물·숙채류,79.7ml,43,2.08,1.6,11.0,153.0,0.46,15.72,0.35,1.6,,,,,0.17,11.0,0.387,27.2,,1.23,0.0,0.35
고사리나물,고사리나물,나물·숙채류,82.4ml,56,4.89,3.7,24.0,366.0,1.05,41.07,0.8,3.7,,,,,0.14,26.0,0.891,61.99,,2.87,0.0,0.37
고사리나물무침,고사리나물무침,나물·숙채류,50g,90,6.28,3.78,70.0,90.0,1.16,35.86,0.76,5.6,3170.34,296.28,44.62,0.0,,3.0,0.12,10.24,0.0,0.0,0.0,
고추잡채,고추잡채,볶음류,400ml,67,4.21,4.18,13.0,150.0,0.44,,,1.4,,,,,,12.0,1.017,15.58,,8.52,0.05,
고추잡채,고추잡채,볶음류,170ml,91,5.09,9.69,9.0,234.0,0.54,,,0.9,,,,,,22.0,2.2800000000000002,11.16,,8.16,0.14,
고추잡채,고추잡채,볶음류,400ml,69,4.27,4.2,12.0,152.0,0.44,11.04,0.49,1.6,,,,,0.16,12.0,1.1179999999999999,15.62,,8.54,0.06,0.44
고추잡채_간편조리세트_고추잡채 꽃빵키트,고추잡채,볶음류,556g,168,22.5,6.76,31.0,204.0,0.42,,,1.7,,,,,,,1.384,,,5.63,0.0,
고추장볶음,고추장볶음,볶음류,20ml,235,43.37,8.96,25.0,418.0,1.39,,,3.7,,,,,,182.0,2.416,10.82,,1.01,0.01,
고추장볶음,고추장볶음,볶음류,24.5ml,376,33.35,9.1,28.0,377.0,1.62,44.02,2.25,3.4,,,,,0.87,189.0,2.148,10.62,,0.67,0.0,2.86
고추장볶음,고추장볶음,볶음류,54.6ml,396,34.64,9.5,29.0,398.0,1.68,45.99,2.35,3.6,,,,,0.91,197.0,2.233,11.12,,0.59,0.0,2.99
고추장아찌,고추장아찌,장아찌·절임류,100g,124,31.49,2.39,16.0,209.0,1.1,,,4.8,,,,,,24.0,0.435,,,11.8,0.0,
고추장아찌 무침,고추장아찌 무침,채소무침류,37.6ml,62,13.91,1.5,11.0,175.0,0.59,17.39,0.23,3.1,,,,,0.03,30.0,0.5780000000000001,11.75,,4.25,0.0,1.41
고추장찌개_두부,고추장찌개,찌개 및 전골류,400ml,56,4.17,5.26,17.0,157.0,0.5,,,1.3,,,,,,12.0,1.08,11.04,,1.68,0.08,
고추장찌개_두부,고추장찌개,찌개 및 전골류,170ml,49,6.96,3.19,18.0,208.0,0.55,,,1.8,,,,,,19.0,0.9750000000000001,12.96,,3.07,0.01,
고추전,고추전,전·적 및 부침류,150g,183,11.34,8.61,44.0,207.0,0.0,20.73,0.85,5.0,-,631.34,144.9,0.0,,46.0,1.092,0.0,0.0,6.58,,
고추전,고추전,전·적 및 부침류,104.6ml,234,15.71,12.0,47.0,392.0,2.02,37.1,2.07,4.5,,,,,0.57,48.0,2.581,47.84,,14.2,0.43,1.36
고추조림,고추조림,조림류,100g,111,13.4,3.3,46.0,291.0,0.0,30.15,0.45,4.0,-,208.85,29.71,0.01,,31.0,0.6000000000000001,19.56,0.28,6.07,,
고추조림,고추조림,조림류,80ml,40,6.89,1.9,11.0,181.0,0.43,16.93,0.22,2.0,,,,,0.15,17.0,0.657,32.48,,22.46,0.0,0.16
고추조림_멸치,고추조림,조림류,80ml,57,4.69,7.08,257.0,201.0,1.44,,,1.2,,,,,,15.0,0.712,38.49,,16.46,0.81,
고추조림,고추조림,조림류,80ml,40,6.89,1.9,11.0,181.0,0.43,16.93,0.22,2.0,,,,,0.15,17.0,0.657,32.48,,22.46,0.0,0.16
고추조림_멸치,고추조림,조림류,80ml,34,5.01,3.1,103.0,143.0,0.73,24.37,0.32,1.3,,,,,0.09,12.0,0.531,22.79,,13.98,0.17,0.08
고추튀김,고추튀김,튀김류,100g,202,14.6,7.6,43.0,197.0,0.0,20.88,0.77,2.2,-,547.55,127.85,0.01,,27.0,1.2,22.13,0.19,3.28,,
고추튀김,고추튀김,튀김류,65.5ml,218,26.51,5.9,20.0,179.0,0.75,18.35,0.45,2.8,,,,,0.53,36.0,0.54,25.19,,20.18,0.16,1.18
고추튀김,고추튀김,튀김류,44.9ml,177,21.78,4.7,16.0,145.0,0.59,14.84,0.36,2.3,,,,,0.44,31.0,0.46299999999999997,23.37,,16.29,0.22,0.95
고추튀김,고추튀김,튀김류,65.5ml,218,26.51,5.9,20.0,179.0,0.75,18.35,0.45,2.8,,,,,0.53,36.0,0.54,25.19,,20.18,0.16,1.18
고춧가루 양념장,고춧가루 양념장,"장류, 양념류",115ml,140,14.39,5.9,85.0,449.0,2.17,56.77,0.94,4.9,,,,,0.07,57.0,2.005,39.46,,1.44,0.0,2.75
고춧가루 양념장,고춧가루 양념장,"장류, 양념류",115ml,140,14.39,5.9,85.0,449.0,2.17,56.77,0.94,4.9,,,,,0.07,57.0,2.005,39.46,,1.44,0.0,2.75
고춧가루 양념장,고춧가루 양념장,"장류, 양념류",115ml,140,14.39,5.9,85.0,449.0,2.17,56.77,0.94,4.9,,,,,0.07,57.0,2.005,39.46,,1.44,0.0,2.75
고춧가루 양념장,고춧가루 양념장,"장류, 양념류",115ml,140,14.39,5.9,85.0,449.0,2.17,56.77,0.94,4.9,,,,,0.07,57.0,2.005,39.46,,1.44,0.0,2.75
고춧잎나물,고춧잎나물,나물·숙채류,60ml,30,3.33,2.1,129.0,212.0,1.53,41.42,0.66,1.1,,,,,0.28,141.0,0.829,36.18,,7.86,0.0,0.72
고춧잎나물,고춧잎나물,나물·숙채류,34.6ml,101,12.51,6.9,408.0,730.0,4.98,128.19,2.16,4.1,,,,,0.1,467.0,2.9080000000000004,118.23,,25.54,0.0,2.74
고춧잎나물,고춧잎나물,나물·숙채류,34.6ml,101,12.59,6.9,410.0,728.0,4.96,128.29,2.17,4.1,,,,,0.1,466.0,2.935,118.42,,25.5,0.0,2.74
고춧잎나물,고춧잎나물,나물·숙채류,70ml,41,7.13,3.8,266.0,437.0,3.16,78.9,1.33,2.2,,,,,0.05,315.0,1.67,74.84,,17.2,0.0,1.46
고춧잎나물무침,고춧잎나물무침,나물·숙채류,90g,88,7.14,4.41,204.0,397.0,1.27,69.99,0.61,5.4,4390.01,389.37,48.96,3.13,,300.0,1.567,47.59,0.0,0.0,0.0,
곤드레나물밥,곤드레나물밥,밥류,350g,149,28.26,2.94,42.0,31.0,0.0,7.75,0.51,2.9,-,226.15,50.72,2.89,,99.0,0.029,9.39,0.0,0.0,,
곤드레밥,곤드레밥,밥류,500ml,124,26.8,2.2,7.0,23.0,0.26,27.22,0.51,4.4,,,,,0.37,2.0,0.362,64.28,,0.19,0.0,0.44
곤드레밥,곤드레밥,밥류,500ml,124,26.8,2.2,7.0,23.0,0.26,27.22,0.51,4.4,,,,,0.37,2.0,0.362,64.28,,0.19,0.0,0.44
곤드레밥_양념장,곤드레밥,밥류,300ml,87,17.09,2.09,5.0,67.0,0.46,,,1.3,,,,,,7.0,0.532,18.08,,0.33,0.0,
곤드레밥,곤드레밥,밥류,500ml,124,26.8,2.2,7.0,23.0,0.26,27.22,0.51,4.4,,,,,0.37,2.0,0.362,64.28,,0.19,0.0,0.44
곤드레밥,곤드레밥,밥류,500ml,124,26.8,2.2,7.0,23.0,0.26,27.22,0.51,4.4,,,,,0.37,2.0,0.362,64.28,,0.19,0.0,0.44
곤약무침_마요네즈,곤약무침,채소무침류,75ml,83,3.62,0.7,46.0,33.0,0.26,,,1.4,,,,,,11.0,0.13,2.47,,1.61,0.0,
곤약조림,곤약조림,조림류,122.9ml,31,5.19,0.8,63.0,43.0,0.25,8.5,0.14,2.1,,,,,0.01,0.0,0.29500000000000004,3.77,,0.16,0.0,0.11
곤약조림,곤약조림,조림류,95.8ml,43,7.17,1.1,88.0,60.0,0.35,11.88,0.2,3.0,,,,,0.01,0.0,0.41200000000000003,5.16,,0.2,0.0,0.15
곤약조림,곤약조림,조림류,95.8ml,43,7.17,1.1,88.0,58.0,0.35,11.88,0.2,2.9,,,,,0.01,0.0,0.41500000000000004,5.16,,0.23,0.0,0.15
곤약조림,곤약조림,조림류,122.9ml,31,5.19,0.8,63.0,43.0,0.25,8.5,0.14,2.1,,,,,0.01,0.0,0.29500000000000004,3.77,,0.16,0.0,0.11
골뱅이무침_소면,골뱅이무침,무침류,230g,109,18.91,5.01,22.0,99.0,0.49,18.57,0.44,1.7,4424.76,343.03,43.47,11.67,,13.0,0.026,4.67,0.0,0.0,0.0,
골뱅이무침,골뱅이무침,무침류,100g,109,15.69,7.08,38.0,224.0,0.01,0.0,0.0,3.7,-,0.0,0.0,0.0,,69.0,1.682,0.0,0.0,0.0,,
골뱅이무침_소면,골뱅이무침,무침류,300ml,102,13.91,8.4,25.0,185.0,0.61,26.58,0.67,1.4,,,,,0.07,43.0,0.89,12.8,,2.96,0.2,0.71
골뱅이무침,골뱅이무침,무침류,47.2ml,118,10.06,17.2,52.0,298.0,0.98,46.49,1.13,1.4,,,,,0.16,71.0,1.847,16.16,,3.76,0.72,0.88
골뱅이무침_채소,골뱅이무침,무침류,70ml,60,9.16,5.06,23.0,140.0,0.51,,,1.3,,,,,,42.0,0.507,9.74,,3.07,0.16,
골뱅이무침_채소_소면,골뱅이무침,무침류,100ml,87,15.19,5.01,19.0,118.0,0.46,,,1.2,,,,,,32.0,0.419,8.23,,2.6,0.26,
골뱅이무침,골뱅이무침,무침류,47.2ml,118,10.06,17.2,52.0,298.0,0.98,46.49,1.13,1.4,,,,,0.16,71.0,1.847,16.16,,3.76,0.72,0.88
골뱅이무침_채소,골뱅이무침,무침류,120ml,59,8.23,5.54,22.0,135.0,0.51,,,1.2,,,,,,42.0,0.46599999999999997,7.56,,3.35,0.25,
골뱅이무침_채소,골뱅이무침,무침류,150ml,69,10.29,5.98,28.0,182.0,0.61,,,1.7,,,,,,48.0,0.593,10.76,,5.65,0.4,
곰치국,곰치국,국 및 탕류,1000g,42,2.39,5.43,71.0,135.0,0.0,17.62,0.42,1.9,-,350.95,123.2,19.56,,152.0,0.206,7.96,0.0,0.2,,
곰탕,곰탕,국 및 탕류,600g,24,0.11,3.43,7.0,35.0,0.45,3.03,0.43,1.1,1857.23,164.64,7.6,8.22,,1.0,1.2149999999999999,6.52,0.31,2.75,0.0,
곰탕_우거지,곰탕,국 및 탕류,350g,25,2.6,2.37,17.0,71.0,0.38,10.28,0.45,1.1,1565.84,125.5,2.39,0.77,,19.0,0.224,2.13,0.09,0.0,0.0,
곰탕,곰탕,국 및 탕류,300g,61,6.03,6.47,5.0,70.0,0.0,11.2,1.65,0.7,-,511.35,151.57,6.28,,1.0,0.7070000000000001,4.62,0.0,0.0,,
곰탕,곰탕,국 및 탕류,645ml,32,2.11,1.9,3.0,46.0,0.21,2.99,0.47,0.2,,,,,0.0,1.0,0.257,2.96,,0.67,0.0,0.02
곰탕,곰탕,국 및 탕류,186.3ml,65,6.53,3.4,6.0,79.0,0.36,5.64,0.74,0.3,,,,,0.01,2.0,0.408,5.48,,0.94,0.0,0.03
곰탕,곰탕,국 및 탕류,186.3ml,68,6.95,3.5,5.0,74.0,0.37,5.69,0.74,0.3,,,,,0.01,2.0,0.421,4.95,,0.99,0.0,0.03
곰탕,곰탕,국 및 탕류,195.3ml,140,12.67,7.5,10.0,154.0,0.8,11.73,1.64,0.6,,,,,0.01,4.0,0.928,9.26,,1.82,0.0,0.07
곱창구이_소고기,곱창구이,육류 및 채소구이류,150g,184,4.71,14.89,29.0,272.0,1.51,23.18,1.95,2.1,14101.2,1052.95,246.2,23.79,,20.0,11.443,63.78,9.91,0.19,0.0,
곱창볶음_돼지고기,곱창볶음,볶음류,230g,130,18.52,7.23,36.0,170.0,1.76,21.28,0.98,3.4,6923.88,571.98,86.33,12.27,,46.0,2.0100000000000002,23.72,0.14,0.49,0.0,
곱창볶음_돼지껍데기,곱창볶음,볶음류,150g,235,16.33,17.2,19.0,155.0,0.0,16.49,0.33,2.0,-,630.95,138.45,22.29,,37.0,0.313,15.31,,0.0,,
곱창볶음_돼지고기,곱창볶음,볶음류,109.3ml,182,13.81,9.7,31.0,297.0,0.96,26.67,1.06,2.4,,,,,0.23,48.0,1.522,13.57,,6.96,0.05,1.06
곱창전골_간편조리세트_대한곱창 곱창전골,곱창전골,찌개 및 전골류,1295g,140,8.65,5.79,32.0,124.0,0.77,,,3.8,,,,,,,0.404,,,0.26,0.0,
곱창전골_소고기,곱창전골,찌개 및 전골류,600g,88,4.87,6.93,25.0,121.0,0.0,15.48,0.8,2.2,-,468.06,101.18,10.57,,44.0,1.207,17.35,,0.72,,
곱창전골,곱창전골,찌개 및 전골류,570ml,47,2.66,3.57,12.0,104.0,0.98,,,1.0,,,,,,19.0,0.886,15.07,,1.23,0.01,
곱창전골_간편조리세트_소곱창순대전골,곱창전골,찌개 및 전골류,1316g,75,8.36,3.95,28.0,89.0,0.44,,,1.8,,,,,,,0.994,,,1.25,0.0,
과일_하루 한 컵 RED,과일,과일류,150g,43,,0.47,,,,,,,,,,,,,0.0,,,,,
과일샐러드,과일샐러드,샐러드류,150ml,75,6.74,0.38,6.0,74.0,0.12,,,1.1,,,,,,8.0,0.222,5.39,,3.82,0.0,
과일샐러드,과일샐러드,샐러드류,110ml,65,7.84,0.53,10.0,87.0,0.15,,,1.3,,,,,,8.0,0.269,8.46,,6.9,0.0,
과일샐러드,과일샐러드,샐러드류,70ml,102,11.19,0.9,14.0,141.0,0.2,10.28,0.16,1.8,,,,,0.42,8.0,0.396,12.57,,10.35,0.0,0.79
과일샐러드,과일샐러드,샐러드류,135.7ml,108,15.1,0.5,8.0,145.0,0.23,8.88,0.1,2.4,,,,,0.37,4.0,0.388,10.43,,5.72,0.0,0.71
과ㆍ채주스_망고 주스,과ㆍ채주스,음료 및 차류,651g,27,,0.15,,,,,,,,,,,,,0.0,,,,,
과ㆍ채주스_망고 주스,과ㆍ채주스,음료 및 차류,473g,27,,0.0,,,,,,,,,,,,,0.0,,,,,
과ㆍ채주스_자몽 주스,과ㆍ채주스,음료 및 차류,651g,13,,0.15,,,,,,,,,,,,,0.0,,,,,
과ㆍ채주스_자몽 주스,과ㆍ채주스,음료 및 차류,473g,14,,0.21,,,,,,,,,,,,,0.0,,,,,
과ㆍ채주스_딸기 주스,과ㆍ채주스,음료 및 차류,946g,35,4.23,0.0,,,,,,,,,,,,,0.0,,,,,
과ㆍ채주스_딸기 주스,과ㆍ채주스,음료 및 차류,710g,39,4.65,0.0,,,,,,,,,,,,,0.0,,,,,
과ㆍ채주스_망고 주스,과ㆍ채주스,음료 및 차류,946g,35,4.23,0.0,,,,,,,,,,,,,0.0,,,,,
과ㆍ채주스_망고 주스,과ㆍ채주스,음료 및 차류,710g,39,4.65,0.0,,,,,,,,,,,,,0.0,,,,,
과ㆍ채주스_블루베리 주스,과ㆍ채주스,음료 및 차류,946g,32,2.64,0.0,,,,,,,,,,,,,0.0,,,,,
과ㆍ채주스_블루베리 주스,과ㆍ채주스,음료 및 차류,710g,35,2.96,0.0,,,,,,,,,,,,,0.0,,,,,
과ㆍ채주스_수박 주스,과ㆍ채주스,음료 및 차류,946g,25,2.75,0.21,,,,,,,,,,,,,0.0,,,,,
과ㆍ채주스_수박 주스,과ㆍ채주스,음료 및 차류,710g,24,2.39,0.14,,,,,,,,,,,,,0.0,,,,,
과ㆍ채주스_오렌지 주스,과ㆍ채주스,음료 및 차류,946g,41,4.86,0.32,,,,,,,,,,,,,0.0,,,,,
과ㆍ채주스_오렌지 주스,과ㆍ채주스,음료 및 차류,710g,45,5.49,0.28,,,,,,,,,,,,,0.0,,,,,
과ㆍ채주스_자몽 주스,과ㆍ채주스,음료 및 차류,946g,34,,0.21,,,,,,,,,,,,,0.0,,,,,
과ㆍ채주스_자몽 주스,과ㆍ채주스,음료 및 차류,710g,37,,0.28,,,,,,,,,,,,,0.0,,,,,
과ㆍ채주스_청포도 주스,과ㆍ채주스,음료 및 차류,946g,30,4.23,0.11,,,,,,,,,,,,,0.0,,,,,
과ㆍ채주스_청포도 주스,과ㆍ채주스,음료 및 차류,710g,28,3.8,0.14,,,,,,,,,,,,,0.0,,,,,
과ㆍ채주스_키위 주스,과ㆍ채주스,음료 및 차류,946g,32,4.86,0.32,,,,,,,,,,,,,0.0,,,,,
과ㆍ채주스_키위 주스,과ㆍ채주스,음료 및 차류,710g,30,4.37,0.28,,,,,,,,,,,,,0.0,,,,,
과ㆍ채주스_홍시 주스,과ㆍ채주스,음료 및 차류,946g,35,3.49,0.11,,,,,,,,,,,,,0.0,,,,,
과ㆍ채주스_홍시 주스,과ㆍ채주스,음료 및 차류,710g,39,3.8,0.14,,,,,,,,,,,,,0.0,,,,,
과ㆍ채주스_리얼 사과 주스,과ㆍ채주스,음료 및 차류,460g,46,11.3,0.0,,,,,,,,,,,,,0.0,,,,,
과ㆍ채주스_리얼 캐롯플 주스,과ㆍ채주스,음료 및 차류,460g,40,9.78,0.22,,,,,,,,,,,,,0.0,,,,,
과ㆍ채주스_리얼 토마토 주스,과ㆍ채주스,음료 및 차류,370g,42,10.27,0.54,,,,,,,,,,,,,0.0,,,,,
과ㆍ채주스_딸기 생과일주스,과ㆍ채주스,음료 및 차류,360g,42,,0.56,,,,,,,,,,,,,0.0,,,,,
과ㆍ채주스_리얼 수박 주스,과ㆍ채주스,음료 및 차류,600g,18,,0.46,,,,,,,,,,,,,0.0,,,,,
과ㆍ채주스_리얼 홍시 주스,과ㆍ채주스,음료 및 차류,360g,116,,0.14,,,,,,,,,,,,,0.0,,,,,
과ㆍ채주스_바나나 생과일 주스,과ㆍ채주스,음료 및 차류,360g,59,,1.11,,,,,,,,,,,,,0.0,,,,,
과ㆍ채주스_애플망고 주스,과ㆍ채주스,음료 및 차류,480g,34,,0.19,,,,,,,,,,,,,0.0,,,,,
과ㆍ채주스_키위 생과일 주스,과ㆍ채주스,음료 및 차류,360g,53,,0.28,,,,,,,,,,,,,0.0,,,,,
과ㆍ채주스_토마토 생과일 주스,과ㆍ채주스,음료 및 차류,360g,22,,0.28,,,,,,,,,,,,,0.0,,,,,
과ㆍ채주스_골드키위 주스,과ㆍ채주스,음료 및 차류,414g,58,,0.18,,,,,,,,,,,,,0.0,,,,,
과ㆍ채주스_딸기 주스,과ㆍ채주스,음료 및 차류,414g,63,,0.42,,,,,,,,,,,,,0.0,,,,,
과ㆍ채주스_생과일 수박 주스,과ㆍ채주스,음료 및 차류,414g,33,,0.48,,,,,,,,,,,,,0.0,,,,,
과ㆍ채주스_생과일 토마토 주스,과ㆍ채주스,음료 및 차류,414g,31,,0.48,,,,,,,,,,,,,0.0,,,,,
과ㆍ채주스_홍시 주스,과ㆍ채주스,음료 및 차류,414g,57,,0.12,,,,,,,,,,,,,0.0,,,,,
과ㆍ채주스_바나나 주스,과ㆍ채주스,음료 및 차류,100g,61,,1.78,,,,,,,,,,,,,0.0,,,,,
과ㆍ채주스_키위 주스,과ㆍ채주스,음료 및 차류,100g,32,,0.52,,,,,,,,,,,,,0.0,,,,,
과ㆍ채주스_토마토 주스,과ㆍ채주스,음료 및 차류,100g,21,,0.61,,,,,,,,,,,,,0.0,,,,,
과ㆍ채주스_딸기 주스,과ㆍ채주스,음료 및 차류,473g,43,,0.47,,,,,,,,,,,,,0.0,,,,,
과ㆍ채주스_베리&바나나 주스,과ㆍ채주스,음료 및 차류,473g,41,,0.72,,,,,,,,,,,,,0.0,,,,,
과ㆍ채주스_키위 주스,과ㆍ채주스,음료 및 차류,473g,55,,0.21,,,,,,,,,,,,,0.0,,,,,
과ㆍ채주스_토마토 주스,과ㆍ채주스,음료 및 차류,473g,24,,0.7,,,,,,,,,,,,,0.0,,,,,
과ㆍ채주스_딸기 주스,과ㆍ채주스,음료 및 차류,420g,36,,0.48,,,,,,,,,,,,,0.0,,,,,
과ㆍ채주스_망고 주스,과ㆍ채주스,음료 및 차류,420g,56,,1.79,,,,,,,,,,,,,0.0,,,,,
과ㆍ채주스_키위 주스,과ㆍ채주스,음료 및 차류,420g,35,,0.0,,,,,,,,,,,,,0.0,,,,,
과ㆍ채주스_오렌지 주스,과ㆍ채주스,음료 및 차류,360g,34,,0.56,,,,,,,,,,,,,0.0,,,,,
과ㆍ채주스_자몽 주스,과ㆍ채주스,음료 및 차류,360g,33,,0.56,,,,,,,,,,,,,0.0,,,,,
과ㆍ채주스_키위 주스,과ㆍ채주스,음료 및 차류,360g,43,,0.28,,,,,,,,,,,,,0.0,,,,,
과ㆍ채주스_홍시 주스,과ㆍ채주스,음료 및 차류,360g,46,,0.14,,,,,,,,,,,,,0.0,,,,,
과ㆍ채주스_딸기바나나,과ㆍ채주스,음료 및 차류,100g,59,11.4,1.01,,,,,,,,,,,,,0.0,,,,,
과ㆍ채주스_딸기 주스,과ㆍ채주스,음료 및 차류,100g,51,12.54,0.1,,,,,,,,,,,,,0.0,,,,,
과ㆍ채주스_망고바나나,과ㆍ채주스,음료 및 차류,100g,67,13.6,1.06,,,,,,,,,,,,,0.0,,,,,
과ㆍ채주스_망고 주스,과ㆍ채주스,음료 및 차류,100g,29,6.46,0.09,,,,,,,,,,,,,0.0,,,,,
과ㆍ채주스_초코바나나,과ㆍ채주스,음료 및 차류,100g,63,11.4,1.45,,,,,,,,,,,,,0.0,,,,,
과ㆍ채주스_딸기 주스,과ㆍ채주스,음료 및 차류,400g,54,,0.35,,,,,,,,,,,,,0.0,,,,,
과ㆍ채주스_망고 주스,과ㆍ채주스,음료 및 차류,400g,56,,0.2,,,,,,,,,,,,,0.0,,,,,
과ㆍ채주스_자몽 주스,과ㆍ채주스,음료 및 차류,400g,26,,0.13,,,,,,,,,,,,,0.0,,,,,
과ㆍ채주스_키위 주스,과ㆍ채주스,음료 및 차류,400g,92,,0.35,,,,,,,,,,,,,0.0,,,,,
과ㆍ채주스_한라봉 주스,과ㆍ채주스,음료 및 차류,400g,45,,0.08,,,,,,,,,,,,,0.0,,,,,
과ㆍ채주스_깔라망코 주스,과ㆍ채주스,음료 및 차류,590g,41,,0.03,,,,,,,,,,,,,0.0,,,,,
과ㆍ채주스_깔라망코 주스,과ㆍ채주스,음료 및 차류,410g,42,,0.05,,,,,,,,,,,,,0.0,,,,,
과ㆍ채주스_딸기 주스,과ㆍ채주스,음료 및 차류,515g,50,,0.33,,,,,,,,,,,,,0.0,,,,,
과ㆍ채주스_딸기 주스,과ㆍ채주스,음료 및 차류,360g,47,,0.31,,,,,,,,,,,,,0.0,,,,,
과ㆍ채주스_바나나 주스,과ㆍ채주스,음료 및 차류,575g,73,,1.29,,,,,,,,,,,,,0.0,,,,,
과ㆍ채주스_바나나 주스,과ㆍ채주스,음료 및 차류,390g,70,,1.21,,,,,,,,,,,,,0.0,,,,,
과ㆍ채주스_오렌지 주스,과ㆍ채주스,음료 및 차류,575g,49,,0.68,,,,,,,,,,,,,0.0,,,,,
과ㆍ채주스_오렌지 주스,과ㆍ채주스,음료 및 차류,370g,46,,0.65,,,,,,,,,,,,,0.0,,,,,
과ㆍ채주스_오리지널 깔라만시,과ㆍ채주스,음료 및 차류,590g,24,,0.07,,,,,,,,,,,,,0.0,,,,,
과ㆍ채주스_오리지널 깔라만시,과ㆍ채주스,음료 및 차류,415g,23,,0.05,,,,,,,,,,,,,0.0,,,,,
과ㆍ채주스_키위 쥬스,과ㆍ채주스,음료 및 차류,590g,45,,0.58,,,,,,,,,,,,,0.0,,,,,
과ㆍ채주스_키위 쥬스,과ㆍ채주스,음료 및 차류,410g,43,,0.56,,,,,,,,,,,,,0.0,,,,,
과ㆍ채주스_토마토 쥬스,과ㆍ채주스,음료 및 차류,575g,27,,0.64,,,,,,,,,,,,,0.0,,,,,
과ㆍ채주스_토마토 쥬스,과ㆍ채주스,음료 및 차류,370g,27,,0.59,,,,,,,,,,,,,0.0,,,,,
과ㆍ채주스_당근,과ㆍ채주스,음료 및 차류,100g,29,6.88,0.36,16.0,94.0,0.11,,,1.2,,,,,,,0.23099999999999998,,,0.47,0.0,
과ㆍ채주스_딸기_바나나,과ㆍ채주스,음료 및 차류,100g,54,11.06,1.37,40.0,149.0,0.17,,,0.2,,,,,,,0.315,,,0.3,0.0,
과ㆍ채주스_사과_당근,과ㆍ채주스,음료 및 차류,100g,38,9.14,0.23,8.0,82.0,0.08,,,0.8,,,,,,,0.137,,,0.38,0.0,
과ㆍ채주스_해독주스_착즙형,과ㆍ채주스,음료 및 차류,100g,44,10.51,0.47,12.0,148.0,0.06,,,0.3,,,,,,,0.413,,,0.2,0.0,
과ㆍ채주스_혼합과일 주스,과ㆍ채주스,음료 및 차류,100g,59,13.19,0.77,20.0,122.0,0.03,,,0.7,,,,,,,0.20299999999999999,,,0.52,0.0,
광어 매운탕,광어 매운탕,찌개 및 전골류,600ml,63,2.94,8.9,40.0,259.0,0.65,27.89,0.55,1.1,,,,,0.27,9.0,0.377,21.6,,2.29,1.2,0.97
광어 매운탕,광어 매운탕,찌개 및 전골류,600ml,62,2.6,9.0,43.0,267.0,1.35,27.93,0.56,1.0,,,,,0.27,10.0,0.494,21.68,,1.99,1.2,0.97
국밥_돼지머리,국밥,밥류,900g,137,15.94,6.7,9.0,47.0,0.24,5.06,0.39,0.7,4709.09,306.81,40.5,3.25,,5.0,0.273,5.3,0.13,0.04,0.0,
국밥_순대국밥,국밥,밥류,900g,75,10.38,3.17,9.0,34.0,0.67,5.8,0.71,1.3,3845.25,314.96,21.08,4.39,,5.0,0.086,6.59,0.0,0.21,0.0,
국밥_콩나물,국밥,밥류,780g,52,10.93,1.45,6.0,42.0,0.18,5.45,0.36,1.2,1089.39,116.09,1.48,2.24,,2.0,0.33499999999999996,5.27,0.0,1.26,0.0,
국밥,국밥,밥류,800g,52,7.33,3.45,25.0,64.0,0.0,7.73,0.62,1.3,-,216.75,50.87,3.16,,19.0,0.5800000000000001,6.69,0.0,0.0,,
국밥_굴,국밥,밥류,650g,105,13.6,6.52,30.0,81.0,0.0,19.31,4.79,0.9,-,460.79,141.29,29.26,,29.0,0.5549999999999999,23.09,,0.0,,
국밥_돼지고기,국밥,밥류,1200g,76,6.23,5.53,11.0,70.0,0.0,5.14,0.64,1.0,-,366.69,104.08,4.62,,3.0,0.505,12.57,0.0,0.0,,
국밥_소고기,국밥,밥류,700g,47,6.09,3.11,13.0,104.0,0.0,11.14,0.64,1.1,-,199.84,50.53,4.49,,4.0,0.536,6.77,0.22,0.0,,
국수_막국수,국수,면 및 만두류,600g,133,23.9,5.8,17.0,135.0,1.02,19.47,1.15,1.7,4977.98,387.25,27.63,10.6,,30.0,0.952,15.43,0.0,2.13,0.0,
국수_비빔국수,국수,면 및 만두류,500g,102,20.47,3.01,20.0,112.0,0.53,12.06,0.92,1.4,2615.48,201.43,22.08,5.75,,17.0,0.046,13.74,0.0,2.33,0.0,
국수_잔치국수,국수,면 및 만두류,700g,44,8.05,1.93,8.0,38.0,1.44,3.47,1.32,0.8,1553.49,133.42,23.56,6.37,,4.0,0.986,16.28,0.08,2.18,0.0,
국수_쟁반막국수,국수,면 및 만두류,450g,119,12.81,6.68,26.0,245.0,1.0,31.46,1.32,4.5,6041.1,463.96,82.93,10.1,,34.0,2.8850000000000002,17.7,0.35,0.93,0.0,
국수_김치말이국수,국수,면 및 만두류,600g,50,8.67,2.15,22.0,99.0,0.0,16.2,0.17,0.8,-,129.42,30.7,6.27,,14.0,0.658,17.91,0.48,0.28,,
국수_막국수,국수,면 및 만두류,1000g,57,10.98,2.0,11.0,44.0,0.0,13.68,0.18,1.5,-,111.69,26.01,3.71,,1.0,0.019,7.68,0.0,0.0,,
국수_열무김치,국수,면 및 만두류,800g,54,8.7,1.88,32.0,109.0,0.0,15.98,0.24,1.2,-,106.12,17.22,0.01,,21.0,0.367,18.21,0.0,0.14,,
국수,국수,면 및 만두류,894ml,56,8.87,2.5,24.0,32.0,0.29,6.46,0.16,0.3,,,,,0.05,5.0,0.10300000000000001,5.77,,0.16,0.03,0.14
국수_열무김치,국수,면 및 만두류,800ml,59,9.79,2.2,14.0,50.0,0.28,6.94,0.2,0.5,,,,,0.01,11.0,0.16999999999999998,10.39,,0.29,0.03,0.1
국수,국수,면 및 만두류,235.4ml,77,12.43,3.8,39.0,77.0,0.59,12.34,0.25,0.5,,,,,0.05,12.0,0.175,14.74,,0.28,0.13,0.14
국수_열무김치,국수,면 및 만두류,278.5ml,120,20.39,3.8,26.0,97.0,0.49,13.23,0.28,1.0,,,,,0.03,24.0,0.29100000000000004,20.42,,0.56,0.06,0.26
국수,국수,면 및 만두류,806.2ml,54,8.94,2.2,17.0,32.0,0.26,5.18,0.14,0.3,,,,,0.03,7.0,0.099,6.41,,0.2,0.04,0.09
국수_열무김치,국수,면 및 만두류,697.7ml,69,11.72,2.2,15.0,56.0,0.28,7.6,0.16,0.6,,,,,0.02,14.0,0.167,11.74,,0.32,0.04,0.15
국수전골,국수전골,찌개 및 전골류,457.7ml,88,14.56,3.4,13.0,166.0,0.45,15.08,0.52,1.2,,,,,0.02,20.0,0.662,18.75,,2.49,0.0,0.08
군만두,군만두,면 및 만두류,257.3ml,219,25.22,8.5,59.0,215.0,2.81,32.64,0.57,5.3,,,,,0.29,9.0,1.047,42.61,,0.0,0.0,0.45
군만두,군만두,면 및 만두류,257.3ml,219,25.22,8.5,59.0,215.0,2.81,32.64,0.57,5.3,,,,,0.29,9.0,1.047,42.61,,0.0,0.0,0.45
군만두,군만두,면 및 만두류,257.3ml,219,25.22,8.5,59.0,215.0,2.81,32.64,0.57,5.3,,,,,0.29,9.0,1.047,42.61,,0.0,0.0,0.45
군만두,군만두,면 및 만두류,257.3ml,219,25.22,8.5,59.0,215.0,2.81,32.64,0.57,5.3,,,,,0.29,9.0,1.047,42.61,,0.0,0.0,0.45
굴 국밥,굴 국밥,밥류,809ml,63,12.79,1.6,23.0,46.0,0.49,8.11,1.04,0.5,,,,,0.02,1.0,0.218,5.83,,0.36,0.0,0.07
굴 두부찌개,굴 두부찌개,찌개 및 전골류,326.7ml,21,1.48,2.2,29.0,50.0,0.57,14.25,1.55,0.5,,,,,0.11,6.0,0.502,10.45,,1.16,0.01,0.1
굴 미역국,굴 미역국,국 및 탕류,280ml,16,1.9,1.9,83.0,229.0,1.34,38.63,1.96,1.2,,,,,0.06,9.0,0.245,19.07,,0.61,0.0,0.04
굴 미역국,굴 미역국,국 및 탕류,280ml,16,1.9,1.9,83.0,229.0,1.34,38.63,1.96,1.2,,,,,0.06,9.0,0.245,19.07,,0.61,0.0,0.04
굴국_무,굴국,국 및 탕류,500g,25,2.93,2.41,20.0,107.0,0.75,20.51,2.34,0.7,2305.61,169.67,38.52,21.51,,5.0,7.186,14.5,7.04,32.07,0.0,
굴국_두부,굴국,국 및 탕류,320ml,18,0.98,2.0,54.0,51.0,1.13,13.21,1.9,0.3,,,,,0.05,0.0,0.075,5.78,,0.04,0.0,0.07
굴국_두부,굴국,국 및 탕류,203.3ml,19,0.97,2.0,16.0,15.0,0.57,13.31,1.89,0.3,,,,,0.12,2.0,0.597,5.8,,0.33,0.0,0.07
굴국_두부,굴국,국 및 탕류,320ml,18,0.98,2.0,54.0,51.0,1.13,13.21,1.9,0.3,,,,,0.05,0.0,0.075,5.78,,0.04,0.0,0.07
굴무침,굴무침,무침류,80g,77,7.3,6.68,34.0,232.0,1.91,34.91,5.43,3.5,6285.51,393.13,111.81,46.11,,52.0,10.253,27.51,8.09,6.59,0.0,
굴무침_채소,굴무침,무침류,50ml,41,4.46,3.3,131.0,191.0,2.68,22.82,4.67,0.9,,,,,0.09,11.0,0.379,19.54,,2.1,0.0,0.44
굴무침_무,굴무침,무침류,50ml,29,3.71,2.2,88.0,183.0,1.72,18.68,3.02,0.9,,,,,0.04,9.0,0.333,18.56,,3.04,0.0,0.4
굴밥,굴밥,밥류,500ml,122,21.44,4.3,83.0,126.0,1.79,20.8,3.3,1.0,,,,,0.26,13.0,0.477,21.26,,1.18,0.15,0.33
굴비구이,굴비구이,생선구이류,75ml,122,0.98,11.83,18.0,86.0,3.81,,,0.0,,,,,,0.0,3.588,2.44,,0.0,6.32,
굴비구이,굴비구이,생선구이류,52.5ml,524,0.6,59.2,91.0,427.0,19.2,102.38,1.71,0.0,,,,,4.21,0.0,18.093,11.38,,0.0,31.93,3.8
굴비구이,굴비구이,생선구이류,52.5ml,530,0.6,59.2,91.0,427.0,19.2,102.38,1.71,0.0,,,,,4.21,0.0,18.093,11.38,,0.0,11.23,3.8
굴전,굴전,전·적 및 부침류,100g,195,14.5,10.6,36.0,195.0,0.0,32.61,8.35,2.4,-,703.61,230.49,0.06,,43.0,9.48,37.19,8.6,17.67,,
굴전,굴전,전·적 및 부침류,200ml,123,9.54,6.25,41.0,49.0,1.69,,,0.4,,,,,,34.0,1.895,26.38,,2.28,0.24,
굴전,굴전,전·적 및 부침류,74.2ml,213,13.98,11.9,95.0,120.0,3.44,47.55,11.91,0.6,,,,,1.09,58.0,3.94,48.11,,8.86,0.4,1.26
굴죽,굴죽,죽 및 스프류,259ml,107,16.76,2.4,47.0,49.0,0.97,13.5,1.85,0.5,,,,,0.03,0.0,0.28,6.99,,0.0,0.0,0.24
굴찜,굴찜,찜류,98.9ml,142,15.7,11.3,101.0,198.0,4.03,65.31,14.82,2.4,,,,,0.7,45.0,5.4110000000000005,44.74,,3.33,0.0,1.55
귀리밥,귀리밥,밥류,100g,162,34.54,3.9,11.0,47.0,0.32,,,1.6,,,,,,,0.669,,,0.0,0.0,
귤차_청귤티 아이스,귤차,음료 및 차류,591g,56,,0.05,,,,,,,,,,,,,0.0,,,,,
귤차_청귤티 핫,귤차,음료 및 차류,473g,36,,0.06,,,,,,,,,,,,,0.0,,,,,
귤차_제주청귤티 아이스,귤차,음료 및 차류,650g,37,8.22,0.06,,,,,,,,,,,,,0.0,,,,,
귤차_제주청귤티 핫,귤차,음료 및 차류,500g,48,10.69,0.08,,,,,,,,,,,,,0.0,,,,,
귤차_청귤블랙티 아이스,귤차,음료 및 차류,946g,25,,0.07,,,,,,,,,,,,,0.0,,,,,
귤차_청귤블랙티 아이스,귤차,음료 및 차류,591g,27,,0.08,,,,,,,,,,,,,0.0,,,,,
귤차_청귤블랙티 핫,귤차,음료 및 차류,946g,25,,0.07,,,,,,,,,,,,,0.0,,,,,
귤차_청귤블랙티 핫,귤차,음료 및 차류,591g,27,,0.08,,,,,,,,,,,,,0.0,,,,,
귤차_청귤차 아이스,귤차,음료 및 차류,946g,25,,0.07,,,,,,,,,,,,,0.0,,,,,
귤차_청귤차 아이스,귤차,음료 및 차류,591g,27,,0.08,,,,,,,,,,,,,0.0,,,,,
귤차_청귤차 핫,귤차,음료 및 차류,946g,25,,0.07,,,,,,,,,,,,,0.0,,,,,
귤차_청귤차 핫,귤차,음료 및 차류,591g,27,,0.08,,,,,,,,,,,,,0.0,,,,,
귤차_제주청귤 블라썸 핫,귤차,음료 및 차류,414g,49,,0.14,,,,,,,,,,,,,0.0,,,,,
귤차_제주청귤 오리지널 핫,귤차,음료 및 차류,414g,53,,0.11,,,,,,,,,,,,,0.0,,,,,
귤차_제주청귤차,귤차,음료 및 차류,100g,35,,0.17,,,,,,,,,,,,,0.0,,,,,
귤차_제주 청귤 그린티 아이스,귤차,음료 및 차류,83g,184,,0.0,,,,,,,,,,,,,0.0,,,,,
귤차_제주 한라봉감귤차 아이스,귤차,음료 및 차류,354g,56,,0.28,,,,,,,,,,,,,0.0,,,,,
귤차_제주 한라봉감귤차 핫,귤차,음료 및 차류,354g,56,,0.28,,,,,,,,,,,,,0.0,,,,,
근대 된장국,근대 된장국,된장국류,300ml,10,1.36,0.9,16.0,133.0,0.23,16.36,0.11,0.8,,,,,0.05,45.0,0.47600000000000003,16.43,,1.04,0.0,0.13
근대 된장국,근대 된장국,된장국류,180ml,12,1.71,0.9,13.0,139.0,0.23,15.03,0.11,0.9,,,,,0.09,36.0,0.615,14.06,,0.92,0.0,0.13
근대 된장국,근대 된장국,된장국류,200ml,14,1.92,1.0,14.0,145.0,0.26,15.77,0.12,1.0,,,,,0.07,38.0,0.629,15.31,,1.16,0.0,0.14
근대 된장국,근대 된장국,된장국류,320ml,12,1.66,0.9,14.0,134.0,0.22,14.96,0.12,0.9,,,,,0.03,41.0,0.483,14.58,,0.78,0.0,0.18
근대나물,근대나물,나물·숙채류,100ml,56,6.4,2.5,56.0,557.0,0.7,74.72,0.38,2.9,,,,,0.1,240.0,1.228,70.63,,4.45,0.0,0.67
근대나물,근대나물,나물·숙채류,45.9ml,50,4.49,2.5,57.0,547.0,0.7,73.25,0.38,2.7,,,,,0.1,229.0,1.163,70.9,,4.56,0.0,0.57
근대나물,근대나물,나물·숙채류,45.9ml,50,4.49,2.5,57.0,547.0,0.7,73.25,0.38,2.7,,,,,0.1,229.0,1.163,70.9,,4.56,0.0,0.57
근대나물,근대나물,나물·숙채류,100ml,56,6.4,2.5,56.0,557.0,0.7,74.72,0.38,2.9,,,,,0.1,240.0,1.228,70.63,,4.45,0.0,0.67
기름장,기름장,"장류, 양념류",10ml,640,0.92,0.2,44.0,86.0,1.46,31.96,0.35,0.3,,,,,1.15,1.0,0.057,0.19,,0.0,0.0,4.04
기스면,기스면,면 및 만두류,1000g,61,8.98,3.78,34.0,46.0,0.0,5.61,0.21,0.7,-,269.48,75.28,0.0,,4.0,0.6930000000000001,0.0,0.0,0.16,,
기장밥,기장밥,밥류,200g,166,36.77,3.44,4.0,25.0,0.33,6.77,0.82,1.5,2705.95,297.21,17.24,0.76,,0.0,0.21,2.52,0.0,0.29,0.0,
기장밥,기장밥,밥류,254.9ml,129,27.57,2.5,3.0,35.0,0.16,14.31,0.69,0.8,,,,,0.0,0.0,0.484,6.65,,0.0,0.0,0.14
기장밥,기장밥,밥류,190ml,118,25.77,2.22,2.0,57.0,0.49,,,0.4,,,,,,0.0,0.527,5.18,,0.0,0.0,
기장밥_찹쌀,기장밥,밥류,190ml,118,25.4,2.3,2.0,32.0,0.14,12.58,0.63,0.6,,,,,0.0,0.0,0.46,5.84,,0.0,0.0,0.13
기장밥,기장밥,밥류,280ml,121,26.3,2.23,2.0,58.0,0.49,,,0.4,,,,,,0.0,0.527,4.97,,0.0,0.0,
기장밥_찹쌀,기장밥,밥류,280ml,121,25.97,2.3,2.0,32.0,0.13,12.33,0.64,0.7,,,,,0.0,0.0,0.452,5.86,,0.0,0.0,0.14
기장밥,기장밥,밥류,370ml,118,25.75,2.25,3.0,58.0,0.48,,,0.4,,,,,,0.0,0.539,4.81,,0.0,0.0,
기장밥_찹쌀,기장밥,밥류,370ml,119,25.52,2.4,3.0,34.0,0.16,13.98,0.65,0.7,,,,,0.0,0.0,0.46299999999999997,6.35,,0.0,0.0,0.13
기타빵_달콤촉촉 고구마빵,기타빵,빵 및 과자류,110g,273,,1.82,,,,,,,,,,,,,0.0,,,,,
기타빵_톡톡쫄깃 옥수수빵,기타빵,빵 및 과자류,100g,299,,5.0,,,,,,,,,,,,,0.0,,,,,
기타빵_밤이랑고구마랑,기타빵,빵 및 과자류,270g,315,,7.0,,,,,,,,,,,,,0.0,,,,,
기타빵_별님고구마,기타빵,빵 및 과자류,121g,258,,6.0,,,,,,,,,,,,,0.0,,,,,
기타빵_씨앗가득고소함이찰떡,기타빵,빵 및 과자류,250g,358,,8.0,,,,,,,,,,,,,0.0,,,,,
기타빵_얼그레이 까눌레,기타빵,빵 및 과자류,45g,222,,4.44,,,,,,,,,,,,,0.0,,,,,
기타빵_오리지널 까눌레,기타빵,빵 및 과자류,45g,222,,4.44,,,,,,,,,,,,,0.0,,,,,
기타빵_롤링넛츠,기타빵,빵 및 과자류,162g,329,40.4,6.0,,,,,,,,,,,,,0.0,,,,,
기타빵_카라멜아몬드,기타빵,빵 및 과자류,220g,450,45.8,10.7,,,,,,,,,,,,,0.0,,,,,
기타빵_춘천 감자빵,기타빵,빵 및 과자류,120g,245,,5.0,,,,,,,,,,,,,0.0,,,,,
기타빵_까눌레,기타빵,빵 및 과자류,80g,339,,6.0,,,,,,,,,,,,,0.0,,,,,
기타빵_우리쌀 막걸리로 만든 초당옥수수빵,기타빵,빵 및 과자류,165g,206,44.85,4.85,,,,,,,,,,,,,0.0,,,,,
기타음료_인크레드불 화이트 아이스,기타음료,음료 및 차류,591g,34,,0.02,,,,,,,,,,,,,0.0,,,,,
기타음료_라임 모히또,기타음료,음료 및 차류,710g,39,,0.07,,,,,,,,,,,,,0.0,,,,,
기타음료_자몽 모히또,기타음료,음료 및 차류,710g,38,,0.11,,,,,,,,,,,,,0.0,,,,,
기타음료_청포도 모히또,기타음료,음료 및 차류,710g,39,,0.07,,,,,,,,,,,,,0.0,,,,,
기타음료_논알콜 하이볼,기타음료,음료 및 차류,473g,38,,0.08,,,,,,,,,,,,,0.0,,,,,
기타음료_미초 아이스,기타음료,음료 및 차류,600g,25,,0.17,,,,,,,,,,,,,0.0,,,,,
기타음료_청포도플라워 아이스,기타음료,음료 및 차류,550g,40,,0.0,,,,,,,,,,,,,0.0,,,,,
기타음료_레드 파워 스매셔,기타음료,음료 및 차류,473g,78,,0.21,,,,,,,,,,,,,0.0,,,,,
기타음료_스타벅스 슬래머,기타음료,음료 및 차류,473g,50,,0.0,,,,,,,,,,,,,0.0,,,,,
기타차_레몬진저 캐모마일 아이스,기타차,음료 및 차류,473g,21,,0.21,,,,,,,,,,,,,0.0,,,,,
기타차_레몬진저 캐모마일 핫,기타차,음료 및 차류,473g,21,,0.21,,,,,,,,,,,,,0.0,,,,,
기타차_엘더베리 아이스,기타차,음료 및 차류,355g,0,,0.0,,,,,,,,,,,,,0.0,,,,,
기타차_엘더베리 핫,기타차,음료 및 차류,355g,0,,0.0,,,,,,,,,,,,,0.0,,,,,
기타차_유자 엘더베리 아이스,기타차,음료 및 차류,473g,41,,0.21,,,,,,,,,,,,,0.0,,,,,
기타차_유자 엘더베리 핫,기타차,음료 및 차류,473g,41,,0.21,,,,,,,,,,,,,0.0,,,,,
기타차_자몽 얼그레이티 아이스,기타차,음료 및 차류,473g,53,,0.0,,,,,,,,,,,,,0.0,,,,,
기타차_제주 한라봉 블랙티 아이스,기타차,음료 및 차류,416g,41,,0.0,,,,,,,,,,,,,0.0,,,,,
기타차_리치 캐모마일티 아이스,기타차,음료 및 차류,946g,28,6.98,0.0,,,,,,,,,,,,,0.0,,,,,
기타차_리치 캐모마일티 아이스,기타차,음료 및 차류,710g,37,9.3,0.0,,,,,,,,,,,,,0.0,,,,,
기타차_리치 캐모마일티 핫,기타차,음료 및 차류,591g,45,11.17,0.0,,,,,,,,,,,,,0.0,,,,,
기타차_체리 히비스커스티 아이스,기타차,음료 및 차류,946g,24,5.81,0.0,,,,,,,,,,,,,0.0,,,,,
기타차_체리 히비스커스티 아이스,기타차,음료 및 차류,710g,21,5.21,0.0,,,,,,,,,,,,,0.0,,,,,
기타차_체리 히비스커스티 핫,기타차,음료 및 차류,591g,25,6.26,0.0,,,,,,,,,,,,,0.0,,,,,
기타차_한라봉차,기타차,음료 및 차류,360g,51,,0.21,,,,,,,,,,,,,0.0,,,,,
기타차_샤인머스캣 티플레저,기타차,음료 및 차류,591g,29,,0.07,,,,,,,,,,,,,0.0,,,,,
기타차_제주당근오렌지티플레저 아이스,기타차,음료 및 차류,591g,38,,0.1,,,,,,,,,,,,,0.0,,,,,
기타차_레몬페퍼민트티 아이스,기타차,음료 및 차류,650g,25,5.54,0.05,,,,,,,,,,,,,0.0,,,,,
기타차_레몬페퍼민트티 핫,기타차,음료 및 차류,500g,33,7.2,0.07,,,,,,,,,,,,,0.0,,,,,
기타차_레몬허니블랙티 아이스,기타차,음료 및 차류,650g,34,8.13,0.1,,,,,,,,,,,,,0.0,,,,,
기타차_레몬허니블랙티 핫,기타차,음료 및 차류,500g,44,10.57,0.14,,,,,,,,,,,,,0.0,,,,,
기타차_배도라지차 아이스,기타차,음료 및 차류,650g,41,10.15,0.0,,,,,,,,,,,,,0.0,,,,,
기타차_배도라지차 핫,기타차,음료 및 차류,500g,53,13.2,0.0,,,,,,,,,,,,,0.0,,,,,
기타차_자몽히비스커스티 아이스,기타차,음료 및 차류,650g,19,4.71,0.1,,,,,,,,,,,,,0.0,,,,,
기타차_자몽히비스커스티 핫,기타차,음료 및 차류,500g,25,6.12,0.13,,,,,,,,,,,,,0.0,,,,,
기타차_캐모마일리치티 아이스,기타차,음료 및 차류,650g,28,6.88,0.0,,,,,,,,,,,,,0.0,,,,,
기타차_캐모마일리치티 핫,기타차,음료 및 차류,500g,36,8.95,0.01,,,,,,,,,,,,,0.0,,,,,
기타차_하동매실피치티 아이스,기타차,음료 및 차류,650g,41,9.67,0.09,,,,,,,,,,,,,0.0,,,,,
기타차_하동매실피치티 핫,기타차,음료 및 차류,500g,53,12.57,0.12,,,,,,,,,,,,,0.0,,,,,
기타차_루이보스 바닐라티 아이스,기타차,음료 및 차류,473g,0,,0.0,,,,,,,,,,,,,0.0,,,,,
기타차_루이보스 바닐라티 핫,기타차,음료 및 차류,473g,0,,0.0,,,,,,,,,,,,,0.0,,,,,
기타차_베리 히비스커스 아이스,기타차,음료 및 차류,473g,2,,0.0,,,,,,,,,,,,,0.0,,,,,
기타차_베리 히비스커스 핫,기타차,음료 및 차류,473g,2,,0.0,,,,,,,,,,,,,0.0,,,,,
기타차_샹그리아 프루티 아이스,기타차,음료 및 차류,473g,38,,0.06,,,,,,,,,,,,,0.0,,,,,
기타차_샹그리아 프루티 핫,기타차,음료 및 차류,473g,44,,0.08,,,,,,,,,,,,,0.0,,,,,
기타차_인디안 차이티 아이스,기타차,음료 및 차류,473g,0,,0.0,,,,,,,,,,,,,0.0,,,,,
기타차_인디안 차이티 핫,기타차,음료 및 차류,473g,0,,0.0,,,,,,,,,,,,,0.0,,,,,
기타차_허니 캐모마일 아이스,기타차,음료 및 차류,473g,1,,0.0,,,,,,,,,,,,,0.0,,,,,
기타차_허니 캐모마일 핫,기타차,음료 및 차류,473g,1,,0.0,,,,,,,,,,,,,0.0,,,,,
기타차_화이트 템플티 아이스,기타차,음료 및 차류,473g,0,,0.0,,,,,,,,,,,,,0.0,,,,,
기타차_화이트 템플티 핫,기타차,음료 및 차류,473g,0,,0.0,,,,,,,,,,,,,0.0,,,,,
기타차_한라봉차,기타차,음료 및 차류,450g,35,,0.05,,,,,,,,,,,,,0.0,,,,,
기타차_한라봉차,기타차,음료 및 차류,400g,45,,0.08,,,,,,,,,,,,,0.0,,,,,
기타차_깔라봉 차,기타차,음료 및 차류,495g,45,,0.04,,,,,,,,,,,,,0.0,,,,,
기타차_깔라봉 차,기타차,음료 및 차류,310g,47,,0.03,,,,,,,,,,,,,0.0,,,,,
기타차_라임티 아이스,기타차,음료 및 차류,360g,25,,0.0,,,,,,,,,,,,,0.0,,,,,
기타차_라임티 핫,기타차,음료 및 차류,360g,25,,0.0,,,,,,,,,,,,,0.0,,,,,
기타차_스트로베리 릴렉싱티,기타차,음료 및 차류,137g,133,,0.36,,,,,,,,,,,,,0.0,,,,,
기타차_깔라만시,기타차,음료 및 차류,355g,32,,0.0,,,,,,,,,,,,,0.0,,,,,
기타차_딸기티 아이스,기타차,음료 및 차류,355g,82,,0.06,,,,,,,,,,,,,0.0,,,,,
기타차_딸기티 핫,기타차,음료 및 차류,355g,82,,0.06,,,,,,,,,,,,,0.0,,,,,
기타차_카페오르조,기타차,음료 및 차류,355g,10,,0.28,,,,,,,,,,,,,0.0,,,,,
기타차_스트로베리 프룻티,기타차,음료 및 차류,458g,44,,0.11,,,,,,,,,,,,,0.0,,,,,
기타차_자몽 블랙 프룻티,기타차,음료 및 차류,498g,37,,0.1,,,,,,,,,,,,,0.0,,,,,
기타차_핑크 리치 프룻티,기타차,음료 및 차류,458g,51,,0.04,,,,,,,,,,,,,0.0,,,,,
기피편,기피편,빵 및 과자류,100g,220,48.99,5.45,12.0,131.0,0.0,25.27,0.77,5.1,-,443.43,82.34,3.8,,0.0,0.438,16.44,0.0,0.0,,
김구이_조미김,김구이,육류 및 채소구이류,5g,470,29.0,20.4,371.0,1214.0,11.8,192.2,1.8,24.0,14233,1116.8,183.0,76.2,,198.0,28.0,523.0,28.0,69.8,0.0,
김국,김국,국 및 탕류,320ml,13,2.34,0.9,8.0,43.0,0.32,4.44,0.09,0.5,,,,,0.01,14.0,0.146,12.85,,1.27,0.06,0.07
김국,김국,국 및 탕류,214.5ml,14,2.27,0.9,6.0,40.0,0.32,4.1,0.09,0.5,,,,,0.0,13.0,0.12100000000000001,11.18,,1.21,0.03,0.07
김말이튀김,김말이튀김,튀김류,,195,30.51,2.05,105.0,77.0,1.04,,,1.3,,,,,,41.0,0.609,,,0.0,0.0,
김말이튀김,김말이튀김,튀김류,100g,245,33.11,2.28,93.0,73.0,1.68,,,1.5,,,,,,,1.121,,,0.0,0.0,
김말이튀김,김말이튀김,튀김류,100ml,132,19.56,1.1,24.0,27.0,1.14,4.01,0.08,0.6,,,,,0.33,15.0,0.109,8.26,,0.48,0.05,0.57
김말이튀김,김말이튀김,튀김류,100ml,132,19.56,1.1,24.0,27.0,1.14,4.01,0.08,0.6,,,,,0.33,15.0,0.109,8.26,,0.48,0.05,0.57
김말이튀김,김말이튀김,튀김류,100ml,132,19.56,1.1,24.0,27.0,1.14,4.01,0.08,0.6,,,,,0.33,15.0,0.109,8.26,,0.48,0.05,0.57
김말이튀김,김말이튀김,튀김류,100ml,132,19.56,1.1,24.0,27.0,1.14,4.01,0.08,0.6,,,,,0.33,15.0,0.109,8.26,,0.48,0.05,0.57
김무침,김무침,채소무침류,30g,259,19.33,21.17,241.0,1287.0,5.03,200.6,2.03,17.5,17736.8,1315.53,250.77,46.93,,854.0,54.003,561.03,46.27,11.33,0.0,
김무침,김무침,채소무침류,100ml,83,12.69,7.92,69.0,579.0,2.97,,,5.9,,,,,,302.0,2.6950000000000003,139.43,,16.13,0.0,
김무침,김무침,채소무침류,20ml,86,8.54,7.12,81.0,511.0,2.82,,,4.4,,,,,,209.0,1.92,117.44,,21.65,0.0,
김밥,김밥,밥류,230g,140,19.98,4.84,36.0,118.0,0.3,12.33,0.52,1.4,5029.73,443.53,106.81,6.56,,113.0,1.7440000000000002,21.47,0.87,3.76,0.0,
김밥_김치,김밥,밥류,270g,130,19.17,4.3,44.0,126.0,0.31,15.29,0.51,1.8,4707.79,377.64,107.29,15.99,,41.0,1.161,36.62,0.91,3.43,0.0,
김밥_날치알,김밥,밥류,260g,177,28.66,6.1,20.0,118.0,0.62,14.95,1.03,2.1,6179.82,529.57,145.83,7.71,,61.0,2.521,20.09,1.49,0.78,0.0,
김밥_돈가스,김밥,밥류,320g,202,31.64,5.77,15.0,134.0,0.49,14.54,0.93,2.1,5781.88,485.23,137.69,3.88,,22.0,1.38,9.14,1.23,0.18,0.0,
김밥_소고기,김밥,밥류,250g,179,25.78,6.46,30.0,96.0,0.87,11.6,1.59,1.5,6082.27,502.55,146.95,9.34,,35.0,0.858,20.48,0.71,2.74,0.0,
김밥_참치,김밥,밥류,250g,174,20.26,7.0,51.0,123.0,0.72,12.76,0.97,1.8,6154.01,498.34,160.23,16.06,,66.0,0.876,25.04,0.58,3.06,0.0,
김밥_채소,김밥,밥류,280g,158,26.65,4.6,38.0,164.0,0.44,15.54,0.85,3.4,4159.48,357.09,86.01,8.41,,160.0,2.503,19.05,1.05,1.81,0.0,
김밥_치즈,김밥,밥류,270g,177,22.1,6.24,6.0,41.0,0.21,5.36,0.44,2.6,5980.21,499.49,168.37,10.38,,58.0,1.06,22.13,0.63,2.15,0.0,
김밥_풋고추,김밥,밥류,290g,169,27.52,4.88,19.0,148.0,0.49,14.24,0.87,3.3,4416.23,383.06,97.65,7.53,,104.0,2.649,21.44,1.28,2.92,0.0,
김밥_샐러드,김밥,밥류,250g,162,24.58,3.85,26.0,102.0,0.0,0.0,0.0,1.3,-,0.0,0.0,0.0,,46.0,1.333,0.0,0.0,0.0,,
김밥_소고기,김밥,밥류,250g,160,25.01,6.39,28.0,122.0,0.01,0.0,0.0,1.8,-,0.0,0.0,0.0,,41.0,1.603,0.0,0.0,0.17,,
김밥_참치,김밥,밥류,100g,170,22.73,6.44,30.0,112.0,0.65,,,0.8,,,,,,,1.191,,,0.51,0.0,
김밥_계란,김밥,밥류,400ml,97,14.22,4.3,17.0,76.0,0.48,9.6,0.55,1.0,,,,,0.04,44.0,0.46900000000000003,22.42,,3.28,0.17,0.41
김밥_김치,김밥,밥류,400ml,109,19.29,3.6,22.0,115.0,0.38,14.55,0.59,1.7,,,,,0.05,37.0,0.598,25.49,,3.84,0.07,0.39
김밥_날치알,김밥,밥류,400ml,104,17.28,4.2,16.0,77.0,0.39,11.67,0.57,1.2,,,,,0.11,38.0,0.568,24.09,,3.91,0.89,0.78
김밥_돈가스,김밥,밥류,400ml,148,19.4,4.4,17.0,96.0,0.44,13.1,0.76,1.4,,,,,0.15,30.0,0.705,18.16,,3.37,0.08,0.98
김밥_멸치_고추,김밥,밥류,400ml,122,20.5,5.6,48.0,125.0,0.4,27.22,0.78,1.7,,,,,0.15,49.0,0.706,28.2,,6.7,0.77,0.36
김밥_샐러드,김밥,밥류,400ml,117,18.14,3.4,20.0,95.0,0.35,12.49,0.53,1.5,,,,,0.16,38.0,0.543,20.51,,4.99,0.06,0.5
김밥_소고기,김밥,밥류,400ml,108,16.88,4.0,14.0,84.0,0.42,10.73,0.78,1.1,,,,,0.03,30.0,0.587,16.63,,2.93,0.06,0.27
김밥_참치,김밥,밥류,400ml,128,17.49,5.3,18.0,96.0,0.4,13.29,0.57,1.1,,,,,0.25,35.0,1.518,18.9,,3.4,0.63,0.61
김밥_참치_고추,김밥,밥류,400ml,119,16.42,4.4,16.0,93.0,0.38,13.96,0.53,1.3,,,,,0.23,34.0,1.2360000000000002,19.3,,4.84,0.5,0.56
김밥_참치_김치,김밥,밥류,400ml,125,15.45,5.4,38.0,108.0,0.42,13.03,0.72,1.2,,,,,0.19,40.0,1.188,21.3,,4.21,0.45,0.52
김밥_채소,김밥,밥류,400ml,102,18.05,3.5,16.0,78.0,0.32,10.46,0.53,1.1,,,,,0.04,35.0,0.505,18.99,,3.87,0.06,0.3
김밥_치즈,김밥,밥류,400ml,122,18.66,4.6,55.0,82.0,0.34,12.19,0.68,1.2,,,,,0.06,41.0,0.52,22.21,,3.72,0.07,0.35
김밥_고추,김밥,밥류,400ml,94,16.5,3.2,17.0,84.0,0.33,11.54,0.48,1.3,,,,,0.06,38.0,0.501,19.91,,5.09,0.06,0.35
김밥_샐러리,김밥,밥류,392ml,130,19.75,2.8,22.0,93.0,0.27,12.54,0.54,1.1,,,,,0.24,28.0,0.484,16.35,,2.55,0.04,0.58
김밥,김밥,밥류,168.32ml,185,33.81,5.8,20.0,165.0,0.56,27.02,1.01,2.2,,,,,0.07,55.0,1.25,35.96,,5.78,0.08,0.49
김밥_계란,김밥,밥류,400ml,99,15.13,4.3,18.0,80.0,0.63,9.6,0.55,1.1,,,,,0.05,46.0,0.582,24.76,,3.33,0.3,0.35
김밥_채소,김밥,밥류,400ml,102,18.05,3.5,16.0,78.0,0.32,10.46,0.53,1.1,,,,,0.04,35.0,0.505,18.99,,3.87,0.06,0.3
김밥_참치,김밥,밥류,400ml,129,18.06,6.0,19.0,112.0,1.26,13.29,0.57,1.1,,,,,0.21,35.0,1.5819999999999999,18.34,,3.39,0.73,0.58
김밥_채소,김밥,밥류,400ml,102,18.05,3.5,16.0,78.0,0.32,10.46,0.53,1.1,,,,,0.04,35.0,0.505,18.99,,3.87,0.06,0.3
김밥,김밥,밥류,330ml,157,29.79,4.7,18.0,169.0,0.86,22.44,0.86,1.4,,,,,0.05,44.0,1.1019999999999999,27.41,,4.78,0.11,0.31
김밥_소고기,김밥,밥류,400ml,110,17.46,4.1,14.0,90.0,0.61,10.73,0.78,1.1,,,,,0.03,31.0,0.7170000000000001,16.07,,2.97,0.1,0.22
김밥_참치,김밥,밥류,400ml,128,17.49,5.3,18.0,96.0,0.4,13.29,0.57,1.1,,,,,0.25,35.0,1.518,18.9,,3.4,0.63,0.61
김밥_채소,김밥,밥류,400ml,105,18.08,3.3,17.0,80.0,0.33,10.62,0.53,1.1,,,,,0.05,36.0,0.436,19.02,,4.22,0.06,0.3
김부각,김부각,튀김류,19ml,415,55.06,14.9,136.0,963.0,5.0,107.45,1.59,11.2,,,,,1.15,493.0,4.329,243.71,,24.47,0.0,2.32
김부각,김부각,튀김류,27.9ml,158,20.73,5.7,53.0,368.0,1.92,41.45,0.61,4.5,,,,,0.44,188.0,1.66,93.1,,9.33,0.0,0.89
김부각,김부각,튀김류,19ml,415,55.06,14.9,136.0,963.0,5.0,107.45,1.59,11.2,,,,,1.15,493.0,4.329,243.71,,24.47,0.0,2.32
김치 고기만두,김치 고기만두,면 및 만두류,82ml,294,42.38,16.2,36.0,392.0,0.9,36.19,1.16,3.4,,,,,0.07,16.0,2.315,35.58,,2.37,0.11,0.84
김치 고기만두,김치 고기만두,면 및 만두류,82ml,294,42.38,16.2,36.0,392.0,0.9,36.19,1.16,3.4,,,,,0.07,16.0,2.315,35.58,,2.37,0.11,0.84
김치 고기만두,김치 고기만두,면 및 만두류,118.2ml,294,42.4,16.2,36.0,392.0,0.9,36.18,1.16,3.4,,,,,0.07,16.0,2.315,35.57,,2.37,0.11,0.84
김치 돼지고기볶음,김치 돼지고기볶음,볶음류,50ml,113,4.26,8.1,25.0,284.0,0.48,19.74,0.96,2.0,,,,,0.14,18.0,1.815,24.57,,2.28,0.2,0.48
김치 돼지고기볶음,김치 돼지고기볶음,볶음류,50ml,113,4.26,8.1,25.0,284.0,0.48,19.74,0.96,2.0,,,,,0.14,18.0,1.815,24.57,,2.28,0.2,0.48
김치 돼지고기볶음,김치 돼지고기볶음,볶음류,50ml,113,4.26,8.1,25.0,284.0,0.48,19.74,0.96,2.0,,,,,0.14,18.0,1.815,24.57,,2.28,0.2,0.48
김치 된장국,김치 된장국,된장국류,280ml,15,1.97,1.1,16.0,86.0,0.27,8.59,0.16,1.1,,,,,0.03,5.0,0.23600000000000002,13.1,,1.03,0.0,0.15
김치 된장국,김치 된장국,된장국류,280ml,15,1.97,1.1,16.0,86.0,0.27,8.59,0.16,1.1,,,,,0.03,5.0,0.23600000000000002,13.1,,1.03,0.0,0.15
김치 볶음밥_모듬,김치 볶음밥,밥류,320ml,130,21.5,3.8,15.0,132.0,0.34,18.14,0.69,1.7,,,,,0.32,9.0,0.976,18.55,,2.18,0.2,0.45
김치 볶음밥_모듬,김치 볶음밥,밥류,320ml,129,21.49,3.8,15.0,131.0,0.34,18.1,0.69,1.7,,,,,0.32,9.0,0.996,18.54,,2.09,0.2,0.45
김치 청국장찌개,김치 청국장찌개,찌개 및 전골류,210ml,30,3.2,2.6,22.0,159.0,0.62,17.29,0.39,1.6,,,,,0.05,6.0,0.81,25.87,,1.4,0.01,0.25
김치 청국장찌개,김치 청국장찌개,찌개 및 전골류,340ml,29,3.04,2.6,21.0,137.0,0.56,17.0,0.33,1.4,,,,,0.05,6.0,0.496,24.82,,1.55,0.01,0.26
김치 콩나물국,김치 콩나물국,국 및 탕류,300ml,11,1.41,0.9,14.0,80.0,0.21,8.76,0.15,0.8,,,,,0.02,4.0,0.383,12.78,,0.73,0.0,0.13
김치 콩나물국,김치 콩나물국,국 및 탕류,205.2ml,10,1.28,1.1,32.0,101.0,0.25,10.27,0.16,0.8,,,,,0.02,4.0,0.164,13.81,,0.6,0.01,0.12
김치 콩나물국,김치 콩나물국,국 및 탕류,205.2ml,10,1.28,1.1,32.0,101.0,0.25,10.27,0.16,0.8,,,,,0.02,4.0,0.164,13.81,,0.6,0.01,0.12
김치 콩나물국,김치 콩나물국,국 및 탕류,320ml,10,1.12,1.2,29.0,70.0,0.24,7.62,0.17,0.7,,,,,0.03,5.0,0.17500000000000002,10.62,,0.51,0.01,0.16
김치국,김치국,국 및 탕류,400g,23,2.63,1.34,12.0,105.0,0.15,10.28,0.24,0.7,1987.27,158.04,49.26,4.59,,1.0,0.438,0.8,0.13,0.44,0.0,
김치국_콩나물,김치국,국 및 탕류,400g,12,1.15,0.82,10.0,125.0,0.16,8.45,0.09,0.6,792.44,46.51,5.41,4.56,,3.0,1.92,2.51,0.16,0.35,0.0,
김치국,김치국,국 및 탕류,450g,20,2.33,1.2,25.0,115.0,0.0,13.55,0.16,1.0,-,60.93,10.67,9.21,,14.0,0.095,7.5,,0.4,,
김치국,김치국,국 및 탕류,270ml,14,1.73,0.9,17.0,99.0,0.28,9.31,0.15,1.0,,,,,0.03,8.0,0.5650000000000001,12.06,,0.83,0.0,0.26
김치국_콩나물,김치국,국 및 탕류,170ml,8,1.08,0.6,8.0,55.0,0.11,5.23,0.1,0.6,,,,,0.01,4.0,0.135,9.19,,0.54,0.0,0.1
김치국_김치_콩나물,김치국,국 및 탕류,180ml,10,1.38,0.94,14.0,96.0,0.23,,,0.7,,,,,,4.0,0.607,11.0,,0.85,0.0,
김치국_두부,김치국,국 및 탕류,187.7ml,18,1.7,1.6,34.0,119.0,0.34,16.21,0.23,1.1,,,,,0.05,5.0,0.18,16.41,,0.74,0.01,0.18
김치국_콩나물,김치국,국 및 탕류,170ml,8,1.08,0.6,8.0,55.0,0.11,5.23,0.1,0.6,,,,,0.01,4.0,0.135,9.19,,0.54,0.0,0.1
김치국_김치_콩나물,김치국,국 및 탕류,210ml,12,1.65,1.09,17.0,119.0,0.28,,,0.9,,,,,,5.0,0.783,12.93,,1.02,0.0,
김치국_두부,김치국,국 및 탕류,187.7ml,18,1.7,1.6,34.0,119.0,0.34,16.21,0.23,1.1,,,,,0.05,5.0,0.18,16.41,,0.74,0.01,0.18
김치국_콩나물,김치국,국 및 탕류,170ml,8,1.08,0.6,8.0,55.0,0.11,5.23,0.1,0.6,,,,,0.01,4.0,0.135,9.19,,0.54,0.0,0.1
김치국,김치국,국 및 탕류,270ml,14,1.73,0.9,17.0,99.0,0.28,9.31,0.15,1.0,,,,,0.03,8.0,0.5650000000000001,12.06,,0.83,0.0,0.26
김치국_김치,김치국,국 및 탕류,200ml,12,2.15,0.67,19.0,117.0,0.28,,,1.3,,,,,,10.0,0.553,17.0,,1.72,0.0,
김치국_김치_두부,김치국,국 및 탕류,270ml,18,1.86,1.52,20.0,96.0,0.38,,,1.1,,,,,,7.0,0.528,13.33,,1.14,0.0,
김치국_콩나물,김치국,국 및 탕류,170ml,8,1.08,0.6,8.0,55.0,0.11,5.23,0.1,0.6,,,,,0.01,4.0,0.135,9.19,,0.54,0.0,0.1
김치만두,김치만두,면 및 만두류,315ml,130,15.15,8.7,36.0,214.0,0.81,38.03,0.8,2.4,,,,,0.14,8.0,1.0190000000000001,23.49,,1.23,0.04,0.56
김치만두,김치만두,면 및 만두류,325.4ml,61,7.05,4.1,16.0,88.0,0.4,17.7,0.36,1.0,,,,,0.06,6.0,0.443,13.04,,0.77,0.05,0.25
김치만두,김치만두,면 및 만두류,325.4ml,76,7.9,5.9,23.0,151.0,0.51,24.7,0.53,1.5,,,,,0.08,7.0,0.782,20.25,,1.41,0.05,0.35
김치만두,김치만두,면 및 만두류,1211.6ml,28,3.4,1.8,6.0,44.0,0.16,8.27,0.16,0.4,,,,,0.02,2.0,0.222,5.68,,0.36,0.02,0.11
김치볶음,김치볶음,채소볶음류,100g,106,7.27,1.38,53.0,316.0,0.41,21.13,0.29,3.2,1263.52,82.63,35.51,9.71,,12.0,0.5599999999999999,4.53,0.08,1.71,0.0,
김치볶음_참치,김치볶음,채소볶음류,100g,122,7.12,8.33,40.0,290.0,0.67,25.93,0.42,3.0,6503.86,523.22,123.84,23.17,,15.0,4.09,9.77,0.79,1.42,0.0,
김치볶음_김치만,김치볶음,채소볶음류,100g,132,7.17,2.63,104.0,400.0,0.81,,,3.4,,,,,,,1.3470000000000002,,,0.68,0.0,
김치볶음,김치볶음,채소볶음류,80ml,38,4.34,1.2,30.0,203.0,0.33,14.83,0.26,2.4,,,,,0.38,17.0,0.41800000000000004,31.08,,2.1,0.0,0.56
김치볶음_김치,김치볶음,채소볶음류,80ml,34,3.76,0.98,34.0,152.0,0.42,,,2.1,,,,,,15.0,0.37,30.93,,3.17,0.0,
김치볶음_돼지고기,김치볶음,채소볶음류,100ml,58,4.6,2.4,30.0,234.0,0.39,16.79,0.39,2.7,,,,,0.18,20.0,0.8260000000000001,30.53,,2.18,0.03,0.85
김치볶음_참치,김치볶음,채소볶음류,210ml,72,5.44,5.0,31.0,264.0,0.49,20.28,0.38,2.7,,,,,0.3,27.0,2.428,31.35,,2.61,1.05,1.07
김치볶음,김치볶음,채소볶음류,80ml,38,4.34,1.2,30.0,203.0,0.33,14.83,0.26,2.4,,,,,0.38,17.0,0.41800000000000004,31.08,,2.1,0.0,0.56
김치볶음_돼지고기,김치볶음,채소볶음류,35.8ml,167,8.74,8.8,58.0,478.0,0.71,34.7,0.94,4.5,,,,,0.6,30.0,1.884,57.65,,4.45,0.07,1.63
김치볶음_참치,김치볶음,채소볶음류,30.2ml,239,6.21,16.9,44.0,447.0,1.03,37.42,0.81,3.3,,,,,1.41,23.0,8.382,43.72,,3.91,4.3,2.57
김치볶음,김치볶음,채소볶음류,80ml,60,6.28,1.6,40.0,280.0,0.45,20.52,0.36,3.4,,,,,0.2,25.0,0.601,41.48,,2.89,0.0,0.87
김치볶음_김치,김치볶음,채소볶음류,80ml,54,5.51,1.39,46.0,214.0,0.57,,,2.9,,,,,,23.0,0.537,41.29,,4.29,0.0,
김치볶음_김치_참치,김치볶음,채소볶음류,150ml,57,4.28,5.95,34.0,205.0,1.76,,,2.0,,,,,,18.0,2.269,28.55,,3.43,1.19,
김치볶음_돼지고기,김치볶음,채소볶음류,35.8ml,161,7.34,8.8,58.0,478.0,0.7,34.68,0.94,4.5,,,,,0.6,30.0,1.876,57.65,,4.45,0.07,1.63
김치볶음_참치,김치볶음,채소볶음류,150ml,64,4.73,5.0,28.0,234.0,0.46,18.4,0.36,2.3,,,,,0.37,20.0,2.384,28.61,,2.56,1.08,0.78
김치볶음_햄,김치볶음,채소볶음류,28.2ml,188,9.47,11.2,57.0,385.0,1.2,37.21,1.16,2.8,,,,,0.61,20.0,5.009,44.08,,34.79,0.0,1.72
김치볶음,김치볶음,채소볶음류,80ml,38,4.34,1.2,30.0,203.0,0.33,14.83,0.26,2.4,,,,,0.38,17.0,0.41800000000000004,31.08,,2.1,0.0,0.56
김치볶음_김치_참치,김치볶음,채소볶음류,210ml,66,4.95,5.93,37.0,231.0,1.75,,,2.4,,,,,,25.0,2.3120000000000003,31.28,,3.54,1.14,
김치볶음_돼지고기,김치볶음,채소볶음류,100ml,58,4.6,2.4,30.0,234.0,0.39,16.79,0.39,2.7,,,,,0.18,20.0,0.8260000000000001,30.53,,2.18,0.03,0.85
김치볶음_참치,김치볶음,채소볶음류,210ml,72,5.44,5.0,31.0,264.0,0.49,20.28,0.38,2.7,,,,,0.3,27.0,2.428,31.35,,2.61,1.05,1.07
김치볶음_햄,김치볶음,채소볶음류,157.4ml,91,3.23,4.2,21.0,187.0,0.32,13.54,0.42,1.3,,,,,0.26,11.0,1.012,16.35,,10.24,0.0,0.62
김치순두부,김치순두부,찌개 및 전골류,100ml,42,1.54,4.7,15.0,157.0,0.47,16.99,0.37,0.8,,,,,0.16,6.0,0.734,12.05,,0.74,0.03,0.28
김치순두부_바지락,김치순두부,찌개 및 전골류,480ml,37,1.58,4.2,17.0,117.0,0.61,13.98,0.35,0.6,,,,,0.06,18.0,0.398,14.04,,0.58,0.11,0.44
김치순두부_해물,김치순두부,찌개 및 전골류,270ml,35,1.65,4.0,16.0,143.0,0.52,16.71,0.3,0.8,,,,,0.1,8.0,0.643,10.92,,0.55,0.08,0.41
김치순두부,김치순두부,찌개 및 전골류,100ml,42,1.54,4.7,15.0,157.0,0.47,16.99,0.37,0.8,,,,,0.16,6.0,0.734,12.05,,0.74,0.03,0.28
김치순두부,김치순두부,찌개 및 전골류,100ml,42,1.54,4.7,15.0,157.0,0.47,16.99,0.37,0.8,,,,,0.16,6.0,0.734,12.05,,0.74,0.03,0.28
김치순두부_바지락,김치순두부,찌개 및 전골류,166.42ml,50,2.48,5.7,25.0,200.0,0.81,26.02,0.45,1.2,,,,,0.1,15.0,0.657,18.98,,0.94,0.04,0.57
김치순두부_해물,김치순두부,찌개 및 전골류,270ml,35,1.65,4.0,16.0,143.0,0.52,16.71,0.3,0.8,,,,,0.1,8.0,0.643,10.92,,0.55,0.08,0.41
김치순두부,김치순두부,찌개 및 전골류,100ml,42,1.54,4.7,15.0,157.0,0.47,16.99,0.37,0.8,,,,,0.16,6.0,0.734,12.05,,0.74,0.03,0.28
김치순두부_돼지고기,김치순두부,찌개 및 전골류,270ml,26,1.48,3.0,14.0,121.0,0.36,13.34,0.23,0.7,,,,,0.06,9.0,0.675,8.13,,1.24,0.02,0.29
김치순두부_해물,김치순두부,찌개 및 전골류,270ml,35,1.65,4.0,16.0,143.0,0.52,16.71,0.3,0.8,,,,,0.1,8.0,0.643,10.92,,0.55,0.08,0.41
김치전,김치전,전·적 및 부침류,150g,134,19.01,5.05,43.0,208.0,0.63,16.95,0.44,2.4,3442.8,262.51,47.79,10.53,,18.0,0.41000000000000003,8.22,0.17,1.47,0.0,
김치전,김치전,전·적 및 부침류,180ml,122,19.35,3.03,22.0,105.0,0.38,,,1.6,,,,,,12.0,0.368,19.51,,2.04,0.03,
김치전,김치전,전·적 및 부침류,40ml,164,18.09,5.1,43.0,218.0,0.53,19.33,0.68,2.3,,,,,0.46,30.0,0.7949999999999999,29.18,,2.51,0.22,1.03
김치전_해물,김치전,전·적 및 부침류,120ml,96,10.88,4.32,24.0,126.0,0.6,,,1.3,,,,,,16.0,0.42400000000000004,21.12,,2.11,0.61,
김치전_해물,김치전,전·적 및 부침류,240ml,68,7.52,2.9,15.0,89.0,0.32,,,0.9,,,,,,9.0,0.238,13.53,,1.33,0.49,
김치전_오징어,김치전,전·적 및 부침류,65ml,162,20.48,5.5,39.0,240.0,0.5,22.07,0.55,2.7,,,,,0.4,25.0,0.563,33.47,,2.3,0.53,0.99
김치전,김치전,전·적 및 부침류,70ml,126,15.56,3.6,23.0,152.0,0.37,14.13,0.32,1.8,,,,,0.33,14.0,0.484,22.89,,1.49,0.23,0.79
김치전골,김치전골,찌개 및 전골류,270g,73,5.68,3.12,21.0,202.0,0.65,18.59,0.66,1.6,2875.23,245.56,16.72,1.79,,5.0,0.844,1.46,0.14,0.33,0.0,
김치전골,김치전골,찌개 및 전골류,550ml,40,4.91,3.0,15.0,154.0,0.42,13.9,0.34,1.3,,,,,0.04,37.0,0.6960000000000001,18.87,,2.41,0.02,0.21
김치찌개_꽁치,김치찌개,찌개 및 전골류,270g,89,3.54,7.14,50.0,227.0,0.46,18.97,0.44,2.6,6506.86,489.2,165.87,15.37,,19.0,2.733,28.11,2.5,0.0,1.61,
김치찌개_돼지고기,김치찌개,찌개 및 전골류,200g,45,1.04,4.25,12.0,149.0,0.49,14.23,0.57,1.5,3524.91,281.4,16.86,5.41,,2.0,2.475,5.09,0.0,0.0,0.0,
김치찌개_어묵,김치찌개,찌개 및 전골류,260g,38,6.31,1.82,20.0,153.0,0.25,14.53,0.33,1.3,1750.08,144.55,33.83,3.12,,11.0,0.10300000000000001,14.72,0.08,0.02,0.0,
김치찌개_참치,김치찌개,찌개 및 전골류,300g,51,2.9,3.59,17.0,219.0,0.39,17.58,0.26,1.6,3592.63,284.26,87.54,15.37,,5.0,2.13,1.83,0.5,0.89,0.0,
김치찌개_햄,김치찌개,찌개 및 전골류,300g,31,3.17,1.47,12.0,105.0,0.08,7.16,0.17,1.0,1477.67,118.03,46.48,4.19,,2.0,0.39,1.52,0.18,1.05,0.0,
김치찌개,김치찌개,찌개 및 전골류,400g,61,2.98,3.77,38.0,160.0,0.0,0.0,0.0,2.1,-,0.0,0.0,0.0,,24.0,2.119,0.0,0.0,0.0,,
김치찌개_김치만,김치찌개,찌개 및 전골류,100g,46,2.95,1.55,38.0,215.0,0.27,,,1.7,,,,,,,3.9699999999999998,,,0.22,0.0,
김치찌개_햄,김치찌개,찌개 및 전골류,300g,63,4.23,3.7,34.0,182.0,0.0,18.49,0.39,2.8,-,243.01,57.28,0.01,,17.0,0.54,16.44,0.03,0.24,,
김치찌개,김치찌개,찌개 및 전골류,200ml,19,2.33,1.2,23.0,120.0,0.3,12.69,0.21,1.4,,,,,0.11,9.0,0.241,18.52,,1.27,0.0,0.25
김치찌개_꽁치,김치찌개,찌개 및 전골류,240ml,47,2.44,4.3,61.0,126.0,1.5,15.68,0.31,1.3,,,,,0.43,8.0,1.766,18.45,,1.13,2.21,0.4
김치찌개_돼지고기,김치찌개,찌개 및 전골류,350ml,61,4.5,4.75,25.0,162.0,0.65,,,1.7,,,,,,12.0,1.208,19.0,,1.88,0.1,
김치찌개_돼지고기_두부,김치찌개,찌개 및 전골류,365ml,30,1.81,3.4,17.0,123.0,0.3,14.22,0.36,1.2,,,,,0.04,7.0,0.546,13.69,,0.94,0.02,0.23
김치찌개_참치,김치찌개,찌개 및 전골류,240ml,44,2.52,3.9,19.0,141.0,0.39,16.95,0.31,1.5,,,,,0.19,10.0,1.567,16.81,,1.35,0.72,0.55
김치찌개_햄,김치찌개,찌개 및 전골류,240ml,37,2.47,3.9,19.0,148.0,0.28,14.21,0.36,1.4,,,,,0.05,8.0,1.0550000000000002,16.88,,5.38,0.04,0.3
김치찌개_삼겹살,김치찌개,찌개 및 전골류,240ml,78,2.98,3.5,20.0,151.0,0.4,16.75,0.51,1.5,,,,,0.1,13.0,0.603,16.48,,1.35,0.1,0.39
김치찌개,김치찌개,찌개 및 전골류,200ml,19,2.33,1.2,23.0,120.0,0.3,12.69,0.21,1.4,,,,,0.11,9.0,0.241,18.52,,1.27,0.0,0.25
김치찌개_꽁치,김치찌개,찌개 및 전골류,240ml,45,2.06,4.1,65.0,91.0,1.56,15.73,0.31,1.0,,,,,0.49,7.0,1.744,18.44,,1.82,2.2,0.37
김치찌개_돼지고기,김치찌개,찌개 및 전골류,150ml,38,2.17,3.87,20.0,147.0,0.42,,,1.2,,,,,,8.0,1.106,14.4,,1.58,0.08,
김치찌개_돼지고기_두부,김치찌개,찌개 및 전골류,124.76ml,42,2.34,4.2,20.0,148.0,0.42,18.46,0.56,1.5,,,,,0.07,10.0,0.9440000000000001,15.2,,1.09,0.08,0.41
김치찌개_참치,김치찌개,찌개 및 전골류,150ml,37,2.16,4.78,22.0,158.0,1.3,,,1.2,,,,,,7.0,1.9380000000000002,14.5,,1.57,0.84,
김치찌개_햄,김치찌개,찌개 및 전골류,201.7ml,37,2.92,2.6,19.0,95.0,0.31,8.84,0.32,0.9,,,,,0.02,10.0,0.6449999999999999,16.71,,5.94,0.1,0.2
김치찌개_삼겹살,김치찌개,찌개 및 전골류,240ml,74,2.59,3.4,24.0,116.0,0.46,16.81,0.51,1.2,,,,,0.1,11.0,0.575,16.46,,2.05,0.1,0.39
김치찌개,김치찌개,찌개 및 전골류,200ml,19,2.33,1.2,23.0,120.0,0.3,12.69,0.21,1.4,,,,,0.11,9.0,0.241,18.52,,1.27,0.0,0.25
김치찌개_돼지고기_두부,김치찌개,찌개 및 전골류,165.4ml,41,2.35,4.1,20.0,149.0,0.4,17.77,0.56,1.5,,,,,0.06,10.0,0.9460000000000001,15.58,,1.13,0.08,0.39
김치찌개_참치,김치찌개,찌개 및 전골류,190ml,36,2.28,4.61,22.0,158.0,1.27,,,1.3,,,,,,9.0,1.921,14.72,,1.52,0.8,
김치찌개_햄,김치찌개,찌개 및 전골류,201.7ml,39,3.27,2.8,15.0,129.0,0.26,8.8,0.32,1.2,,,,,0.03,11.0,0.6699999999999999,16.72,,5.27,0.1,0.2
김치찌개,김치찌개,찌개 및 전골류,200ml,19,2.33,1.2,23.0,120.0,0.3,12.69,0.21,1.4,,,,,0.11,9.0,0.241,18.52,,1.27,0.0,0.25
김치찌개_꽁치,김치찌개,찌개 및 전골류,240ml,45,2.06,4.1,65.0,91.0,1.56,15.73,0.31,1.0,,,,,0.49,7.0,1.744,18.44,,1.82,2.2,0.37
김치찌개_돼지고기,김치찌개,찌개 및 전골류,270ml,41,2.6,3.74,23.0,158.0,0.45,,,1.5,,,,,,12.0,0.98,17.75,,1.76,0.06,
김치찌개_돼지고기_두부,김치찌개,찌개 및 전골류,290ml,35,2.36,3.3,20.0,143.0,0.37,17.06,0.47,1.5,,,,,0.06,10.0,0.754,16.66,,1.13,0.06,0.38
김치찌개_어묵,김치찌개,찌개 및 전골류,313.8ml,43,4.28,2.9,40.0,82.0,0.45,14.66,0.26,1.0,,,,,0.1,10.0,0.235,14.56,,1.44,0.01,0.37
김치찌개_참치,김치찌개,찌개 및 전골류,270ml,39,2.44,4.69,23.0,148.0,1.28,,,1.4,,,,,,11.0,1.687,17.3,,1.61,0.82,
김치찌개_햄,김치찌개,찌개 및 전골류,297.5ml,44,4.65,2.7,16.0,124.0,0.33,8.58,0.3,1.2,,,,,0.03,11.0,0.6459999999999999,16.2,,5.08,0.1,0.2
김치찌개_삼겹살,김치찌개,찌개 및 전골류,240ml,78,2.98,3.5,20.0,151.0,0.4,16.75,0.51,1.5,,,,,0.1,13.0,0.603,16.48,,1.35,0.1,0.39
김치찜_간편조리세트_돼지고기 묵은지찜,김치찜,찜류,670g,52,2.99,4.9,18.0,204.0,0.43,,,1.3,,,,,,,1.17,,,1.15,0.0,
김치찜_돼지고기,김치찜,찜류,450ml,88,4.62,6.54,36.0,229.0,0.84,,,2.1,,,,,,16.0,1.556,31.0,,2.96,0.14,
김치찜_돼지고기,김치찜,찜류,170ml,82,3.17,5.8,16.0,163.0,0.4,,,0.9,,,,,,10.0,1.4529999999999998,12.67,,1.76,0.09,
김치찜_돼지고기,김치찜,찜류,300ml,77,2.63,7.11,16.0,180.0,0.44,,,1.0,,,,,,12.0,1.714,12.66,,1.78,0.14,
김치찜_돼지고기,김치찜,찜류,350ml,63,4.78,4.8,23.0,184.0,0.61,19.74,0.67,1.8,,,,,0.07,12.0,1.248,19.1,,1.43,0.1,0.47
김치찜_돼지고기_두부,김치찜,찜류,270ml,44,2.86,3.8,21.0,179.0,0.4,17.8,0.51,1.7,,,,,0.06,13.0,1.079,17.92,,1.29,0.07,0.5
김치찜_간편조리세트_돼지고기 김치찜,김치찜,찜류,700g,97,5.75,10.14,24.0,303.0,0.49,,,1.1,,,,,,,2.607,,,3.94,0.0,
김튀김,김튀김,튀김류,50g,522,54.36,11.0,51.0,577.0,3.12,108.96,4.52,12.2,8930.92,747.14,167.6,23.54,,215.0,19.240000000000002,161.72,18.48,0.0,0.0,
깍두기,깍두기,김치류,50g,33,4.24,1.56,45.0,283.0,0.28,30.82,0.16,2.1,1117.72,65.44,15.0,13.62,,9.0,0.62,14.66,0.0,0.54,0.0,
깍두기,깍두기,김치류,,40,8.27,1.36,32.0,258.0,0.29,,,,,,,,,11.0,0.326,,,2.91,0.0,
깍두기,깍두기,김치류,47.4ml,23,4.59,1.1,32.0,299.0,0.29,16.21,0.44,1.4,,,,,0.02,14.0,0.345,31.82,,6.32,0.0,0.6
깐쇼새우,깐쇼새우,튀김류,330ml,150,14.7,7.9,27.0,113.0,1.49,,,0.8,,,,,,29.0,1.3370000000000002,19.47,,2.04,0.13,
깐풍기,깐풍기,튀김류,180ml,190,16.42,13.3,16.0,354.0,1.0,32.41,0.62,2.8,,,,,0.4,82.0,2.415,19.29,,7.23,0.06,2.38
깐풍기,깐풍기,튀김류,75.3ml,156,7.07,16.0,13.0,257.0,0.93,28.05,0.56,0.4,,,,,0.31,41.0,2.2399999999999998,11.67,,2.73,0.06,0.76
깐풍기,깐풍기,튀김류,75.3ml,156,7.07,16.0,13.0,257.0,0.93,28.05,0.56,0.4,,,,,0.31,41.0,2.2399999999999998,11.67,,2.73,0.06,0.76
깐풍기,깐풍기,튀김류,164.2ml,156,6.93,16.1,13.0,259.0,0.93,28.39,0.56,0.4,,,,,0.31,40.0,2.267,11.43,,2.64,0.05,0.75
깐풍새우,깐풍새우,튀김류,100g,240,20.56,8.15,100.0,118.0,0.97,,,2.5,,,,,,,1.183,,,0.37,0.0,
깨죽,깨죽,죽 및 스프류,800g,64,9.91,1.71,50.0,28.0,0.0,0.0,0.0,1.2,-,0.0,0.0,0.0,,0.0,0.45199999999999996,0.0,0.0,0.0,,
깨찰빵_깨찰빵,깨찰빵,빵 및 과자류,50g,302,,4.0,,,,,,,,,,,,,0.0,,,,,
깨찰빵_깨찰빵,깨찰빵,빵 및 과자류,48g,375,,4.17,,,,,,,,,,,,,0.0,,,,,
깨찰빵_씨앗찰빵,깨찰빵,빵 및 과자류,100g,366,,6.0,,,,,,,,,,,,,0.0,,,,,
깨찰빵_쫀득쫀득한찰깨빵 (2개입),깨찰빵,빵 및 과자류,110g,373,63.64,3.64,,,,,,,,,,,,,0.0,,,,,
깨찰빵_쫀득쫀득한찰깨빵,깨찰빵,빵 및 과자류,55g,373,63.64,3.64,,,,,,,,,,,,,0.0,,,,,
깨찰빵_쫀득한모카찰깨빵,깨찰빵,빵 및 과자류,70g,357,,4.29,,,,,,,,,,,,,0.0,,,,,
깻잎김치,깻잎김치,김치류,50g,62,8.92,2.82,72.0,384.0,0.68,46.66,0.5,3.6,2330.1,188.4,33.34,0.34,,134.0,1.5999999999999999,29.42,0.0,2.84,0.0,
깻잎김치,깻잎김치,김치류,100g,83,11.77,3.44,106.0,323.0,1.19,,,4.3,,,,,,,0.544,,,0.36,0.0,
깻잎김치,깻잎김치,김치류,115.3ml,45,7.35,3.1,157.0,293.0,1.22,79.26,0.37,4.0,,,,,0.19,296.0,1.1320000000000001,71.48,,1.29,0.1,1.46
깻잎김치,깻잎김치,김치류,46.3ml,41,7.13,3.2,186.0,297.0,1.32,91.07,0.36,4.0,,,,,0.17,355.0,1.0390000000000001,85.27,,1.61,0.09,1.2
깻잎김치,깻잎김치,김치류,115.3ml,45,7.35,3.1,157.0,293.0,1.22,79.26,0.37,4.0,,,,,0.19,296.0,1.1320000000000001,71.48,,1.29,0.1,1.46
깻잎나물,깻잎나물,나물·숙채류,50g,78,5.04,2.68,93.0,522.0,0.78,48.48,0.68,2.4,1933.62,160.48,15.4,0.0,,194.0,2.7600000000000002,62.34,0.0,2.28,0.0,
깻잎나물,깻잎나물,나물·숙채류,100g,146,6.42,4.23,276.0,167.0,1.23,,,4.3,,,,,,,1.76,,,0.58,0.0,
깻잎나물,깻잎나물,나물·숙채류,70ml,47,6.25,2.8,164.0,258.0,1.13,85.08,0.3,3.4,,,,,0.18,343.0,0.748,83.45,,1.67,0.0,0.82
깻잎나물,깻잎나물,나물·숙채류,50ml,33,4.21,2.1,127.0,195.0,0.88,67.43,0.22,2.5,,,,,0.38,263.0,0.541,64.49,,1.33,0.0,0.54
깻잎나물_깻잎,깻잎나물,나물·숙채류,50ml,33,4.36,2.12,127.0,193.0,0.88,,,2.5,,,,,,263.0,0.556,64.5,,1.36,0.0,
깻잎나물,깻잎나물,나물·숙채류,88.4ml,63,6.0,2.7,148.0,239.0,1.02,75.98,0.31,3.1,,,,,0.33,293.0,0.7,74.7,,2.15,0.0,0.83
깻잎나물,깻잎나물,나물·숙채류,70ml,47,6.25,2.8,164.0,258.0,1.13,85.08,0.3,3.4,,,,,0.18,343.0,0.748,83.45,,1.67,0.0,0.82
깻잎나물볶음,깻잎나물볶음,나물·숙채류,200g,103,5.75,3.75,182.0,176.0,0.0,51.06,0.76,5.2,-,305.41,36.51,11.8,,443.0,0.21799999999999997,29.19,,0.82,,
깻잎장아찌,깻잎장아찌,장아찌·절임류,82.9ml,65,12.9,3.7,154.0,327.0,1.28,86.71,0.41,3.9,,,,,0.13,319.0,1.231,80.89,,1.46,0.0,1.21
깻잎전,깻잎전,전·적 및 부침류,150g,241,9.7,11.82,73.0,214.0,0.0,27.83,1.24,3.1,-,928.73,236.7,0.0,,77.0,1.059,0.0,0.0,0.0,,
깻잎전,깻잎전,전·적 및 부침류,72.8ml,215,16.92,12.0,82.0,226.0,1.71,46.33,2.07,1.8,,,,,0.53,167.0,1.0779999999999998,49.84,,0.8,0.24,1.35
깻잎전,깻잎전,전·적 및 부침류,146.1ml,71,5.87,3.9,27.0,74.0,0.55,15.32,0.67,0.6,,,,,0.17,56.0,0.37,18.19,,0.27,0.13,0.43
깻잎전,깻잎전,전·적 및 부침류,72.8ml,215,17.53,11.9,83.0,227.0,1.68,46.33,2.07,1.8,,,,,0.54,171.0,1.13,55.67,,0.81,0.42,1.32
깻잎찜,깻잎찜,찜류,100g,97,5.96,5.21,260.0,565.0,1.7,73.62,1.34,3.7,4561.53,400.27,49.91,1.05,,397.0,4.25,87.98,0.0,0.93,0.0,
깻잎찜,깻잎찜,찜류,100g,112,13.6,3.96,110.0,290.0,1.34,,,3.7,,,,,,,1.218,,,0.3,0.0,
깻잎찜,깻잎찜,찜류,40ml,48,8.1,3.04,118.0,265.0,1.01,,,3.0,,,,,,247.0,0.948,63.3,,2.12,0.0,
깻잎찜,깻잎찜,찜류,30ml,60,9.07,2.98,111.0,264.0,1.02,,,3.0,,,,,,234.0,0.976,58.66,,2.71,0.0,
깻잎찜,깻잎찜,찜류,32.1ml,59,8.23,4.0,160.0,321.0,1.33,90.26,0.45,3.7,,,,,0.14,327.0,1.181,86.39,,6.83,0.0,0.95
깻잎찜,깻잎찜,찜류,50ml,30,4.59,1.7,62.0,152.0,0.56,36.74,0.2,1.7,,,,,0.05,131.0,0.5509999999999999,32.81,,0.91,0.0,0.59
깻잎튀김,깻잎튀김,튀김류,60.3ml,238,20.56,7.0,127.0,210.0,1.43,58.6,0.71,2.3,,,,,0.82,249.0,0.604,72.96,,0.91,0.34,1.91
깻잎튀김,깻잎튀김,튀김류,32.8ml,191,17.33,5.4,107.0,175.0,1.12,49.36,0.57,1.9,,,,,0.67,211.0,0.556,66.55,,0.77,0.46,1.5
깻잎튀김,깻잎튀김,튀김류,32.8ml,191,17.33,5.4,107.0,175.0,1.12,49.36,0.57,1.9,,,,,0.67,211.0,0.556,66.55,,0.77,0.46,1.5
껍질콩볶음_맛살,껍질콩볶음,채소볶음류,150ml,98,9.35,3.3,112.0,18.0,0.74,20.37,0.23,1.2,,,,,0.35,5.0,0.6719999999999999,27.74,,7.98,0.0,0.77
꼬리곰탕,꼬리곰탕,국 및 탕류,800ml,40,2.29,2.3,4.0,36.0,0.23,2.81,0.53,0.1,,,,,0.0,1.0,0.474,1.78,,0.27,0.0,0.04
꼬리곰탕_당면,꼬리곰탕,국 및 탕류,585ml,67,2.96,3.9,8.0,57.0,0.51,4.03,0.98,0.2,,,,,0.0,2.0,0.906,2.07,,0.33,0.0,0.06
꼬리곰탕,꼬리곰탕,국 및 탕류,217.6ml,113,6.99,6.9,13.0,166.0,0.74,10.3,1.66,0.5,,,,,0.01,3.0,1.08,10.34,,2.29,0.0,0.07
꼬막무침,꼬막무침,찜류,100g,107,7.69,8.34,83.0,191.0,4.71,,,1.8,,,,,,,3.496,,,1.06,0.0,
꼬막찜,꼬막찜,찜류,200g,96,6.97,12.03,73.0,221.0,8.53,55.24,1.47,2.9,11304.16,849.77,209.41,45.87,,11.0,39.864999999999995,41.58,38.3,14.05,0.0,
꼬막찜_참꼬막,꼬막찜,찜류,80g,113,5.74,15.59,78.0,187.0,0.01,60.16,2.34,2.2,-,1036.19,305.19,57.0,,39.0,2.3,51.63,0.0,0.0,,
꼬막찜,꼬막찜,찜류,100ml,30,2.19,4.01,28.0,47.0,1.99,,,0.4,,,,,,18.0,1.224,11.08,,1.31,0.0,
꼬막찜,꼬막찜,찜류,98.9ml,121,12.33,13.3,94.0,201.0,6.8,62.6,1.25,2.4,,,,,0.05,69.0,4.153,39.32,,3.52,0.0,1.63
꼬치구이_닭고기_대파,꼬치구이,육류 및 채소구이류,170g,245,10.35,17.85,16.0,294.0,1.09,24.57,2.01,3.7,14161.26,1134.38,372.04,17.05,,26.0,0.496,31.69,0.32,2.28,0.0,
꼬치구이_닭고기,꼬치구이,육류 및 채소구이류,70g,252,19.07,16.52,25.0,218.0,0.01,0.0,0.0,3.0,-,0.0,0.0,0.0,,27.0,3.034,0.0,0.0,0.0,,
꼬치구이_닭고기,꼬치구이,육류 및 채소구이류,240ml,115,0.75,23.4,11.0,323.0,1.09,35.93,0.68,0.0,,,,,0.01,46.0,3.2590000000000003,7.23,,0.1,0.0,0.18
꼬치구이_닭모래집_고추장,꼬치구이,육류 및 채소구이류,126ml,122,1.33,22.6,14.0,240.0,2.27,19.56,3.36,0.1,,,,,0.0,26.0,3.664,9.48,,0.0,0.0,0.54
꼬치구이_닭모래집_간장,꼬치구이,육류 및 채소구이류,75ml,160,5.58,27.8,18.0,320.0,2.85,28.16,4.06,0.1,,,,,0.0,27.0,4.731,14.08,,0.96,0.0,0.58
꼬치구이_닭고기,꼬치구이,육류 및 채소구이류,240ml,115,0.75,23.4,11.0,323.0,1.09,35.93,0.68,0.0,,,,,0.01,46.0,3.2590000000000003,7.23,,0.1,0.0,0.18
꼬치구이_닭고기,꼬치구이,육류 및 채소구이류,240ml,115,0.75,23.4,11.0,323.0,1.09,35.93,0.68,0.0,,,,,0.01,46.0,3.2590000000000003,7.23,,0.1,0.0,0.18
꼬치구치_낙지,꼬치구치,전·적 및 부침류,80g,94,3.53,16.43,23.0,178.0,0.0,47.88,3.59,0.7,-,1115.4,348.91,64.55,,10.0,2.121,11.45,0.0,0.0,,
꽁치구이,꽁치구이,생선구이류,205ml,80,0.79,9.39,18.0,64.0,0.71,,,0.0,,,,,,9.0,2.751,5.88,,0.41,6.11,
꽁치구이,꽁치구이,생선구이류,54.2ml,215,2.18,25.4,48.0,171.0,1.9,21.6,0.63,0.1,,,,,1.66,23.0,7.430000000000001,15.87,,1.11,16.49,2.42
꽁치구이,꽁치구이,생선구이류,100ml,196,2.81,21.64,40.0,146.0,1.63,,,0.1,,,,,,20.0,6.312,13.67,,0.94,13.99,
꽁치조림,꽁치조림,조림류,100g,244,5.14,15.52,78.0,310.0,1.29,28.18,0.74,3.6,15133.78,1135.95,419.35,39.26,,12.0,20.14,25.96,9.47,2.72,2.57,
꽁치조림_채소,꽁치조림,조림류,190ml,72,4.75,8.85,22.0,172.0,0.82,,,1.1,,,,,,24.0,2.766,14.64,,2.31,5.32,
꽁치조림_김치,꽁치조림,조림류,80ml,61,3.57,6.0,74.0,143.0,2.03,13.82,0.33,1.0,,,,,0.59,11.0,2.5989999999999998,15.35,,2.23,3.71,0.47
꽁치조림,꽁치조림,조림류,78.7ml,131,4.51,18.1,42.0,248.0,1.48,22.06,0.65,0.6,,,,,0.78,17.0,5.353,26.83,,3.93,12.02,1.29
꽁치조림,꽁치조림,조림류,78.7ml,129,4.25,18.0,44.0,250.0,1.48,22.15,0.66,0.4,,,,,0.88,16.0,5.305,26.26,,3.41,11.19,1.29
꽁치조림_무,꽁치조림,조림류,95ml,83,5.73,9.1,29.0,223.0,0.94,17.8,0.44,1.4,,,,,0.41,26.0,2.907,20.84,,3.06,5.6,1.27
꽁치조림_배추김치,꽁치조림,조림류,160ml,81,5.52,7.25,94.0,188.0,2.37,,,1.7,,,,,,18.0,3.124,27.87,,2.8,4.29,
꽁치조림_무,꽁치조림,조림류,95ml,83,5.73,9.1,29.0,223.0,0.94,17.8,0.44,1.4,,,,,0.41,26.0,2.907,20.84,,3.06,5.6,1.27
꽁치조림_배추김치,꽁치조림,조림류,210ml,88,5.79,10.29,52.0,233.0,1.38,,,2.2,,,,,,34.0,3.3840000000000003,29.89,,3.02,6.02,
꽁치조림_채소,꽁치조림,조림류,220ml,88,5.36,10.59,44.0,206.0,1.36,,,1.3,,,,,,26.0,3.4960000000000004,19.08,,3.04,6.37,
꽁치찌개,꽁치찌개,찌개 및 전골류,300g,118,4.07,8.0,73.0,225.0,0.0,21.61,0.47,3.1,-,554.91,185.56,0.02,,23.0,5.67,16.01,4.25,1.71,,
꽁치찌개_김치,꽁치찌개,찌개 및 전골류,240ml,60,2.86,6.2,77.0,161.0,1.89,15.77,0.34,1.5,,,,,0.56,13.0,2.569,23.17,,1.77,3.76,0.54
꽁치튀김,꽁치튀김,튀김류,100ml,105,2.41,5.3,11.0,38.0,0.41,5.03,0.14,0.1,,,,,0.7,5.0,1.4869999999999999,3.93,,0.22,3.27,1.04
꽁치튀김,꽁치튀김,튀김류,100ml,105,2.39,5.3,11.0,38.0,0.41,5.03,0.14,0.1,,,,,0.67,5.0,1.4869999999999999,4.05,,0.22,3.51,1.04
꽃게 매운탕,꽃게 매운탕,찌개 및 전골류,232.9ml,31,1.3,5.7,47.0,113.0,0.29,17.52,0.77,0.2,,,,,0.11,3.0,0.11499999999999999,8.88,,1.41,0.0,0.26
꽃게장_간장,꽃게장,젓갈류,250g,62,6.04,7.02,65.0,230.0,0.95,42.98,1.32,1.1,6021.86,468.02,130.68,57.45,,8.0,16.836000000000002,28.4,3.18,17.11,0.0,
꽃게장_양념,꽃게장,젓갈류,200g,97,12.61,10.23,265.0,433.0,1.29,60.62,1.63,4.7,8708.54,634.29,180.58,58.42,,52.0,15.445,30.76,1.71,22.05,0.0,
꽃게장_양념,꽃게장,젓갈류,50.9ml,98,9.66,12.7,97.0,442.0,1.11,50.1,1.7,4.1,,,,,0.24,60.0,1.328,22.84,,1.1,0.0,3.18
꽃게찜,꽃게찜,찜류,800ml,52,5.1,5.9,49.0,183.0,0.72,29.83,1.04,1.8,,,,,0.36,21.0,0.804,22.48,,0.99,0.04,0.99
꽃게콩나물찜,꽃게콩나물찜,찜류,800ml,52,5.1,5.86,49.0,184.0,0.72,,,1.8,,,,,,21.0,0.8009999999999999,22.47,,0.97,0.04,
꽃게탕,꽃게탕,찌개 및 전골류,600g,17,1.44,1.86,23.0,99.0,0.44,10.51,0.28,0.8,1322.58,90.1,24.09,12.72,,1.0,6.233,6.45,0.25,4.56,0.0,
꽃게탕,꽃게탕,찌개 및 전골류,809.1ml,23,1.83,3.1,28.0,84.0,0.28,13.94,0.43,0.5,,,,,0.07,12.0,0.159,11.98,,0.95,0.0,0.17
꽃게탕,꽃게탕,찌개 및 전골류,200ml,18,1.65,2.3,19.0,97.0,0.36,,,0.6,,,,,,7.0,0.473,8.87,,1.14,0.03,
꽃게탕,꽃게탕,찌개 및 전골류,230ml,23,2.25,2.8,22.0,131.0,0.36,,,0.8,,,,,,11.0,0.612,10.55,,1.42,0.14,
꽃게탕,꽃게탕,찌개 및 전골류,296ml,31,2.12,4.9,40.0,136.0,0.32,16.93,0.66,0.7,,,,,0.09,7.0,0.239,11.18,,2.46,0.0,0.4
꽃게탕_간편조리세트_3마리꽃게탕,꽃게탕,찌개 및 전골류,1226g,26,2.47,2.58,42.0,128.0,0.77,,,1.0,,,,,,,2.6790000000000003,,,7.41,0.0,
꽈리고추 오징어조림,꽈리고추 오징어조림,조림류,87.7ml,135,6.39,14.3,60.0,259.0,0.85,45.88,1.15,1.1,,,,,1.0,12.0,2.178,34.76,,17.33,4.33,0.79
꽈리고추볶음,꽈리고추볶음,채소볶음류,78.6ml,145,12.59,2.4,19.0,241.0,0.62,23.45,0.3,2.3,,,,,0.6,26.0,1.032,67.75,,36.37,0.0,1.04
꽈리고추볶음_멸치,꽈리고추볶음,채소볶음류,90ml,79,5.6,8.0,369.0,204.0,1.97,52.86,0.78,1.0,,,,,0.3,14.0,0.792,42.58,,13.72,0.6,0.43
꽈리고추볶음_잔멸치,꽈리고추볶음,채소볶음류,70ml,64,3.1,7.6,109.0,149.0,0.3,62.11,0.88,0.7,,,,,0.55,8.0,0.713,35.31,,10.2,2.86,0.2
꽈리고추볶음_잔멸치,꽈리고추볶음,채소볶음류,40.6ml,152,11.91,12.2,167.0,313.0,0.74,101.1,1.4,1.9,,,,,0.59,23.0,1.545,76.86,,27.69,4.09,0.59
꽈리고추볶음_잔멸치_호두,꽈리고추볶음,채소볶음류,110ml,72,4.34,6.5,90.0,140.0,0.34,53.61,0.75,0.7,,,,,0.87,7.0,0.6549999999999999,32.32,,9.32,2.29,0.25
꽈리고추볶음,꽈리고추볶음,채소볶음류,78.6ml,145,12.59,2.4,19.0,241.0,0.62,23.45,0.3,2.3,,,,,0.6,26.0,1.032,67.75,,36.37,0.0,1.04
꽈리고추볶음_잔멸치,꽈리고추볶음,채소볶음류,73ml,154,11.94,12.3,168.0,316.0,0.74,101.68,1.41,1.9,,,,,0.89,23.0,1.545,76.6,,27.36,4.13,0.6
꽈리고추볶음_잔멸치_호두,꽈리고추볶음,채소볶음류,110ml,72,4.34,6.5,90.0,140.0,0.34,53.61,0.75,0.7,,,,,0.87,7.0,0.6549999999999999,32.32,,9.32,2.29,0.25
꽈리고추조림_멸치,꽈리고추조림,조림류,80ml,57,4.7,7.1,257.0,201.0,1.44,46.73,0.73,1.2,,,,,0.23,15.0,0.71,38.49,,16.46,0.8,0.18
꽈리고추찜,꽈리고추찜,찜류,100g,104,17.69,3.59,27.0,239.0,0.64,24.81,0.37,4.4,2940.8,234.55,20.99,4.59,,30.0,0.03,23.56,0.0,32.52,0.0,
꽈리고추찜,꽈리고추찜,찜류,100ml,41,7.51,1.48,11.0,132.0,0.34,,,1.5,,,,,,21.0,0.5609999999999999,35.65,,19.2,0.0,
꽈리고추찜,꽈리고추찜,찜류,110ml,36,6.55,1.3,8.0,110.0,0.29,10.62,0.14,1.3,,,,,0.01,15.0,0.479,26.1,,13.37,0.0,0.32
꿀떡,꿀떡,빵 및 과자류,100g,228,49.48,3.74,15.0,39.0,0.36,22.61,0.62,0.8,3143.2,289.55,45.99,15.47,,0.0,0.36000000000000004,15.58,0.0,0.0,0.0,
꿀차_꿀과실차 대추,꿀차,음료 및 차류,355g,22,,0.0,,,,,,,,,,,,,0.0,,,,,
꿀차_꿀과실차 레몬,꿀차,음료 및 차류,355g,21,,0.0,,,,,,,,,,,,,0.0,,,,,
꿀차_꿀과실차 모과,꿀차,음료 및 차류,355g,22,,0.0,,,,,,,,,,,,,0.0,,,,,
꿀차_꿀과실차 생강,꿀차,음료 및 차류,355g,23,,0.0,,,,,,,,,,,,,0.0,,,,,
꿀차_꿀과실차 유자,꿀차,음료 및 차류,355g,21,,0.0,,,,,,,,,,,,,0.0,,,,,
꿀차_꿀과실차 자몽,꿀차,음료 및 차류,355g,22,,0.08,,,,,,,,,,,,,0.0,,,,,
꿩불고기,꿩불고기,육류 및 채소구이류,500g,74,7.94,6.7,21.0,249.0,0.0,17.08,0.8,2.0,-,465.72,129.04,9.51,,24.0,0.788,12.63,0.0,0.6,,
나박김치,나박김치,김치류,100g,10,1.15,0.46,8.0,89.0,0.2,6.56,0.26,0.8,269.83,10.86,0.21,5.4,,1.0,0.16,10.91,0.0,2.14,0.0,
나베_간편조리세트_통등심가스나베,나베,찌개 및 전골류,1166g,170,15.71,5.41,10.0,126.0,0.44,,,0.8,,,,,,,1.488,,,0.29,0.11,
나폴리탄 스파게티,나폴리탄 스파게티,면 및 만두류,360ml,116,22.5,3.6,17.0,196.0,0.53,18.11,0.3,1.6,,,,,0.05,20.0,0.9249999999999999,12.49,,3.02,0.0,0.36
낙지 덮밥,낙지 덮밥,밥류,900ml,92,15.44,4.5,13.0,126.0,0.45,20.37,0.7,1.2,,,,,0.06,20.0,0.316,9.46,,1.63,0.0,0.5
낙지 덮밥,낙지 덮밥,밥류,900ml,92,16.1,3.8,12.0,131.0,0.4,16.69,0.59,1.2,,,,,0.12,20.0,0.6759999999999999,8.42,,1.57,0.0,0.44
낙지 덮밥,낙지 덮밥,밥류,900ml,92,16.1,3.8,12.0,131.0,0.4,16.69,0.59,1.2,,,,,0.12,20.0,0.6759999999999999,8.42,,1.57,0.0,0.44
낙지 비빔밥,낙지 비빔밥,밥류,900ml,88,14.72,4.3,14.0,107.0,0.45,17.85,0.68,1.0,,,,,0.1,23.0,0.308,13.41,,1.42,0.03,0.46
낙지 비빔밥,낙지 비빔밥,밥류,900ml,88,14.72,4.3,14.0,107.0,0.45,17.85,0.68,1.0,,,,,0.1,23.0,0.308,13.41,,1.42,0.03,0.46
낙지 비빔밥,낙지 비빔밥,밥류,900ml,88,14.72,4.3,14.0,107.0,0.45,17.85,0.68,1.0,,,,,0.1,23.0,0.308,13.41,,1.42,0.03,0.46
낙지 삼겹살 볶음,낙지 삼겹살 볶음,볶음류,255ml,151,3.73,9.1,16.0,194.0,0.73,29.77,1.17,0.6,,,,,0.13,15.0,0.734,7.07,,0.89,0.18,0.39
낙지무침,낙지무침,무침류,180g,77,3.96,12.41,25.0,135.0,0.47,22.38,2.17,3.8,11760.23,947.04,233.19,37.69,,21.0,5.574999999999999,7.83,1.12,0.89,0.0,
낙지무침,낙지무침,무침류,150ml,59,4.5,9.6,30.0,283.0,1.02,45.68,1.35,1.3,,,,,0.05,18.0,0.331,23.13,,4.11,0.0,0.49
낙지무침,낙지무침,무침류,150ml,59,4.5,9.6,30.0,283.0,1.02,45.68,1.35,1.3,,,,,0.05,18.0,0.331,23.13,,4.11,0.0,0.49
낙지볶음,낙지볶음,볶음류,200g,91,8.6,5.77,29.0,217.0,0.42,30.55,0.71,2.8,5259.78,377.79,83.97,23.3,,52.0,1.9300000000000002,26.62,0.35,11.43,0.0,
낙지볶음,낙지볶음,볶음류,256ml,74,7.79,6.2,21.0,203.0,0.7,31.21,0.79,1.6,,,,,0.16,28.0,0.418,11.02,,6.89,0.0,0.79
낙지볶음,낙지볶음,볶음류,80.5ml,136,11.29,12.6,43.0,364.0,1.36,60.38,1.59,2.5,,,,,0.34,33.0,0.69,20.47,,12.05,0.0,1.41
낙지볶음_채소,낙지볶음,볶음류,140ml,67,8.11,5.42,15.0,182.0,0.36,,,0.8,,,,,,27.0,0.897,8.85,,1.93,0.0,
낙지볶음,낙지볶음,볶음류,80.5ml,136,11.29,12.6,43.0,364.0,1.36,60.38,1.59,2.5,,,,,0.34,33.0,0.69,20.47,,12.05,0.0,1.41
낙지볶음,낙지볶음,볶음류,251.6ml,73,5.93,6.9,24.0,196.0,0.74,33.04,0.87,1.3,,,,,0.18,17.0,0.364,10.86,,6.24,0.0,0.73
낙지볶음_떡,낙지볶음,볶음류,110ml,105,8.21,16.1,34.0,318.0,1.65,70.28,2.09,1.2,,,,,0.08,25.0,0.438,16.21,,1.86,0.0,0.76
낙지전골,낙지전골,찌개 및 전골류,300g,51,3.72,6.5,10.0,165.0,0.65,12.16,1.87,1.5,5955.52,475.31,146.61,22.18,,4.0,10.14,8.78,0.77,0.85,0.0,
낙지전골,낙지전골,찌개 및 전골류,430ml,35,3.56,4.19,16.0,142.0,0.8,,,1.0,,,,,,15.0,0.553,13.52,,1.42,0.0,
낙지전골_간편조리세트_낙곱새,낙지전골,찌개 및 전골류,923g,88,12.88,5.47,55.0,197.0,4.06,,,1.6,,,,,,,0.9,,,0.33,0.0,
낙지찜,낙지찜,찜류,600ml,74,3.81,5.47,26.0,186.0,0.7,,,1.2,,,,,,13.0,1.069,22.95,,0.82,0.11,
낙지탕,낙지탕,국 및 탕류,600g,31,1.73,4.9,18.0,107.0,0.0,18.4,0.97,0.6,-,337.64,109.79,17.94,,4.0,0.889,7.34,0.71,0.0,,
낙지탕(맑은탕),낙지탕(맑은탕),국 및 탕류,600ml,16,0.8,3.0,10.0,80.0,0.37,14.26,0.41,0.3,,,,,0.02,3.0,0.303,6.16,,0.86,0.0,0.13
낙지탕(맑은탕),낙지탕(맑은탕),국 및 탕류,600ml,16,0.8,3.0,10.0,80.0,0.37,14.26,0.41,0.3,,,,,0.02,3.0,0.303,6.16,,0.86,0.0,0.13
난자완스,난자완스,튀김류,200g,173,9.57,10.81,17.0,158.0,0.01,0.0,0.0,1.7,-,0.0,0.0,0.0,,16.0,2.336,0.0,0.0,0.0,,
난자완스,난자완스,튀김류,200ml,198,10.16,7.9,19.0,212.0,1.34,15.63,2.07,1.1,,,,,0.04,32.0,1.19,19.2,,3.86,0.05,0.4
난자완스,난자완스,튀김류,200ml,194,10.36,7.8,23.0,201.0,1.31,15.88,2.09,1.0,,,,,0.04,30.0,1.275,20.27,,3.41,0.09,0.39
내장전골,내장전골,찌개 및 전골류,470ml,58,2.89,5.41,18.0,119.0,1.59,,,1.1,,,,,,19.0,1.259,18.92,,1.7,0.02,
내장탕,내장탕,국 및 탕류,600g,71,1.68,5.82,10.0,78.0,1.05,10.57,0.48,1.9,4933.33,364.89,93.06,12.1,,27.0,0.411,7.6,0.25,7.66,0.0,
내장탕,내장탕,국 및 탕류,609ml,33,1.59,2.2,12.0,91.0,0.5,9.09,0.31,0.7,,,,,0.02,11.0,0.471,11.71,,2.81,0.0,0.29
냉국_미역,냉국,국 및 탕류,350g,37,7.51,0.19,24.0,116.0,0.65,11.6,0.39,0.4,145.09,17.07,4.11,6.78,,0.0,0.089,1.6,0.06,0.21,0.0,
냉국_미역_오이,냉국,국 및 탕류,350g,6,0.85,0.37,13.0,30.0,0.14,8.14,0.05,0.7,340.82,37.62,1.74,1.41,,3.0,0.167,0.24,0.03,0.0,0.0,
냉면_물냉면,냉면,면 및 만두류,700g,55,10.31,1.96,7.0,49.0,0.28,6.0,0.27,0.3,1728.43,136.17,25.83,2.71,,2.0,0.074,7.67,0.0,0.0,0.0,
냉면_비빔냉면,냉면,면 및 만두류,500g,100,13.35,5.67,23.0,167.0,0.49,16.76,1.0,1.5,5008.02,399.33,105.8,8.87,,7.0,0.302,12.39,0.0,3.22,0.0,
냉면_회냉면_홍어,냉면,면 및 만두류,500g,148,22.21,5.81,53.0,161.0,1.01,21.59,0.66,2.6,4441.5,335.26,62.25,6.32,,8.0,0.388,11.99,0.0,3.19,0.0,
냉면_물냉면,냉면,면 및 만두류,100g,66,13.12,1.99,17.0,37.0,0.35,,,0.0,,,,,,,1.1260000000000001,,,0.0,0.0,
냉면_비빔냉면,냉면,면 및 만두류,100g,131,21.1,3.43,22.0,89.0,0.66,,,1.2,,,,,,,1.721,,,0.0,0.0,
냉면_열무냉면,냉면,면 및 만두류,800g,66,12.19,2.61,22.0,79.0,0.0,0.0,0.0,5.1,-,0.0,0.0,0.0,,19.0,0.632,0.0,0.0,0.0,,
냉면_물냉면,냉면,면 및 만두류,780ml,96,18.29,3.64,10.0,97.0,0.64,,,0.8,,,,,,3.0,0.643,13.21,,0.67,0.08,
냉이 된장국,냉이 된장국,된장국류,300ml,16,2.11,1.4,33.0,80.0,1.9,13.32,0.22,1.2,,,,,0.07,12.0,0.505,20.21,,3.46,0.0,0.22
냉이 된장국,냉이 된장국,된장국류,170ml,15,1.72,1.3,23.0,55.0,0.98,9.08,0.18,0.8,,,,,0.1,7.0,0.173,12.49,,1.87,0.0,0.12
냉이 된장국,냉이 된장국,된장국류,170ml,15,1.72,1.3,23.0,55.0,0.98,9.08,0.18,0.8,,,,,0.1,7.0,0.173,12.49,,1.87,0.0,0.12
냉이 된장국,냉이 된장국,된장국류,320ml,20,2.46,2.1,57.0,94.0,2.05,14.25,0.3,1.3,,,,,0.06,13.0,0.272,23.15,,3.55,0.01,0.23
냉이나물,냉이나물,나물·숙채류,60g,111,15.7,5.02,136.0,298.0,2.98,34.77,0.7,6.0,4727.07,369.17,35.98,8.33,,120.0,10.949,46.82,0.0,0.0,0.0,
냉이나물,냉이나물,나물·숙채류,75ml,33,5.44,2.4,95.0,148.0,6.17,,,2.9,,,,,,46.0,0.527,58.12,,11.94,0.0,
냉이초나물,냉이초나물,나물·숙채류,100ml,77,12.32,4.2,162.0,262.0,10.19,49.66,0.89,4.7,,,,,0.1,78.0,1.005,95.63,,18.47,0.0,0.95
냉이초나물,냉이초나물,나물·숙채류,100ml,77,12.32,4.2,162.0,262.0,10.19,49.66,0.89,4.7,,,,,0.1,78.0,1.005,95.63,,18.47,0.0,0.95
냉채_닭고기,냉채,무침류,240g,90,5.0,13.08,17.0,201.0,0.42,19.76,0.63,2.0,12419.55,1043.38,336.68,8.48,,32.0,0.142,14.16,0.0,0.0,0.0,
냉채_해파리,냉채,무침류,150g,61,8.93,4.13,30.0,76.0,0.0,11.2,0.29,1.4,-,220.89,66.58,0.01,,6.0,0.41100000000000003,7.85,0.23,0.06,,
넙치(광어)회덮밥_양념장,넙치(광어)회덮밥,밥류,510ml,77,12.64,4.27,18.0,119.0,0.35,,,0.8,,,,,,24.0,0.281,8.92,,1.4,0.61,
넙치구이,넙치구이,생선구이류,114.8ml,116,0.03,13.6,38.0,286.0,0.28,18.71,0.32,0.0,,,,,0.71,0.0,0.128,6.1,,0.0,2.63,1.76
넙치구이,넙치구이,생선구이류,114.8ml,116,0.03,13.6,38.0,286.0,0.28,18.71,0.32,0.0,,,,,0.71,0.0,0.128,6.1,,0.0,2.63,1.76
노각무침,노각무침,채소무침류,150g,56,9.53,1.73,27.0,263.0,0.0,29.32,0.32,2.7,-,64.33,12.02,5.73,,33.0,0.174,9.3,,2.37,,
노각무침,노각무침,채소무침류,85ml,20,3.98,0.9,12.0,127.0,0.17,10.35,0.15,1.2,,,,,0.01,13.0,0.217,2.07,,0.45,0.0,0.36
노각무침,노각무침,채소무침류,46.5ml,66,9.58,2.2,42.0,249.0,0.49,28.65,0.41,2.3,,,,,0.03,33.0,0.517,6.79,,0.97,0.0,0.59
노각무침,노각무침,채소무침류,46.5ml,66,9.58,2.2,42.0,249.0,0.49,28.65,0.41,2.3,,,,,0.03,33.0,0.517,6.79,,0.97,0.0,0.59
노각무침,노각무침,채소무침류,85ml,20,3.98,0.9,12.0,127.0,0.17,10.35,0.15,1.2,,,,,0.01,13.0,0.217,2.07,,0.45,0.0,0.36
녹두빈대떡,녹두빈대떡,전·적 및 부침류,100g,208,20.93,7.94,21.0,265.0,0.0,35.86,0.84,4.6,-,618.43,100.68,0.0,,8.0,1.213,0.0,0.0,1.69,,
녹두빈대떡,녹두빈대떡,전·적 및 부침류,210ml,176,21.43,9.4,38.0,515.0,1.45,59.24,1.16,7.5,,,,,0.37,12.0,1.092,143.12,,3.32,0.04,0.8
녹두빈대떡_돼지고기,녹두빈대떡,전·적 및 부침류,210ml,175,21.4,9.41,38.0,511.0,1.48,,,7.4,,,,,,12.0,1.0819999999999999,143.14,,3.43,0.04,
녹두빈대떡_채소,녹두빈대떡,전·적 및 부침류,157ml,100,16.57,4.3,35.0,422.0,0.99,44.88,0.7,3.0,,,,,0.13,36.0,0.7509999999999999,34.87,,5.59,0.0,0.48
녹두빈대떡_해물,녹두빈대떡,전·적 및 부침류,157ml,86,10.95,6.0,33.0,278.0,0.9,40.94,0.95,1.5,,,,,0.15,33.0,1.109,20.42,,1.76,0.0,0.64
녹두빈대떡_해물_돼지고기,녹두빈대떡,전·적 및 부침류,157ml,103,10.63,9.0,33.0,321.0,0.95,41.84,1.14,1.5,,,,,0.16,34.0,1.601,18.97,,1.86,0.03,0.67
녹두빈대떡,녹두빈대떡,전·적 및 부침류,210ml,176,21.43,9.4,38.0,515.0,1.45,59.24,1.16,7.5,,,,,0.37,12.0,1.092,143.12,,3.32,0.04,0.8
녹두빈대떡,녹두빈대떡,전·적 및 부침류,79.5ml,193,24.55,10.2,28.0,414.0,1.34,57.35,1.17,1.9,,,,,0.33,8.0,1.4809999999999999,25.49,,3.15,0.04,0.77
녹두빈대떡_해물_돼지고기,녹두빈대떡,전·적 및 부침류,157ml,103,10.63,9.0,33.0,321.0,0.95,41.84,1.14,1.5,,,,,0.16,34.0,1.601,18.97,,1.86,0.03,0.67
녹두빈대떡,녹두빈대떡,전·적 및 부침류,109.7ml,249,31.36,13.4,26.0,475.0,1.73,71.83,1.51,1.5,,,,,0.44,2.0,1.804,20.59,,1.99,0.05,0.78
녹두전,녹두전,전·적 및 부침류,158.9ml,92,8.41,5.0,17.0,235.0,0.63,26.31,0.54,3.3,,,,,0.29,6.0,0.616,65.48,,1.68,0.02,0.54
녹두전,녹두전,전·적 및 부침류,158.9ml,92,8.41,5.0,19.0,231.0,0.62,26.39,0.54,3.2,,,,,0.29,5.0,0.521,65.56,,1.66,0.0,0.53
녹두전,녹두전,전·적 및 부침류,158.9ml,92,8.41,5.0,19.0,231.0,0.62,26.39,0.54,3.2,,,,,0.29,5.0,0.521,65.56,,1.66,0.0,0.53
녹차_자스민 그린티 아이스,녹차,음료 및 차류,651g,2,,0.15,,,,,,,,,,,,,0.0,,,,,
녹차_자스민 그린티 아이스,녹차,음료 및 차류,473g,2,,0.21,,,,,,,,,,,,,0.0,,,,,
녹차_자스민 그린티 핫,녹차,음료 및 차류,473g,2,,0.21,,,,,,,,,,,,,0.0,,,,,
녹차_자스민 그린티 핫,녹차,음료 및 차류,414g,2,,0.24,,,,,,,,,,,,,0.0,,,,,
녹차_하동 녹차 아이스,녹차,음료 및 차류,473g,0,,0.0,,,,,,,,,,,,,0.0,,,,,
녹차_하동 녹차 핫,녹차,음료 및 차류,473g,0,,0.0,,,,,,,,,,,,,0.0,,,,,
녹차_녹차 아이스,녹차,음료 및 차류,710g,0,,0.04,,,,,,,,,,,,,0.0,,,,,
녹차_녹차 핫,녹차,음료 및 차류,591g,0,,0.03,,,,,,,,,,,,,0.0,,,,,
녹차_제주 유기 녹차 아이스(ICED),녹차,음료 및 차류,355g,0,,0.0,,,,,,,,,,,,,0.0,,,,,
녹차_제주 유기 녹차 핫(HOT),녹차,음료 및 차류,355g,0,,0.0,,,,,,,,,,,,,0.0,,,,,
녹차_그린티,녹차,음료 및 차류,360g,0,,0.0,,,,,,,,,,,,,0.0,,,,,
녹차_프레시그린티 아이스,녹차,음료 및 차류,414g,1,,0.0,,,,,,,,,,,,,0.0,,,,,
녹차_프레시그린티 핫,녹차,음료 및 차류,414g,1,,0.0,,,,,,,,,,,,,0.0,,,,,
녹차_녹차 아이스,녹차,음료 및 차류,473g,0,,0.0,,,,,,,,,,,,,0.0,,,,,
녹차_녹차 핫,녹차,음료 및 차류,384g,1,,0.0,,,,,,,,,,,,,0.0,,,,,
녹차_그린티 아이스,녹차,음료 및 차류,400g,2,,0.19,,,,,,,,,,,,,0.0,,,,,
녹차_그린티 핫,녹차,음료 및 차류,340g,1,,0.11,,,,,,,,,,,,,0.0,,,,,
녹차_녹차,녹차,음료 및 차류,360g,0,,0.03,,,,,,,,,,,,,0.0,,,,,
녹차_그린티 아이스,녹차,음료 및 차류,355g,0,,0.0,,,,,,,,,,,,,0.0,,,,,
녹차_녹차 아이스,녹차,음료 및 차류,595g,0,,0.0,,,,,,,,,,,,,0.0,,,,,
녹차_녹차 핫,녹차,음료 및 차류,505g,0,,0.0,,,,,,,,,,,,,0.0,,,,,
녹차_제주유기농녹차 아이스,녹차,음료 및 차류,473g,1,,0.21,,,,,,,,,,,,,0.0,,,,,
녹차_제주유기농녹차 핫,녹차,음료 및 차류,473g,0,,0.0,,,,,,,,,,,,,0.0,,,,,
녹차_프루티 하동 아이스,녹차,음료 및 차류,450g,1,,0.0,,,,,,,,,,,,,0.0,,,,,
녹차_프루티 하동 핫,녹차,음료 및 차류,350g,1,,0.0,,,,,,,,,,,,,0.0,,,,,
녹차_자스민 그린티 아이스,녹차,음료 및 차류,586.6g,4,,0.03,,,,,,,,,,,,,0.0,,,,,
녹차_자스민 그린티 핫,녹차,음료 및 차류,406.6g,6,,0.05,,,,,,,,,,,,,0.0,,,,,
녹차_해남 녹차 아이스,녹차,음료 및 차류,354g,1,,0.0,,,,,,,,,,,,,0.0,,,,,
녹차_해남 녹차 핫,녹차,음료 및 차류,354g,1,,0.0,,,,,,,,,,,,,0.0,,,,,
누룽지_뜨거운물첨가,누룽지,밥류,100g,69,15.06,1.32,4.0,13.0,0.08,,,0.5,,,,,,0.0,0.15,,,0.0,0.0,
누룽지,누룽지,밥류,600ml,87,19.17,1.5,4.0,19.0,0.13,3.33,0.42,1.0,,,,,0.0,0.0,0.35000000000000003,3.35,,0.0,0.0,0.02
느타리버섯 구이,느타리버섯 구이,육류 및 채소구이류,90.9ml,60,5.75,2.1,6.0,240.0,0.5,11.95,0.6,3.0,,,,,0.29,25.0,3.942,49.61,,1.42,0.0,0.48
느타리버섯무침,느타리버섯무침,채소무침류,40ml,39,6.75,2.16,16.0,197.0,0.69,,,2.3,,,,,,22.0,3.05,42.57,,1.43,0.0,
느타리버섯볶음,느타리버섯볶음,채소볶음류,100g,87,7.69,3.61,34.0,241.0,0.75,,,4.4,,,,,,,0.915,,,1.51,0.0,
느타리버섯볶음_느타리버섯,느타리버섯볶음,채소볶음류,90ml,21,2.36,1.25,3.0,117.0,0.37,,,1.3,,,,,,0.0,2.205,29.45,,0.3,0.0,
느타리버섯볶음_느타리버섯_채소,느타리버섯볶음,채소볶음류,100ml,20,2.87,1.32,5.0,134.0,0.38,,,1.6,,,,,,12.0,2.1350000000000002,30.38,,1.81,0.0,
느타리버섯볶음,느타리버섯볶음,채소볶음류,75.4ml,56,3.18,1.4,5.0,134.0,0.41,9.02,0.39,1.4,,,,,0.27,1.0,2.2399999999999998,30.24,,0.86,0.0,0.44
느타리버섯볶음_느타리버섯_채소,느타리버섯볶음,채소볶음류,50ml,46,4.52,1.91,13.0,184.0,0.57,,,2.2,,,,,,22.0,2.647,39.39,,4.12,0.0,
느타리버섯볶음,느타리버섯볶음,채소볶음류,75.4ml,56,3.18,1.4,5.0,134.0,0.41,9.02,0.39,1.4,,,,,0.27,1.0,2.2399999999999998,30.24,,0.86,0.0,0.44
느타리버섯볶음_느타리버섯_채소,느타리버섯볶음,채소볶음류,70ml,37,4.15,1.62,10.0,178.0,0.46,,,1.9,,,,,,20.0,2.5060000000000002,37.96,,5.24,0.0,
느타리버섯볶음_느타리버섯_채소,느타리버섯볶음,채소볶음류,120ml,40,4.28,1.78,9.0,185.0,0.5,,,2.1,,,,,,21.0,2.938,40.89,,2.76,0.0,
느타리버섯튀김,느타리버섯튀김,튀김류,60.3ml,227,19.17,6.4,28.0,155.0,1.05,13.16,0.83,1.3,,,,,0.74,40.0,2.021,45.76,,0.07,0.34,1.56
느타리버섯튀김,느타리버섯튀김,튀김류,32.8ml,182,15.5,5.0,23.0,128.0,0.84,10.94,0.67,1.1,,,,,0.59,31.0,1.699,37.22,,0.06,0.26,1.24
느타리버섯튀김,느타리버섯튀김,튀김류,60.3ml,227,19.17,6.4,28.0,155.0,1.05,13.16,0.83,1.3,,,,,0.74,40.0,2.021,45.76,,0.07,0.34,1.56
다슬기 된장국,다슬기 된장국,된장국류,300ml,23,2.6,2.1,121.0,81.0,0.76,17.15,0.74,1.2,,,,,0.27,22.0,0.443,16.19,,3.22,0.0,0.24
다슬기 된장국,다슬기 된장국,된장국류,300ml,23,2.6,2.1,121.0,81.0,0.76,17.15,0.74,1.2,,,,,0.27,22.0,0.443,16.19,,3.22,0.0,0.24
다슬기 된장국,다슬기 된장국,된장국류,300ml,22,2.48,2.1,42.0,80.0,0.56,17.19,0.75,1.2,,,,,0.27,21.0,0.454,16.2,,3.19,0.0,0.23
다시마무침,다시마무침,채소무침류,90g,48,6.8,2.57,90.0,183.0,0.27,71.52,0.28,6.1,2284.09,178.8,57.99,19.38,,23.0,0.414,13.12,0.37,0.21,0.0,
다시마무침,다시마무침,채소무침류,64.2ml,60,6.96,3.1,109.0,1011.0,2.18,108.28,1.23,3.4,,,,,0.04,48.0,1.453,140.25,,13.65,0.0,0.81
다시마무침,다시마무침,채소무침류,30.9ml,61,7.02,3.1,110.0,1007.0,2.18,108.24,1.23,3.4,,,,,0.04,48.0,1.463,139.37,,13.65,0.0,0.8
다시마무침,다시마무침,채소무침류,64.2ml,60,6.96,3.1,109.0,1011.0,2.18,108.28,1.23,3.4,,,,,0.04,48.0,1.453,140.25,,13.65,0.0,0.81
다시마조림,다시마조림,조림류,64.2ml,60,6.96,3.1,109.0,1011.0,2.18,108.28,1.23,3.4,,,,,0.04,48.0,1.453,140.25,,13.65,0.0,0.81
다시마조림,다시마조림,조림류,30.9ml,61,7.02,3.1,110.0,1007.0,2.18,108.24,1.23,3.4,,,,,0.04,48.0,1.463,139.37,,13.65,0.0,0.8
다시마튀각,다시마튀각,튀김류,50g,462,47.32,8.44,526.0,3798.0,3.74,310.7,1.06,25.0,9039.74,492.5,190.16,64.66,,169.0,1.1600000000000001,73.94,0.62,46.6,0.0,
다시마튀각,다시마튀각,튀김류,22.1ml,232,20.02,1.4,135.0,1425.0,1.21,136.95,0.21,6.8,,,,,1.23,9.0,1.05,162.87,,3.42,0.0,1.81
다시마튀각,다시마튀각,튀김류,100ml,246,9.97,1.1,97.0,998.0,0.86,96.81,0.16,4.7,,,,,1.56,6.0,0.73,114.32,,2.39,0.0,2.3
다식_송화,다식,빵 및 과자류,30g,369,73.97,8.3,139.0,365.0,0.0,67.6,1.23,8.8,-,610.27,99.2,3.83,,4.0,6.098999999999999,49.57,0.0,0.0,,
다쿠아즈,다쿠아즈,빵 및 과자류,100g,447,43.39,8.33,38.0,291.0,2.65,,,3.0,,,,,,,0.8240000000000001,,,0.28,0.0,
단무지,단무지,장아찌·절임류,30g,13,2.4,0.33,11.0,49.0,0.1,2.17,0.1,1.3,177.53,13.3,2.13,0.0,,0.0,0.0,5.27,0.0,3.13,0.0,
단무지무침,단무지무침,채소무침류,50g,40,5.6,1.0,30.0,107.0,0.0,9.96,0.2,3.2,-,40.94,7.64,3.96,,19.0,0.18,16.22,,0.52,,
단무지무침,단무지무침,채소무침류,25ml,16,2.5,0.4,15.0,53.0,0.18,5.07,0.12,1.6,,,,,0.02,7.0,0.244,13.11,,9.85,0.0,0.36
단무지무침,단무지무침,채소무침류,30ml,34,3.97,0.9,32.0,96.0,0.38,,,2.7,,,,,,11.0,0.43500000000000005,24.92,,17.86,0.0,
단무지무침,단무지무침,채소무침류,40ml,33,4.78,0.82,27.0,102.0,0.32,,,2.8,,,,,,13.0,0.45699999999999996,23.4,,17.41,0.0,
단무지무침,단무지무침,채소무침류,60ml,41,5.51,1.02,32.0,118.0,0.51,,,3.3,,,,,,17.0,0.5860000000000001,26.6,,18.08,0.0,
단호박 샐러드,단호박 샐러드,샐러드류,50ml,125,10.27,1.2,9.0,263.0,0.31,9.96,0.37,2.4,,,,,0.64,204.0,0.37,12.57,,8.03,0.01,2.22
단호박조림,단호박조림,조림류,100ml,71,15.15,2.2,19.0,400.0,0.58,24.81,0.6,4.5,,,,,0.06,227.0,1.0390000000000001,20.25,,8.56,0.0,2.71
단호박조림,단호박조림,조림류,65.4ml,99,21.41,3.1,28.0,565.0,0.79,34.7,0.84,6.3,,,,,0.09,319.0,1.468,28.54,,12.0,0.0,3.81
단호박조림,단호박조림,조림류,100ml,71,15.18,2.2,21.0,401.0,0.57,24.86,0.6,4.5,,,,,0.07,226.0,1.051,20.35,,8.49,0.0,2.71
단호박찜,단호박찜,찜류,90ml,41,10.04,0.93,5.0,283.0,0.19,,,2.0,,,,,,301.0,0.22699999999999998,6.75,,8.48,0.0,
달걀_삶은것,달걀,수·조·어·육류,100g,150,0.63,12.8,58.0,125.0,2.0,,,0.0,,,,,,,0.56,,,0.21,1.08,
달걀_삶은것_노른자,달걀,수·조·어·육류,100g,358,1.17,15.66,129.0,90.0,6.72,,,0.0,,,,,,,0.549,,,0.16,0.59,
달걀_삶은것_흰자,달걀,수·조·어·육류,100g,48,0.01,11.42,10.0,145.0,0.37,,,0.0,,,,,,,0.365,,,0.2,0.0,
달걀 샐러드,달걀 샐러드,샐러드류,159.5ml,165,5.49,6.0,22.0,198.0,0.77,14.39,0.66,0.8,,,,,0.67,33.0,0.693,22.13,,9.22,0.26,1.43
달걀 샐러드,달걀 샐러드,샐러드류,76.8ml,96,5.16,5.0,17.0,165.0,0.64,12.19,0.53,0.6,,,,,0.34,31.0,1.039,24.04,,8.63,0.38,0.76
달걀 샐러드,달걀 샐러드,샐러드류,159.5ml,158,6.48,5.9,21.0,196.0,0.79,14.39,0.66,0.7,,,,,0.76,37.0,1.2269999999999999,28.28,,10.14,0.45,1.41
달걀국,달걀국,국 및 탕류,400g,13,0.69,0.93,5.0,19.0,0.2,1.35,0.11,0.2,853.23,70.19,4.67,2.16,,0.0,0.083,2.45,0.05,0.0,0.0,
달걀국,달걀국,국 및 탕류,100g,39,1.12,3.25,24.0,60.0,0.34,,,0.3,,,,,,,0.11499999999999999,,,0.0,0.0,
달걀국,달걀국,국 및 탕류,300ml,19,0.37,1.5,6.0,21.0,0.25,2.57,0.15,0.1,,,,,0.01,15.0,0.063,7.39,,0.13,0.11,0.17
달걀국,달걀국,국 및 탕류,150ml,16,1.01,1.53,10.0,78.0,0.31,,,0.3,,,,,,15.0,0.6890000000000001,9.59,,0.5,0.16,
달걀국,달걀국,국 및 탕류,150ml,22,1.12,2.07,12.0,78.0,0.4,,,0.2,,,,,,19.0,0.682,12.57,,0.48,0.23,
달걀국,달걀국,국 및 탕류,260ml,19,0.87,1.67,9.0,50.0,0.3,,,0.2,,,,,,20.0,0.39399999999999996,11.22,,0.19,0.22,
달걀말이,달걀말이,전·적 및 부침류,100g,193,1.45,17.21,55.0,144.0,1.74,11.84,1.1,1.2,13076.73,1109.93,343.16,27.74,,90.0,2.02,52.12,1.58,0.31,0.71,
달걀말이_달걀만,달걀말이,전·적 및 부침류,100g,210,4.83,13.3,68.0,140.0,2.44,,,0.0,,,,,,,0.764,,,0.0,0.72,
달걀말이_채소,달걀말이,전·적 및 부침류,100g,183,4.62,11.15,64.0,152.0,2.19,,,0.6,,,,,,,0.6699999999999999,,,0.0,0.63,
달걀말이_채소,달걀말이,전·적 및 부침류,50ml,95,0.94,6.4,25.0,77.0,1.0,6.97,0.6,0.2,,,,,0.23,71.0,0.256,29.22,,0.66,0.51,0.99
달걀말이_부추,달걀말이,전·적 및 부침류,50ml,102,0.9,7.0,27.0,80.0,1.13,7.5,0.66,0.2,,,,,0.24,77.0,0.27999999999999997,32.25,,0.34,0.55,1.06
달걀말이,달걀말이,전·적 및 부침류,49.2ml,169,1.31,10.6,41.0,131.0,1.61,11.41,1.01,0.3,,,,,0.47,127.0,0.41900000000000004,47.68,,0.33,0.85,1.76
달걀말이_채소,달걀말이,전·적 및 부침류,50ml,181,4.35,11.53,54.0,175.0,1.76,,,0.5,,,,,,162.0,0.758,78.74,,1.93,1.63,
달걀말이_햄_김,달걀말이,전·적 및 부침류,45.2ml,193,4.97,12.6,51.0,220.0,1.86,19.1,1.22,0.9,,,,,0.5,144.0,1.387,81.94,,5.65,1.46,1.62
달걀말이_부추,달걀말이,전·적 및 부침류,50ml,102,2.3,6.7,30.0,82.0,1.07,7.51,0.66,0.2,,,,,0.25,85.0,0.403,45.6,,0.33,0.96,0.99
달걀말이,달걀말이,전·적 및 부침류,49.2ml,169,1.31,10.6,41.0,131.0,1.61,11.41,1.01,0.3,,,,,0.47,127.0,0.41900000000000004,47.68,,0.33,0.85,1.76
달걀말이_채소,달걀말이,전·적 및 부침류,80ml,167,4.09,11.03,50.0,169.0,1.66,,,0.4,,,,,,161.0,0.671,76.0,,2.17,1.56,
달걀말이_부추,달걀말이,전·적 및 부침류,50ml,102,2.3,6.7,30.0,82.0,1.07,7.51,0.66,0.2,,,,,0.25,85.0,0.403,45.6,,0.33,0.96,0.99
달걀말이,달걀말이,전·적 및 부침류,82.4ml,176,1.77,11.2,45.0,154.0,1.74,12.94,1.11,0.4,,,,,0.47,144.0,0.475,51.38,,0.6,0.88,1.83
달걀말이_채소,달걀말이,전·적 및 부침류,120ml,161,3.76,10.66,47.0,141.0,1.59,,,0.3,,,,,,138.0,0.6140000000000001,70.89,,0.69,1.52,
달걀말이_부추,달걀말이,전·적 및 부침류,50ml,102,2.3,6.7,30.0,82.0,1.07,7.51,0.66,0.2,,,,,0.25,85.0,0.403,45.6,,0.33,0.96,0.99
달걀부침(달걀후라이),달걀부침(달걀후라이),전·적 및 부침류,60g,208,5.15,15.73,52.0,152.0,1.98,13.38,1.58,8.4,15127.35,1319.67,538.8,35.53,,97.0,1.637,80.47,1.22,0.45,0.0,
달걀부침(달걀후라이)_햄,달걀부침(달걀후라이),전·적 및 부침류,100g,277,8.06,12.71,16.0,185.0,0.92,13.36,0.93,1.5,11926.25,937.93,241.15,19.29,,8.0,1.22,32.82,0.7,0.46,0.45,
달걀부침(달걀후라이),달걀부침(달걀후라이),전·적 및 부침류,85ml,156,2.76,9.95,42.0,106.0,1.44,,,0.0,,,,,,109.0,0.519,64.79,,0.0,1.44,
달걀부침(달걀후라이),달걀부침(달걀후라이),전·적 및 부침류,60ml,178,3.05,10.97,46.0,116.0,1.59,,,0.0,,,,,,120.0,0.573,71.4,,0.0,1.59,
달걀부침(달걀후라이),달걀부침(달걀후라이),전·적 및 부침류,70ml,184,3.07,11.04,46.0,117.0,1.6,,,0.0,,,,,,121.0,0.576,71.91,,0.0,1.6,
달걀조림,달걀조림,조림류,80ml,109,6.53,9.01,34.0,122.0,1.23,,,0.1,,,,,,50.0,0.668,77.03,,0.04,1.1,
달걀조림,달걀조림,조림류,79.7ml,84,4.63,6.9,25.0,105.0,1.06,12.12,0.64,0.1,,,,,0.04,57.0,0.494,29.79,,0.0,0.49,0.66
달걀조림,달걀조림,조림류,79.7ml,84,5.87,6.7,27.0,107.0,1.01,12.12,0.64,0.1,,,,,0.05,64.0,0.599,41.6,,0.0,0.85,0.6
달걀조림,달걀조림,조림류,94.6ml,84,4.36,7.0,25.0,105.0,1.07,12.09,0.64,0.1,,,,,0.04,58.0,0.491,29.95,,0.0,0.49,0.67
달걀찜_새우젓,달걀찜,찜류,200g,58,0.47,4.98,25.0,56.0,0.77,9.34,0.46,0.1,4051.42,338.37,102.73,11.13,,25.0,0.9199999999999999,16.97,0.5,0.21,0.0,
달걀찜_우유,달걀찜,찜류,200g,105,3.8,8.23,92.0,139.0,1.44,13.46,1.09,1.1,7730.07,702.76,233.86,12.74,,170.0,4.8100000000000005,87.89,3.23,0.29,0.0,
달걀찜_달걀만,달걀찜,찜류,100g,108,1.03,9.01,58.0,108.0,1.44,,,0.0,,,,,,,0.6789999999999999,,,0.0,0.0,
달걀찜_채소,달걀찜,찜류,100g,89,4.46,4.76,35.0,106.0,1.03,,,0.3,,,,,,,0.606,,,0.48,0.0,
달걀찜,달걀찜,찜류,110ml,119,1.66,11.1,44.0,142.0,1.73,12.87,1.06,0.4,,,,,0.07,121.0,0.45899999999999996,49.94,,0.4,0.88,1.31
달걀찜_새우젓,달걀찜,찜류,50ml,44,1.25,4.0,24.0,51.0,0.58,7.3,0.39,0.1,,,,,0.03,44.0,0.22899999999999998,25.76,,0.06,0.55,0.41
달걀찜,달걀찜,찜류,110ml,119,1.66,11.1,44.0,142.0,1.73,12.87,1.06,0.4,,,,,0.07,121.0,0.45899999999999996,49.94,,0.4,0.88,1.31
달걀찜_당근,달걀찜,찜류,100ml,64,2.13,5.53,31.0,81.0,0.82,,,0.2,,,,,,76.0,0.34199999999999997,36.3,,0.55,0.77,
달걀찜_두부,달걀찜,찜류,90ml,75,2.49,6.56,37.0,110.0,0.97,,,0.2,,,,,,78.0,0.503,40.11,,0.36,0.83,
달걀찜_새우젓,달걀찜,찜류,71.8ml,71,0.83,6.5,32.0,86.0,0.99,10.5,0.62,0.2,,,,,0.04,79.0,0.267,29.07,,0.23,0.51,0.74
달걀찜,달걀찜,찜류,110ml,119,1.66,11.1,44.0,142.0,1.73,12.87,1.06,0.4,,,,,0.07,121.0,0.45899999999999996,49.94,,0.4,0.88,1.31
달걀찜_당근,달걀찜,찜류,120ml,69,2.3,6.12,31.0,89.0,0.92,,,0.2,,,,,,86.0,0.374,40.91,,0.62,0.86,
달걀찜_새우젓,달걀찜,찜류,71.8ml,71,0.83,6.5,32.0,86.0,0.99,10.5,0.62,0.2,,,,,0.04,79.0,0.267,29.07,,0.23,0.51,0.74
달걀찜,달걀찜,찜류,110ml,119,1.66,11.1,44.0,142.0,1.73,12.87,1.06,0.4,,,,,0.07,121.0,0.45899999999999996,49.94,,0.4,0.88,1.31
달걀찜_당근,달걀찜,찜류,180ml,69,2.21,6.24,28.0,83.0,0.93,,,0.2,,,,,,82.0,0.364,41.55,,0.35,0.89,
달걀탕_순두부,달걀탕,국 및 탕류,350g,29,0.94,1.78,13.0,108.0,0.37,8.57,0.19,0.8,1429.69,122.17,65.26,7.05,,13.0,1.575,13.27,1.0,0.47,0.0,
달걀튀김,달걀튀김,튀김류,92.2ml,256,14.74,10.2,33.0,103.0,1.35,12.7,0.88,0.7,,,,,0.77,76.0,0.368,40.31,,4.46,0.65,2.0
달걀후라이,달걀후라이,전·적 및 부침류,60ml,178,3.05,11.0,46.0,116.0,1.59,10.65,1.06,0.0,,,,,0.5,120.0,0.573,71.4,,0.0,1.59,1.72
달걀후라이,달걀후라이,전·적 및 부침류,70ml,184,3.07,11.0,46.0,117.0,1.6,10.79,1.07,0.0,,,,,0.55,121.0,0.576,71.91,,0.0,1.6,1.79
달래 된장국,달래 된장국,된장국류,243.4ml,39,2.55,3.0,19.0,99.0,0.78,16.66,0.54,1.2,,,,,0.07,13.0,0.40800000000000003,10.37,,1.64,0.0,0.17
달래 된장국,달래 된장국,된장국류,243.4ml,38,2.57,3.0,20.0,99.0,0.78,16.68,0.55,1.2,,,,,0.07,13.0,0.41300000000000003,10.41,,1.62,0.0,0.17
달래무침,달래무침,채소무침류,60g,63,6.07,2.92,56.0,269.0,0.93,32.52,0.67,2.9,2449.57,183.32,40.33,5.55,,53.0,0.6,56.43,0.0,6.72,0.0,
달래무침,달래무침,채소무침류,150g,91,15.87,2.67,57.0,315.0,0.0,35.53,0.48,4.3,-,145.0,25.61,8.67,,91.0,0.5660000000000001,22.29,,3.18,,
달래무침,달래무침,채소무침류,100ml,34,4.85,1.4,28.0,135.0,1.22,16.66,0.29,1.6,,,,,0.09,39.0,0.648,11.23,,0.05,0.0,0.6
달래무침,달래무침,채소무침류,40.1ml,82,10.23,3.1,72.0,263.0,3.0,36.66,0.65,3.1,,,,,0.07,79.0,1.291,26.89,,0.3,0.0,0.84
달래무침,달래무침,채소무침류,97.2ml,68,8.48,2.6,60.0,223.0,2.5,30.46,0.54,2.6,,,,,0.06,66.0,1.069,22.38,,0.17,0.0,0.7
달래무침_오이,달래무침,채소무침류,100.4ml,52,8.73,1.6,39.0,220.0,1.94,22.44,0.4,2.4,,,,,0.05,73.0,0.78,15.81,,2.24,0.0,0.83
닭가슴살 샐러드_마요네즈,닭가슴살 샐러드,샐러드류,300ml,54,2.82,4.0,11.0,99.0,0.29,9.08,0.24,0.8,,,,,0.15,16.0,1.452,7.99,,1.79,0.02,0.39
닭가슴살 샐러드_드레싱,닭가슴살 샐러드,샐러드류,300ml,37,2.03,4.1,11.0,106.0,0.28,9.18,0.22,0.7,,,,,0.05,17.0,1.655,8.87,,2.42,0.03,0.23
닭가슴살 샐러드_드레싱,닭가슴살 샐러드,샐러드류,300ml,37,2.03,4.1,11.0,106.0,0.28,9.18,0.22,0.7,,,,,0.05,17.0,1.655,8.87,,2.42,0.03,0.23
닭강정,닭강정,튀김류,183.9ml,219,21.41,17.9,12.0,268.0,0.95,28.96,0.59,0.2,,,,,0.33,48.0,2.451,9.75,,0.15,0.06,0.75
닭강정,닭강정,튀김류,80.7ml,146,12.02,13.5,11.0,203.0,0.76,22.3,0.46,0.2,,,,,0.21,42.0,1.835,8.07,,0.07,0.06,0.57
닭강정,닭강정,튀김류,80.7ml,146,12.02,13.5,11.0,203.0,0.76,22.3,0.46,0.2,,,,,0.21,42.0,1.835,8.07,,0.07,0.06,0.57
닭강정,닭강정,튀김류,183.9ml,219,21.41,17.9,12.0,268.0,0.95,28.96,0.59,0.2,,,,,0.33,48.0,2.451,9.75,,0.15,0.06,0.75
닭고기 덮밥,닭고기 덮밥,밥류,572ml,89,16.36,4.3,4.0,78.0,0.22,11.08,0.45,0.6,,,,,0.0,14.0,0.821,6.26,,0.57,0.0,0.11
닭고기 덮밥,닭고기 덮밥,밥류,408.9ml,102,17.33,5.6,6.0,91.0,0.31,15.37,0.55,0.6,,,,,0.01,11.0,0.859,7.52,,0.29,0.03,0.16
닭고기 덮밥,닭고기 덮밥,밥류,408.9ml,102,17.33,5.6,6.0,91.0,0.31,15.37,0.55,0.6,,,,,0.01,11.0,0.859,7.52,,0.29,0.03,0.16
닭고기 덮밥,닭고기 덮밥,밥류,634ml,97,16.4,5.3,6.0,88.0,0.3,14.79,0.53,0.5,,,,,0.01,11.0,0.8099999999999999,7.28,,0.29,0.03,0.15
닭고기 미역국,닭고기 미역국,국 및 탕류,280ml,21,0.71,3.2,17.0,126.0,0.24,19.42,0.17,0.5,,,,,0.05,8.0,1.006,8.51,,0.3,0.0,0.05
닭고기 미역국,닭고기 미역국,국 및 탕류,280ml,21,0.71,3.2,17.0,126.0,0.24,19.42,0.17,0.5,,,,,0.05,8.0,1.006,8.51,,0.3,0.0,0.05
닭고기 미역국,닭고기 미역국,국 및 탕류,280ml,21,0.71,3.2,17.0,126.0,0.24,19.42,0.17,0.5,,,,,0.05,8.0,1.006,8.51,,0.3,0.0,0.05
닭고기 미역국,닭고기 미역국,국 및 탕류,280ml,21,0.71,3.2,17.0,126.0,0.24,19.42,0.17,0.5,,,,,0.05,8.0,1.006,8.51,,0.3,0.0,0.05
닭고기 샐러드,닭고기 샐러드,샐러드류,58.6ml,88,2.82,6.7,14.0,171.0,0.55,15.44,0.31,0.7,,,,,0.4,17.0,1.019,15.19,,2.12,0.0,0.66
닭고기 샐러드,닭고기 샐러드,샐러드류,58.6ml,88,2.82,6.7,14.0,171.0,0.55,15.44,0.31,0.7,,,,,0.4,17.0,1.019,15.19,,2.12,0.0,0.66
닭고기 샐러드,닭고기 샐러드,샐러드류,114.5ml,109,3.17,8.6,22.0,215.0,0.62,19.14,0.4,0.9,,,,,0.44,27.0,1.278,12.6,,2.67,0.0,0.83
닭고기 탕수,닭고기 탕수,튀김류,230ml,95,8.8,7.4,10.0,162.0,0.3,12.91,0.3,0.4,,,,,0.15,34.0,3.018,10.98,,1.91,0.09,0.42
닭고기 탕수,닭고기 탕수,튀김류,230ml,95,8.8,7.4,10.0,162.0,0.3,12.91,0.3,0.4,,,,,0.15,34.0,3.018,10.98,,1.91,0.09,0.42
닭고기냉채,닭고기냉채,무침류,150ml,72,5.72,10.8,40.0,296.0,0.57,38.49,0.52,1.6,,,,,0.05,78.0,4.811,27.65,,3.47,0.0,0.21
닭고기냉채,닭고기냉채,무침류,75ml,64,5.06,9.6,36.0,261.0,0.5,34.19,0.47,1.4,,,,,0.06,69.0,4.275,24.45,,3.08,0.0,0.18
닭고기냉채,닭고기냉채,무침류,150ml,73,5.74,10.8,40.0,295.0,0.56,38.53,0.53,1.6,,,,,0.07,78.0,4.821,27.6,,3.47,0.0,0.21
닭고기육개장,닭고기육개장,국 및 탕류,420ml,39,2.5,4.96,18.0,120.0,0.53,,,0.8,,,,,,21.0,1.359,15.15,,1.0,0.02,
닭고기육개장,닭고기육개장,국 및 탕류,200ml,31,1.28,3.26,13.0,74.0,0.26,,,0.6,,,,,,15.0,0.824,12.75,,1.69,0.02,
닭고기육개장,닭고기육개장,국 및 탕류,210ml,43,1.96,4.35,19.0,101.0,0.33,,,0.9,,,,,,25.0,1.05,17.12,,2.61,0.02,
닭고기육개장,닭고기육개장,국 및 탕류,440ml,28,1.52,2.64,13.0,72.0,0.23,,,0.7,,,,,,17.0,0.6639999999999999,12.78,,1.94,0.01,
닭곰탕,닭곰탕,국 및 탕류,650g,51,2.0,7.51,9.0,156.0,0.29,13.26,0.48,0.7,7180.72,604.28,198.99,7.36,,2.0,3.4770000000000003,11.45,0.24,0.04,0.0,
닭곰탕,닭곰탕,국 및 탕류,450ml,50,1.71,6.35,15.0,97.0,0.61,,,0.4,,,,,,14.0,1.58,9.34,,0.39,0.01,
닭곰탕,닭곰탕,국 및 탕류,160ml,48,2.73,4.6,7.0,96.0,0.34,,,0.4,,,,,,11.0,1.021,6.03,,1.55,0.0,
닭곰탕,닭곰탕,국 및 탕류,200ml,59,4.06,5.18,8.0,82.0,0.42,,,0.4,,,,,,12.0,1.1019999999999999,5.92,,1.25,0.0,
닭곰탕,닭곰탕,국 및 탕류,280ml,48,3.32,4.3,7.0,61.0,0.27,,,0.2,,,,,,9.0,0.938,6.72,,1.02,0.01,
닭구이,닭구이,육류 및 채소구이류,340g,257,7.8,26.21,28.0,399.0,0.85,30.48,1.69,4.2,24245.18,1969.68,747.74,34.0,,31.0,0.9139999999999999,12.84,0.47,0.0,0.0,
닭구이,닭구이,육류 및 채소구이류,270ml,76,3.01,7.07,7.0,59.0,0.41,,,0.1,,,,,,20.0,1.161,4.56,,0.21,0.0,
닭구이,닭구이,육류 및 채소구이류,120ml,96,4.57,11.19,7.0,143.0,0.44,,,0.1,,,,,,19.0,2.962,5.92,,0.32,0.0,
닭구이,닭구이,육류 및 채소구이류,230ml,110,3.31,10.59,8.0,86.0,0.52,,,0.2,,,,,,25.0,2.11,5.93,,0.41,0.0,
닭구이,닭구이,육류 및 채소구이류,69ml,119,0.58,24.4,14.0,343.0,1.21,38.1,0.7,0.2,,,,,0.01,48.0,3.363,7.21,,0.0,0.0,0.19
닭껍데기튀김_BBQ 닭껍데기,닭껍데기튀김,튀김류,100g,616,,20.42,,,,,,,,,,,,,0.0,,,,,
닭꼬치구이,닭꼬치구이,육류 및 채소구이류,90ml,181,5.55,32.1,16.0,445.0,1.53,49.55,0.93,0.1,,,,,0.02,68.0,4.575,9.48,,0.8,0.0,0.32
닭날개구이,닭날개구이,육류 및 채소구이류,105ml,218,2.34,21.6,20.0,235.0,0.68,23.44,1.42,0.1,,,,,0.12,60.0,6.785,0.26,,0.0,0.0,0.44
닭날개구이,닭날개구이,육류 및 채소구이류,100ml,129,3.84,11.25,13.0,140.0,0.42,,,0.2,,,,,,27.0,3.455,2.27,,0.27,0.0,
닭날개구이,닭날개구이,육류 및 채소구이류,160ml,121,3.77,11.12,12.0,141.0,0.41,,,0.2,,,,,,27.0,3.47,2.39,,0.54,0.0,
닭날개구이,닭날개구이,육류 및 채소구이류,105ml,218,2.34,21.6,20.0,235.0,0.68,23.44,1.42,0.1,,,,,0.12,60.0,6.785,0.26,,0.0,0.0,0.44
닭다리구이_자메이카 통다리구이,닭다리구이,육류 및 채소구이류,100g,201,,20.6,,,,,,,,,,,,,0.0,,,,,
닭다리구이_자메이카 통다리구이 반마리,닭다리구이,육류 및 채소구이류,100g,201,,20.6,,,,,,,,,,,,,0.0,,,,,
닭다리구이,닭다리구이,육류 및 채소구이류,100ml,227,0.62,20.2,62.0,257.0,0.55,23.56,1.56,0.0,,,,,0.21,48.0,4.832999999999999,26.94,,0.01,0.0,1.17
닭다리구이,닭다리구이,육류 및 채소구이류,170ml,90,2.72,8.53,6.0,122.0,0.32,,,0.1,,,,,,18.0,1.984,7.11,,0.18,0.0,
닭다리구이,닭다리구이,육류 및 채소구이류,330ml,88,2.18,8.72,6.0,124.0,0.32,,,0.1,,,,,,17.0,2.111,8.45,,0.18,0.0,
닭다리구이,닭다리구이,육류 및 채소구이류,112.4ml,209,0.13,19.9,11.0,272.0,0.61,23.15,1.45,0.0,,,,,0.2,44.0,5.133,24.56,,0.0,0.0,1.16
닭다리조림,닭다리조림,조림류,80.4ml,179,9.13,14.0,23.0,305.0,0.66,26.55,1.13,1.6,,,,,0.09,95.0,3.855,26.3,,1.28,0.0,1.42
닭다리조림,닭다리조림,조림류,87.3ml,182,9.19,14.0,23.0,311.0,0.67,26.74,1.13,1.7,,,,,0.09,95.0,3.8520000000000003,26.41,,1.21,0.0,1.43
닭다리튀김_황금올리브치킨 닭다리,닭다리튀김,튀김류,100g,244,,20.78,,,,,,,,,,,,,0.0,,,,,
닭다리튀김_황올 반+양념 반 닭다리 치킨,닭다리튀김,튀김류,100g,241,,16.32,,,,,,,,,,,,,0.0,,,,,
닭다리튀김_간장,닭다리튀김,튀김류,200g,323,17.88,18.86,20.0,324.0,1.01,31.59,1.77,2.1,17332.42,1490.34,461.13,38.47,,12.0,0.815,18.58,0.33,0.99,0.0,
닭다리튀김_다리 스틱,닭다리튀김,튀김류,100g,239,,24.23,,,,,,,,,,,,,0.0,,,,,
닭도리탕,닭도리탕,조림류,570ml,78,5.6,6.51,9.0,141.0,0.5,,,1.2,,,,,,37.0,1.258,10.05,,2.2,0.0,
닭도리탕,닭도리탕,조림류,237.3ml,49,4.2,5.0,5.0,133.0,0.33,11.76,0.21,0.6,,,,,0.06,26.0,0.776,5.7,,1.48,0.0,0.25
닭도리탕,닭도리탕,조림류,210ml,116,8.71,9.5,11.0,165.0,0.64,,,1.2,,,,,,57.0,1.826,10.32,,2.71,0.0,
닭도리탕,닭도리탕,조림류,300ml,122,8.85,9.82,12.0,178.0,0.69,,,1.5,,,,,,56.0,1.8599999999999999,10.87,,2.46,0.0,
닭모래집볶음,닭모래집볶음,볶음류,100g,176,2.82,28.11,29.0,169.0,2.83,,,0.9,,,,,,,1.561,,,0.2,0.0,
닭모래집볶음,닭모래집볶음,볶음류,200ml,72,3.82,8.19,10.0,146.0,0.9,,,0.8,,,,,,25.0,1.416,9.37,,2.46,0.0,
닭모래집튀김_매콤똥집튀김,닭모래집튀김,튀김류,100g,325,,26.0,,,,,,,,,,,,,0.0,,,,,
닭모래집튀김,닭모래집튀김,튀김류,150g,312,19.4,18.73,24.0,269.0,0.0,22.06,2.8,1.3,-,1187.84,388.15,42.3,,11.0,0.194,27.78,0.0,0.3,,
닭발구이_한입쏙직화 닭발,닭발구이,육류 및 채소구이류,100g,148,,11.88,,,,,,,,,,,,,0.0,,,,,
닭발구이_불닭발,닭발구이,육류 및 채소구이류,100g,235,17.0,17.0,,,,,,,,,,,,,0.0,,,,,
닭발구이,닭발구이,육류 및 채소구이류,220g,196,9.7,18.15,39.0,146.0,0.66,18.84,0.85,3.0,15131.61,784.44,166.58,8.71,,56.0,0.764,9.1,0.56,0.0,0.0,
닭발볶음,닭발볶음,볶음류,200g,186,11.72,13.8,81.0,258.0,0.53,22.7,0.74,2.6,13335.8,702.43,155.76,18.76,,45.0,0.66,29.53,0.42,0.01,0.0,
닭발튀김_황올한 닭발튀김,닭발튀김,튀김류,100g,448,,17.63,,,,,,,,,,,,,0.0,,,,,
닭백숙,닭백숙,국 및 탕류,610ml,56,4.49,4.23,3.0,37.0,0.3,,,0.2,,,,,,10.0,0.721,4.72,,0.34,0.0,
닭백숙,닭백숙,국 및 탕류,270.6ml,102,12.78,10.1,9.0,165.0,0.65,21.0,0.56,0.3,,,,,0.01,17.0,1.564,6.98,,0.35,0.0,0.16
닭볶음,닭볶음,볶음류,280ml,137,12.63,14.7,22.0,326.0,0.91,32.89,0.61,1.5,,,,,0.16,55.0,2.2969999999999997,21.27,,3.81,0.0,0.68
닭볶음(닭갈비)_간편조리세트_치즈 품은 닭갈비,닭볶음(닭갈비),볶음류,984g,160,17.96,9.5,127.0,168.0,0.45,,,1.8,,,,,,,1.3719999999999999,,,0.46,0.0,
닭볶음(닭갈비),닭볶음(닭갈비),볶음류,300g,186,7.93,13.98,25.0,343.0,0.62,25.63,0.7,1.3,11931.95,1041.37,178.16,10.97,,16.0,0.45299999999999996,17.23,0.15,0.12,0.0,
닭볶음(닭갈비)_닭가슴살_피망,닭볶음(닭갈비),볶음류,80g,122,1.38,16.39,28.0,354.0,0.58,27.98,0.83,2.6,14217.09,1230.0,304.53,8.86,,22.0,0.198,22.35,0.11,11.85,0.0,
닭볶음(닭갈비),닭볶음(닭갈비),볶음류,400g,149,11.23,11.48,25.0,300.0,0.0,26.11,0.89,2.9,-,811.35,219.51,14.39,,54.0,0.741,27.03,0.28,1.39,,
닭볶음(닭갈비),닭볶음(닭갈비),볶음류,210ml,166,14.5,13.9,22.0,304.0,0.73,29.24,0.97,1.9,,,,,0.12,66.0,3.806,22.51,,4.08,0.0,0.9
닭볶음(닭갈비),닭볶음(닭갈비),볶음류,120ml,133,13.79,10.9,17.0,252.0,0.63,24.72,0.68,1.3,,,,,0.12,54.0,2.3080000000000003,19.88,,2.57,0.0,0.59
닭볶음(닭갈비)_매운양념,닭볶음(닭갈비),볶음류,120ml,132,13.78,10.95,17.0,251.0,0.63,,,1.3,,,,,,54.0,2.306,19.85,,2.59,0.0,
닭볶음(닭갈비),닭볶음(닭갈비),볶음류,220ml,132,12.53,11.2,16.0,233.0,0.58,23.51,0.74,1.2,,,,,0.06,53.0,2.859,17.67,,2.54,0.0,0.57
닭볶음(닭갈비)_매운양념,닭볶음(닭갈비),볶음류,220ml,131,12.54,11.24,16.0,233.0,0.58,,,1.2,,,,,,53.0,2.8600000000000003,17.63,,2.54,0.0,
닭볶음(닭갈비)_매운양념_치즈,닭볶음(닭갈비),볶음류,220ml,168,14.98,14.44,94.0,243.0,0.58,,,1.1,,,,,,49.0,3.238,18.33,,1.99,0.0,
닭볶음(닭갈비),닭볶음(닭갈비),볶음류,210ml,166,14.5,13.9,22.0,304.0,0.73,29.24,0.97,1.9,,,,,0.12,66.0,3.806,22.51,,4.08,0.0,0.9
닭볶음(닭갈비)_매운양념,닭볶음(닭갈비),볶음류,210ml,165,14.5,13.93,22.0,304.0,0.73,,,1.9,,,,,,66.0,3.807,22.49,,4.08,0.0,
닭볶음(닭갈비)_간편조리세트_치즈이불 닭갈비,닭볶음(닭갈비),볶음류,813g,162,14.49,11.4,53.0,123.0,0.86,,,1.4,,,,,,,1.3239999999999998,,,1.14,0.0,
닭볶음(닭갈비)_간편조리세트_모짜렐라 치즈 닭갈비,닭볶음(닭갈비),볶음류,862g,150,13.82,11.59,101.0,209.0,1.65,,,1.9,,,,,,,0.847,,,0.56,0.0,
닭볶음탕,닭볶음탕,조림류,300g,111,8.52,11.91,20.0,327.0,0.64,23.52,0.55,1.5,9456.49,846.01,150.76,12.66,,30.0,3.017,20.28,0.17,0.66,0.0,
닭볶음탕_간편조리세트_곱도리탕,닭볶음탕,조림류,1254g,107,10.62,6.66,11.0,148.0,0.57,,,1.4,,,,,,,0.9329999999999999,,,2.34,0.0,
닭조림,닭조림,조림류,150g,197,6.57,18.03,45.0,376.0,0.79,29.99,0.97,2.3,15968.07,1309.65,256.31,16.23,,11.0,1.46,25.61,0.38,0.74,0.0,
닭조림_고추장,닭조림,조림류,250g,152,13.25,9.12,25.0,347.0,0.78,24.53,0.88,3.3,8322.13,657.82,212.76,11.46,,35.0,12.198,21.07,0.35,2.46,0.0,
닭조림,닭조림,조림류,257ml,66,6.36,6.2,8.0,170.0,0.41,15.05,0.27,0.8,,,,,0.08,59.0,0.999,7.47,,1.63,0.0,0.31
닭조림,닭조림,조림류,120ml,111,8.84,10.5,11.0,222.0,0.61,,,1.0,,,,,,46.0,2.091,13.63,,2.51,0.0,
닭조림,닭조림,조림류,220ml,121,8.29,10.53,10.0,156.0,0.61,,,0.8,,,,,,42.0,2.076,11.22,,1.96,0.0,
닭조림,닭조림,조림류,340ml,117,6.4,10.45,10.0,144.0,0.65,,,1.0,,,,,,46.0,2.001,10.41,,1.75,0.0,
닭죽,닭죽,죽 및 스프류,400g,44,7.14,2.68,4.0,41.0,0.11,4.55,0.28,0.1,2274.73,188.75,56.92,1.35,,1.0,3.0509999999999997,11.1,0.07,0.0,0.0,
닭죽,닭죽,죽 및 스프류,400ml,138,22.72,9.2,8.0,176.0,0.47,22.24,0.71,0.8,,,,,0.01,10.0,2.489,11.19,,1.14,0.0,0.21
닭죽,닭죽,죽 및 스프류,230ml,135,15.17,6.6,12.0,87.0,0.56,16.47,0.71,0.9,,,,,0.04,18.0,1.177,10.68,,0.59,0.0,0.29
닭죽_채소,닭죽,죽 및 스프류,200ml,99,12.77,5.88,7.0,99.0,0.61,,,0.9,,,,,,22.0,1.1199999999999999,12.77,,0.92,0.0,
닭죽,닭죽,죽 및 스프류,280ml,112,15.7,5.7,7.0,81.0,0.4,14.11,0.68,0.8,,,,,0.03,20.0,1.182,10.33,,0.81,0.0,0.18
닭죽_채소,닭죽,죽 및 스프류,240ml,115,14.34,6.99,7.0,107.0,0.67,,,0.8,,,,,,24.0,1.432,12.85,,0.89,0.0,
닭죽,닭죽,죽 및 스프류,261.3ml,111,18.13,7.7,8.0,187.0,0.49,20.57,0.61,0.9,,,,,0.01,30.0,1.291,11.0,,1.83,0.0,0.17
닭죽_채소,닭죽,죽 및 스프류,250ml,111,16.57,5.56,6.0,87.0,0.57,,,0.6,,,,,,23.0,1.229,7.95,,0.87,0.0,
닭찜,닭찜,찜류,300g,107,0.6,12.37,12.0,166.0,0.61,15.66,0.64,0.8,9613.68,807.48,137.13,9.66,,5.0,4.104,16.48,0.21,0.2,0.0,
닭찜_안동찜닭,닭찜,찜류,1500g,91,9.3,7.61,35.0,208.0,0.0,15.92,0.46,2.0,-,566.28,174.95,5.92,,20.0,0.33299999999999996,8.18,0.0,0.0,,
닭찜_간장,닭찜,찜류,209.5ml,85,5.07,12.1,10.0,267.0,0.73,25.79,0.45,0.7,,,,,0.01,53.0,1.8339999999999999,10.78,,1.95,0.0,0.18
닭찜,닭찜,찜류,80ml,134,10.01,10.3,14.0,161.0,0.79,20.8,0.8,1.1,,,,,0.06,48.0,1.9620000000000002,12.36,,3.43,0.0,0.38
닭찜_간장,닭찜,찜류,150ml,102,8.27,8.59,13.0,171.0,0.61,,,0.8,,,,,,37.0,1.826,12.51,,2.41,0.0,
닭찜_매운양념,닭찜,찜류,150ml,98,8.33,8.1,10.0,159.0,0.54,,,1.0,,,,,,49.0,1.682,9.53,,1.85,0.0,
닭찜_간장,닭찜,찜류,260ml,109,8.11,9.2,13.0,141.0,0.66,,,0.7,,,,,,33.0,1.835,10.83,,2.15,0.0,
닭찜_매운양념,닭찜,찜류,250ml,114,8.71,9.11,12.0,153.0,0.64,,,1.1,,,,,,42.0,1.771,11.51,,2.44,0.0,
닭찜,닭찜,찜류,80ml,134,10.01,10.3,14.0,161.0,0.79,20.8,0.8,1.1,,,,,0.06,48.0,1.9620000000000002,12.36,,3.43,0.0,0.38
닭찜_간장,닭찜,찜류,370ml,111,7.57,8.97,11.0,108.0,0.69,,,0.6,,,,,,33.0,1.573,8.19,,1.64,0.0,
닭찜_매운양념,닭찜,찜류,360ml,106,6.18,9.16,16.0,144.0,0.68,,,1.1,,,,,,39.0,1.763,13.81,,2.08,0.0,
닭찜_간편조리세트_안동식 찜닭,닭찜,찜류,968g,136,19.38,7.22,33.0,212.0,0.75,,,1.1,,,,,,,1.684,,,1.48,0.0,
닭튀김_교촌오리지날 치킨,닭튀김,튀김류,100g,314,,28.68,,,,,,,,,,,,,0.0,,,,,
닭튀김_레드오리지날 치킨,닭튀김,튀김류,100g,332,,26.53,,,,,,,,,,,,,0.0,,,,,
닭튀김_리얼후라이드 치킨,닭튀김,튀김류,100g,268,,22.91,,,,,,,,,,,,,0.0,,,,,
닭튀김_반반오리지날 치킨,닭튀김,튀김류,100g,323,,27.6,,,,,,,,,,,,,0.0,,,,,
닭튀김_블랙시크릿 순살 치킨,닭튀김,튀김류,100g,362,,21.13,,,,,,,,,,,,,0.0,,,,,
닭튀김_블랙시크릿 오리지날 치킨,닭튀김,튀김류,100g,313,,22.47,,,,,,,,,,,,,0.0,,,,,
닭튀김_블랙시크릿 콤보 치킨,닭튀김,튀김류,100g,332,,22.3,,,,,,,,,,,,,0.0,,,,,
닭튀김_살살후라이드 치킨,닭튀김,튀김류,100g,325,,18.88,,,,,,,,,,,,,0.0,,,,,
닭튀김_시그니처순살 치킨 세트,닭튀김,튀김류,100g,374,,25.54,,,,,,,,,,,,,0.0,,,,,
닭튀김_파채소이살살 치킨,닭튀김,튀김류,100g,204,,8.53,,,,,,,,,,,,,0.0,,,,,
닭튀김_허니순살 치킨,닭튀김,튀김류,100g,346,,19.08,,,,,,,,,,,,,0.0,,,,,
닭튀김_허니오리지날 치킨,닭튀김,튀김류,100g,329,,21.24,,,,,,,,,,,,,0.0,,,,,
닭튀김_갈비천왕 치킨,닭튀김,튀김류,100g,194,4.19,26.8,,,,,,,,,,,,,0.0,,,,,
닭튀김_고추바사삭 치킨,닭튀김,튀김류,100g,234,8.35,23.71,,,,,,,,,,,,,0.0,,,,,
닭튀김_볼케이노 치킨,닭튀김,튀김류,100g,196,6.0,24.0,,,,,,,,,,,,,0.0,,,,,
닭튀김_불금 치킨,닭튀김,튀김류,100g,228,9.18,22.94,,,,,,,,,,,,,0.0,,,,,
닭튀김_양념히어로 치킨,닭튀김,튀김류,100g,221,13.9,21.56,,,,,,,,,,,,,0.0,,,,,
닭튀김_오븐 바사삭 치킨,닭튀김,튀김류,100g,230,7.14,26.29,,,,,,,,,,,,,0.0,,,,,
닭튀김_치즈바사삭 치킨,닭튀김,튀김류,100g,228,9.82,24.47,,,,,,,,,,,,,0.0,,,,,
닭튀김_허니멜로 치킨,닭튀김,튀김류,100g,216,4.34,26.0,,,,,,,,,,,,,0.0,,,,,
닭튀김_깐풍요리 치킨,닭튀김,튀김류,100g,287,14.38,22.61,,,,,,,,,,,,,0.0,,,,,
닭튀김_땡초 치킨,닭튀김,튀김류,100g,266,12.15,21.84,,,,,,,,,,,,,0.0,,,,,
닭튀김_리얼 치킨 꿔바로우,닭튀김,튀김류,100g,198,24.83,10.84,,,,,,,,,,,,,0.0,,,,,
닭튀김_마늘알마니 치킨,닭튀김,튀김류,100g,233,14.5,17.96,,,,,,,,,,,,,0.0,,,,,
닭튀김_모두의마요 치킨,닭튀김,튀김류,100g,256,9.65,25.43,,,,,,,,,,,,,0.0,,,,,
닭튀김_순살 뿌리고 치킨 매콤달콤한맛,닭튀김,튀김류,100g,315,17.08,20.59,,,,,,,,,,,,,0.0,,,,,
닭튀김_순살 뿌리고 치킨 오리지날,닭튀김,튀김류,100g,258,12.92,21.19,,,,,,,,,,,,,0.0,,,,,
닭튀김_양념 치킨,닭튀김,튀김류,100g,248,14.62,21.04,,,,,,,,,,,,,0.0,,,,,
닭튀김_후라이드 치킨,닭튀김,튀김류,100g,270,6.86,24.67,,,,,,,,,,,,,0.0,,,,,
닭튀김_극한왕갈비 치킨,닭튀김,튀김류,100g,322,,15.8,,,,,,,,,,,,,0.0,,,,,
닭튀김_단짠갈릭 치킨,닭튀김,튀김류,100g,309,,15.79,,,,,,,,,,,,,0.0,,,,,
닭튀김_매달구 치킨,닭튀김,튀김류,100g,250,,23.92,,,,,,,,,,,,,0.0,,,,,
닭튀김_매운양념 치킨,닭튀김,튀김류,100g,297,,16.75,,,,,,,,,,,,,0.0,,,,,
닭튀김_바삭갈릭 치킨,닭튀김,튀김류,100g,311,,18.29,,,,,,,,,,,,,0.0,,,,,
닭튀김_소이갈릭스 치킨,닭튀김,튀김류,100g,309,,21.44,,,,,,,,,,,,,0.0,,,,,
닭튀김_스모크 치킨,닭튀김,튀김류,100g,271,,22.13,,,,,,,,,,,,,0.0,,,,,
닭튀김_오리지날 양념 치킨,닭튀김,튀김류,100g,270,,16.34,,,,,,,,,,,,,0.0,,,,,
닭튀김_자메이카 소떡만나 치킨,닭튀김,튀김류,100g,287,,17.43,,,,,,,,,,,,,0.0,,,,,
닭튀김_착착갈릭 치킨,닭튀김,튀김류,100g,322,,16.23,,,,,,,,,,,,,0.0,,,,,
닭튀김_크런치 순살크래커 치킨,닭튀김,튀김류,100g,263,,18.49,,,,,,,,,,,,,0.0,,,,,
닭튀김_크런치 올치팝,닭튀김,튀김류,100g,274,,13.03,,,,,,,,,,,,,0.0,,,,,
닭튀김_핫황금올리브 치킨 크리스피,닭튀김,튀김류,100g,323,,19.5,,,,,,,,,,,,,0.0,,,,,
닭튀김_황금올리브 치킨,닭튀김,튀김류,100g,254,,18.77,,,,,,,,,,,,,0.0,,,,,
닭튀김_황금올리브 치킨 레드착착,닭튀김,튀김류,100g,308,,20.91,,,,,,,,,,,,,0.0,,,,,
닭튀김_황금올리브 치킨 블랙페퍼,닭튀김,튀김류,100g,304,,20.85,,,,,,,,,,,,,0.0,,,,,
닭튀김_황금올리브 치킨 속안심,닭튀김,튀김류,100g,269,,23.94,,,,,,,,,,,,,0.0,,,,,
닭튀김_황금올리브 치킨 크런치 버터,닭튀김,튀김류,100g,301,,19.78,,,,,,,,,,,,,0.0,,,,,
닭튀김_황금올리브 치킨 핫윙,닭튀김,튀김류,100g,313,,17.09,,,,,,,,,,,,,0.0,,,,,
닭튀김_황올한 깐풍 치킨,닭튀김,튀김류,100g,257,,15.71,,,,,,,,,,,,,0.0,,,,,
닭튀김_날개,닭튀김,튀김류,200g,257,10.49,17.17,19.0,232.0,0.9,19.91,1.32,1.2,17865.68,1351.62,455.97,29.64,,44.0,0.8,21.21,0.51,2.92,0.0,
닭튀김,닭튀김,튀김류,300g,301,16.27,21.73,13.0,316.0,0.0,30.16,1.15,1.5,-,1579.71,528.24,0.03,,11.0,5.120000000000001,16.41,0.23,5.63,,
닭튀김_다리(넓적다리),닭튀김,튀김류,100g,277,9.08,21.61,18.0,192.0,1.45,,,0.3,,,,,,29.0,6.061,,,0.0,,
닭튀김_다리(아랫다리),닭튀김,튀김류,100g,268,8.28,21.95,17.0,186.0,1.35,,,0.3,,,,,,26.0,5.423,,,0.0,,
닭튀김_닭가슴살,닭튀김,튀김류,100g,252,20.2,21.0,6.0,324.0,1.5,,,,,,,,,49.0,2.05,,,0.0,,
닭튀김_목,닭튀김,튀김류,100g,330,8.7,19.82,31.0,151.0,2.15,,,,,,,,,51.0,4.864999999999999,,,0.0,,
닭튀김_살코기,닭튀김,튀김류,100g,289,9.42,22.54,21.0,185.0,1.37,,,0.3,,,,,,28.0,7.347,,,0.0,0.2,
닭튀김_너겟,닭튀김,튀김류,,332,16.63,15.3,61.0,195.0,1.12,,,1.6,,,,,,13.0,8.823,,,0.0,0.0,
닭튀김_양념,닭튀김,튀김류,200g,276,21.15,17.75,17.0,248.0,0.0,25.66,1.12,1.1,-,1432.93,432.24,27.12,,21.0,4.595,16.62,,0.1,,
닭튀김,닭튀김,튀김류,172ml,155,5.92,16.3,12.0,221.0,0.87,25.46,0.54,0.3,,,,,0.35,36.0,2.097,9.56,,1.67,0.06,0.72
닭튀김_양념,닭튀김,튀김류,359.3ml,125,6.3,10.7,17.0,227.0,0.62,22.47,0.41,1.1,,,,,0.35,48.0,1.654,9.16,,1.22,0.0,0.99
닭튀김,닭튀김,튀김류,80ml,183,8.5,9.5,10.0,43.0,0.51,11.04,0.67,0.2,,,,,0.49,24.0,1.496,5.12,,0.1,0.01,0.82
닭튀김_양념,닭튀김,튀김류,80ml,183,14.94,8.0,13.0,107.0,0.5,14.86,0.62,0.9,,,,,0.39,35.0,1.4280000000000002,8.15,,0.82,0.01,0.93
닭튀김,닭튀김,튀김류,89ml,153,4.56,15.5,13.0,207.0,0.89,23.4,0.55,0.2,,,,,0.39,40.0,1.9420000000000002,11.2,,0.01,0.12,0.83
닭튀김_양념,닭튀김,튀김류,124ml,128,12.56,10.8,12.0,196.0,0.62,21.05,0.42,0.7,,,,,0.17,38.0,1.582,8.83,,1.78,0.03,0.57
닭튀김,닭튀김,튀김류,172.6ml,172,9.15,17.6,14.0,236.0,0.97,27.4,0.6,0.4,,,,,0.32,41.0,2.216,11.32,,0.02,0.09,0.74
닭튀김_양념,닭튀김,튀김류,143.2ml,222,21.96,20.6,24.0,349.0,1.2,37.69,0.79,1.0,,,,,0.26,77.0,2.8729999999999998,14.22,,0.5,0.07,0.91
닭튀김 샐러드,닭튀김 샐러드,샐러드류,300ml,79,3.98,3.8,12.0,89.0,0.29,8.95,0.27,0.8,,,,,0.3,15.0,1.155,6.72,,0.87,0.01,0.61
닭튀김 샐러드,닭튀김 샐러드,샐러드류,300ml,79,3.98,3.8,12.0,89.0,0.29,8.95,0.27,0.8,,,,,0.3,15.0,1.155,6.72,,0.87,0.01,0.61
닭튀김 샐러드,닭튀김 샐러드,샐러드류,300ml,79,3.98,3.8,12.0,89.0,0.3,8.96,0.27,0.8,,,,,0.3,15.0,1.155,6.72,,0.87,0.01,0.61
닭튀김 샐러드,닭튀김 샐러드,샐러드류,300ml,79,3.98,3.8,12.0,89.0,0.29,8.95,0.27,0.8,,,,,0.3,15.0,1.155,6.72,,0.87,0.01,0.61
당근볶음,당근볶음,채소볶음류,90g,95,7.79,0.93,26.0,278.0,0.22,7.98,0.17,3.0,726.27,31.6,6.14,0.9,,164.0,0.122,3.96,0.0,0.0,0.0,
대구 매운탕,대구 매운탕,찌개 및 전골류,300ml,31,2.09,5.1,18.0,103.0,0.27,13.41,0.27,0.9,,,,,0.04,16.0,0.927,14.4,,1.26,0.31,0.45
대구 매운탕_내장,대구 매운탕,찌개 및 전골류,300ml,39,2.32,6.6,23.0,112.0,0.62,17.54,0.41,0.9,,,,,0.07,17.0,1.335,23.68,,1.89,0.47,0.52
대구 매운탕_내장_알,대구 매운탕,찌개 및 전골류,300ml,41,2.72,6.7,25.0,128.0,0.87,18.71,0.44,0.9,,,,,0.08,19.0,1.79,31.42,,2.71,0.62,0.58
대구 매운탕,대구 매운탕,찌개 및 전골류,219.2ml,52,2.85,7.8,31.0,124.0,0.49,23.84,0.46,1.4,,,,,0.09,23.0,1.137,23.89,,2.24,0.41,0.51
대구 매운탕,대구 매운탕,찌개 및 전골류,292.8ml,54,2.62,9.2,30.0,119.0,0.42,23.32,0.39,1.2,,,,,0.07,30.0,1.458,24.85,,1.74,0.56,0.57
대구볼찜,대구볼찜,찜류,640ml,45,5.37,4.23,27.0,167.0,0.63,,,1.8,,,,,,24.0,1.027,29.82,,1.11,0.15,
대구지리,대구지리,찌개 및 전골류,600ml,16,0.86,2.7,15.0,86.0,0.18,12.41,0.14,0.5,,,,,0.03,7.0,0.391,13.85,,0.9,0.16,0.07
대구지리,대구지리,찌개 및 전골류,343ml,19,1.06,3.4,18.0,105.0,0.22,15.15,0.17,0.6,,,,,0.03,7.0,0.48,16.51,,1.07,0.2,0.08
대구지리,대구지리,찌개 및 전골류,343ml,19,1.02,3.4,18.0,105.0,0.21,15.16,0.17,0.6,,,,,0.03,7.0,0.47100000000000003,16.55,,0.97,0.2,0.08
대구지리,대구지리,찌개 및 전골류,250.7ml,37,1.98,6.5,36.0,205.0,0.42,29.56,0.33,1.1,,,,,0.06,14.0,0.916,32.27,,1.89,0.38,0.16
대구찜,대구찜,찜류,500g,75,4.94,10.34,85.0,239.0,0.0,25.25,0.47,1.7,-,711.35,233.55,25.49,,33.0,1.4780000000000002,21.8,1.09,0.0,,
대구찜,대구찜,찜류,191ml,57,3.32,8.3,36.0,140.0,0.51,21.9,0.41,1.4,,,,,0.06,34.0,1.39,26.08,,2.66,0.5,0.63
대구찜,대구찜,찜류,191ml,57,3.32,8.3,36.0,140.0,0.51,21.9,0.41,1.4,,,,,0.06,34.0,1.39,26.08,,2.66,0.5,0.63
대구탕,대구탕,찌개 및 전골류,760.5ml,45,5.03,4.7,28.0,120.0,0.46,24.75,0.4,1.1,,,,,0.07,32.0,0.655,25.5,,1.9,0.18,0.25
대구튀김,대구튀김,튀김류,82.9ml,285,13.28,27.0,54.0,47.0,0.95,36.05,0.89,0.4,,,,,0.81,49.0,3.3329999999999997,35.33,,1.21,1.79,1.76
대구포,대구포,수·조·어·육류,100g,141,2.33,31.97,155.0,387.0,0.0,78.92,0.65,1.2,-,1966.95,832.27,59.27,,0.0,1.096,8.71,0.0,0.0,,
대창구이_소고기,대창구이,육류 및 채소구이류,100g,595,4.05,9.11,10.0,86.0,4.34,,,0.3,,,,,,,0.8420000000000001,,,0.53,0.06,
대추차_대추차 아이스,대추차,음료 및 차류,946g,53,,0.0,,,,,,,,,,,,,0.0,,,,,
대추차_대추차 아이스,대추차,음료 및 차류,591g,56,,0.0,,,,,,,,,,,,,0.0,,,,,
대추차_대추차 핫,대추차,음료 및 차류,946g,53,,0.0,,,,,,,,,,,,,0.0,,,,,
대추차_대추차 핫,대추차,음료 및 차류,591g,56,,0.0,,,,,,,,,,,,,0.0,,,,,
대추차_사과 대추차,대추차,음료 및 차류,385g,30,,0.0,,,,,,,,,,,,,0.0,,,,,
대합 미역국,대합 미역국,국 및 탕류,227.7ml,7,0.57,0.8,14.0,41.0,0.63,10.83,0.11,0.2,,,,,0.01,2.0,0.219,4.41,,0.3,0.0,0.04
대합 미역국,대합 미역국,국 및 탕류,320ml,7,0.67,0.7,14.0,40.0,0.62,10.93,0.11,0.2,,,,,0.01,2.0,0.22899999999999998,4.47,,0.35,0.0,0.04
대합죽,대합죽,죽 및 스프류,259ml,106,16.61,2.5,23.0,20.0,1.25,16.02,0.57,0.5,,,,,0.02,0.0,0.5780000000000001,5.82,,0.27,0.0,0.28
대합죽,대합죽,죽 및 스프류,200ml,136,21.76,3.2,28.0,51.0,1.83,20.84,0.74,0.3,,,,,0.03,0.0,0.858,6.53,,0.35,0.0,0.3
더덕구이,더덕구이,육류 및 채소구이류,100g,184,31.1,3.1,46.0,262.0,0.0,38.21,0.59,6.8,-,126.53,16.36,0.0,,40.0,0.49,16.77,0.0,1.34,,
더덕구이,더덕구이,육류 및 채소구이류,180ml,108,22.34,1.86,25.0,219.0,0.8,,,5.7,,,,,,43.0,0.504,6.89,,3.3,0.0,
더덕구이,더덕구이,육류 및 채소구이류,60.2ml,161,31.56,3.7,60.0,321.0,1.34,51.49,0.72,8.5,,,,,0.04,29.0,0.857,15.92,,5.15,0.0,0.42
더덕무침,더덕무침,채소무침류,150g,144,28.93,2.87,40.0,264.0,0.0,35.69,0.49,4.7,-,110.29,17.62,0.01,,52.0,0.36,13.24,0.0,1.47,,
더덕무침,더덕무침,채소무침류,70ml,65,14.72,1.29,19.0,156.0,0.53,,,4.1,,,,,,21.0,0.348,5.85,,2.71,0.0,
더덕무침,더덕무침,채소무침류,42.8ml,111,20.64,2.3,42.0,221.0,0.95,35.44,0.48,6.7,,,,,0.03,0.0,0.435,9.09,,4.18,0.0,0.15
더덕무침,더덕무침,채소무침류,42.8ml,111,20.64,2.3,42.0,221.0,0.95,35.44,0.48,6.7,,,,,0.03,0.0,0.435,9.09,,4.18,0.0,0.15
더덕장아찌,더덕장아찌,장아찌·절임류,90g,141,28.9,4.47,38.0,320.0,1.1,43.49,0.63,5.7,3698,208.71,39.61,2.94,,50.0,1.1,18.8,0.0,2.12,0.0,
더덕장아찌,더덕장아찌,장아찌·절임류,50ml,118,17.5,2.0,43.0,204.0,0.86,34.78,0.43,5.6,,,,,0.04,24.0,0.428,7.32,,3.19,0.0,0.48
덮밥_낙지,덮밥,밥류,350g,150,24.12,5.88,15.0,95.0,0.36,13.65,1.18,2.3,4971,395.61,111.53,9.89,,9.0,0.269,14.23,0.2,0.81,0.0,
덮밥_닭고기,덮밥,밥류,410g,125,14.82,11.4,21.0,137.0,0.53,15.5,0.6,1.1,9419.53,827.09,246.24,11.73,,63.0,0.616,25.4,0.35,0.0,0.0,
덮밥_돼지고기(제육),덮밥,밥류,470g,202,16.86,9.43,11.0,196.0,0.49,15.01,1.32,1.4,8272.16,678.65,179.25,10.9,,31.0,15.939,14.41,0.13,0.0,0.0,
덮밥_불고기,덮밥,밥류,400g,182,26.96,6.6,6.0,138.0,0.82,9.71,2.12,2.8,5770.72,480.88,78.78,10.02,,1.0,0.673,4.41,0.45,0.0,0.0,
덮밥_오징어,덮밥,밥류,360g,135,21.94,7.18,8.0,135.0,0.22,17.31,0.72,2.6,5469.03,448.14,118.07,10.94,,46.0,0.606,12.03,0.57,0.0,0.0,
덮밥_송이버섯,덮밥,밥류,600g,97,15.93,3.04,12.0,83.0,0.0,7.32,0.42,2.3,-,195.92,42.2,0.0,,5.0,1.376,0.0,0.0,0.94,,
덮밥_유산슬,덮밥,밥류,550g,105,13.44,4.9,20.0,65.0,0.0,10.24,0.46,1.9,-,317.84,92.21,0.0,,3.0,1.664,0.0,0.0,1.41,,
덮밥_장어,덮밥,밥류,400g,179,24.34,7.52,45.0,97.0,0.0,12.96,0.87,2.6,-,524.94,156.57,0.0,,172.0,0.7270000000000001,0.0,0.0,0.0,,
덮밥_참치,덮밥,밥류,500g,136,20.59,5.84,20.0,125.0,0.01,0.0,0.0,1.6,-,0.0,0.0,0.0,,25.0,2.251,0.0,0.0,0.0,,
덮밥_해물,덮밥,밥류,700g,110,14.35,6.01,20.0,72.0,0.0,15.9,0.68,1.6,-,452.01,124.99,0.0,,9.0,0.36,0.0,0.0,0.0,,
도가니탕,도가니탕,국 및 탕류,500g,40,0.82,8.35,8.0,29.0,1.89,3.69,0.41,1.3,6755.85,331.8,0.0,13.42,,0.0,0.46799999999999997,7.76,0.16,3.19,0.0,
도넛_라즈베리블라썸 도넛,도넛,빵 및 과자류,68g,338,,4.41,,,,,,,,,,,,,0.0,,,,,
도넛_크리스탈슈가 도넛,도넛,빵 및 과자류,49g,367,,6.12,,,,,,,,,,,,,0.0,,,,,
도넛_플라밍고 도넛,도넛,빵 및 과자류,55g,405,,5.45,,,,,,,,,,,,,0.0,,,,,
도넛_화이트유니버스 도넛,도넛,빵 및 과자류,52g,392,,5.77,,,,,,,,,,,,,0.0,,,,,
도넛_던킨카페모카롤,도넛,빵 및 과자류,76g,433,52.63,5.26,,,,,,,,,,,,,0.0,,,,,
도넛_딸기츄이스티 도넛,도넛,빵 및 과자류,52g,450,,1.92,,,,,,,,,,,,,0.0,,,,,
도넛_러블리듀얼하트 도넛,도넛,빵 및 과자류,74g,353,,4.05,,,,,,,,,,,,,0.0,,,,,
도넛_솔티카라멜바이츠 도넛,도넛,빵 및 과자류,74g,392,,5.41,,,,,,,,,,,,,0.0,,,,,
도넛_올드훼션드먼치킨,도넛,빵 및 과자류,14g,471,57.14,3.57,,,,,,,,,,,,,0.0,,,,,
도넛_올리브츄이스티 도넛,도넛,빵 및 과자류,49g,404,53.06,2.04,,,,,,,,,,,,,0.0,,,,,
도넛_카카오후로스티드 도넛,도넛,빵 및 과자류,48g,413,50.0,6.25,,,,,,,,,,,,,0.0,,,,,
도넛_카푸치노츄이스티 도넛,도넛,빵 및 과자류,52g,406,51.92,1.92,,,,,,,,,,,,,0.0,,,,,
도넛_페이머스 글레이즈드 도넛,도넛,빵 및 과자류,46g,433,50.0,4.35,,,,,,,,,,,,,0.0,,,,,
도넛_해피버스데이 도넛,도넛,빵 및 과자류,91g,458,,6.59,,,,,,,,,,,,,0.0,,,,,
도넛_허니후리터,도넛,빵 및 과자류,74g,449,48.65,5.41,,,,,,,,,,,,,0.0,,,,,
도넛_디어 마이 러브 도넛,도넛,빵 및 과자류,77g,458,49.35,3.9,,,,,,,,,,,,,0.0,,,,,
도넛_레드벨벳 먼치킨 도넛,도넛,빵 및 과자류,14g,486,57.14,3.57,,,,,,,,,,,,,0.0,,,,,
도넛_바닐라빈 바이츠 도넛,도넛,빵 및 과자류,71g,404,59.15,7.04,,,,,,,,,,,,,0.0,,,,,
도넛_바바리안 먼치킨 도넛,도넛,빵 및 과자류,10g,400,50.0,6.0,,,,,,,,,,,,,0.0,,,,,
도넛_바바리안필드 도넛,도넛,빵 및 과자류,60g,378,48.33,5.0,,,,,,,,,,,,,0.0,,,,,
도넛_스트로베리 먼치킨 도넛,도넛,빵 및 과자류,10g,380,50.0,5.0,,,,,,,,,,,,,0.0,,,,,
도넛_스트로베리 필드 도넛,도넛,빵 및 과자류,60g,372,46.67,5.0,,,,,,,,,,,,,0.0,,,,,
도넛_용감한 쿠키 도넛,도넛,빵 및 과자류,57g,446,50.88,5.26,,,,,,,,,,,,,0.0,,,,,
도넛_추억의 옥수수 꽈배기 도넛,도넛,빵 및 과자류,61g,407,49.18,8.2,,,,,,,,,,,,,0.0,,,,,
도넛_카카오하니딥 도넛,도넛,빵 및 과자류,57g,393,47.37,3.51,,,,,,,,,,,,,0.0,,,,,
도넛_카카오하니딥먼치킨 도넛,도넛,빵 및 과자류,13g,369,53.85,4.62,,,,,,,,,,,,,0.0,,,,,
도넛_허니 올드훼션드 도넛,도넛,빵 및 과자류,63g,457,53.97,3.17,,,,,,,,,,,,,0.0,,,,,
도넛_단팥도너츠,도넛,빵 및 과자류,80g,304,,8.75,,,,,,,,,,,,,0.0,,,,,
도넛_뉴패스트리 도넛,도넛,빵 및 과자류,49g,408,,6.12,,,,,,,,,,,,,0.0,,,,,
도넛_딸기마카롱 도넛,도넛,빵 및 과자류,52g,433,,7.69,,,,,,,,,,,,,0.0,,,,,
도넛_소보로만난 앙넛,도넛,빵 및 과자류,55g,391,,7.27,,,,,,,,,,,,,0.0,,,,,
도넛_딸기 도넛,도넛,빵 및 과자류,50g,404,,7.8,,,,,,,,,,,,,0.0,,,,,
도넛_레몬 도넛,도넛,빵 및 과자류,50g,404,,7.8,,,,,,,,,,,,,0.0,,,,,
도넛_바닐라 도넛,도넛,빵 및 과자류,50g,404,,7.8,,,,,,,,,,,,,0.0,,,,,
도넛_쿠키앤크림 도넛,도넛,빵 및 과자류,50g,404,,7.8,,,,,,,,,,,,,0.0,,,,,
도넛_생도넛,도넛,빵 및 과자류,70g,496,,5.71,,,,,,,,,,,,,0.0,,,,,
도넛_팥도넛,도넛,빵 및 과자류,75g,323,,8.0,,,,,,,,,,,,,0.0,,,,,
도넛_베이크드 헤이즐넛 쇼콜라넛,도넛,빵 및 과자류,130g,435,,6.92,,,,,,,,,,,,,0.0,,,,,
도넛_딸기 와플넛,도넛,빵 및 과자류,126g,416,,5.56,,,,,,,,,,,,,0.0,,,,,
도넛_레이디버그 도넛,도넛,빵 및 과자류,77g,481,,6.49,,,,,,,,,,,,,0.0,,,,,
도넛_로투스 비스코프 도넛,도넛,빵 및 과자류,82g,456,,6.1,,,,,,,,,,,,,0.0,,,,,
도넛_루비초코 블라썸 도넛,도넛,빵 및 과자류,77g,400,,5.19,,,,,,,,,,,,,0.0,,,,,
도넛_미니 오리지널 글레이즈드 도넛,도넛,빵 및 과자류,23g,439,,8.7,,,,,,,,,,,,,0.0,,,,,
도넛_슈거코티드 도넛,도넛,빵 및 과자류,45g,444,,6.67,,,,,,,,,,,,,0.0,,,,,
도넛_오리지널 글레이즈드 도넛,도넛,빵 및 과자류,47g,428,,6.38,,,,,,,,,,,,,0.0,,,,,
도넛_오리지널 바이츠 도넛,도넛,빵 및 과자류,112g,436,,7.14,,,,,,,,,,,,,0.0,,,,,
도넛_초콜릿 아이스드 글레이즈드 도넛,도넛,빵 및 과자류,56g,441,,7.14,,,,,,,,,,,,,0.0,,,,,
도넛_카라멜 아이스드 도넛,도넛,빵 및 과자류,64g,372,,4.69,,,,,,,,,,,,,0.0,,,,,
도넛_크로넛 글레이즈드 도넛,도넛,빵 및 과자류,93g,455,,5.38,,,,,,,,,,,,,0.0,,,,,
도넛_트위스트 글레이즈드 도넛,도넛,빵 및 과자류,82g,380,,6.1,,,,,,,,,,,,,0.0,,,,,
도넛_프리미엄 스트로베리 필드 도넛,도넛,빵 및 과자류,70g,361,,5.71,,,,,,,,,,,,,0.0,,,,,
도넛_메이플링 도넛,도넛,빵 및 과자류,49g,478,,10.2,,,,,,,,,,,,,0.0,,,,,
도넛_트러플 크림 듬뿍 도넛,도넛,빵 및 과자류,84g,410,,5.95,,,,,,,,,,,,,0.0,,,,,
도넛_글레이즈츄잉스타,도넛,빵 및 과자류,52g,404,,1.92,,,,,,,,,,,,,0.0,,,,,
도넛_달콤한 꿀도넛,도넛,빵 및 과자류,35g,343,60.0,5.71,,,,,,,,,,,,,0.0,,,,,
도넛_돌돌말린소시지 도넛,도넛,빵 및 과자류,85g,341,45.88,7.06,,,,,,,,,,,,,0.0,,,,,
도넛_생도넛,도넛,빵 및 과자류,40g,450,,7.5,,,,,,,,,,,,,0.0,,,,,
도넛_스노우링 도넛,도넛,빵 및 과자류,50g,420,,6.0,,,,,,,,,,,,,0.0,,,,,
도넛_시나몬슈가링 도넛,도넛,빵 및 과자류,50g,420,,6.0,,,,,,,,,,,,,0.0,,,,,
도넛_아몬드초코링 도넛,도넛,빵 및 과자류,62g,468,,8.06,,,,,,,,,,,,,0.0,,,,,
도넛_팥이팅 소보루 도넛,도넛,빵 및 과자류,95g,321,,6.32,,,,,,,,,,,,,0.0,,,,,
도넛_화이트초코츄잉스타 도넛,도넛,빵 및 과자류,54g,444,,3.7,,,,,,,,,,,,,0.0,,,,,
도넛_단팥 도넛,도넛,빵 및 과자류,105g,310,44.76,6.67,,,,,,,,,,,,,0.0,,,,,
도넛_추억의생도나스,도넛,빵 및 과자류,78g,429,55.13,17.95,,,,,,,,,,,,,0.0,,,,,
도넛_콘포테이 토넛,도넛,빵 및 과자류,78g,288,,2.56,,,,,,,,,,,,,0.0,,,,,
도넛_링도넛,도넛,빵 및 과자류,100g,515,46.16,7.85,50.0,176.0,1.04,21.24,0.97,1.2,7158.54,596.54,105.14,21.48,,5.0,1.87,21.72,0.0,0.0,0.0,
도다리구이,도다리구이,생선구이류,79.2ml,153,0.71,23.7,31.0,4.0,1.49,34.17,0.96,0.0,,,,,0.42,28.0,6.344,4.78,,1.35,15.54,2.3
도라지나물,도라지나물,나물·숙채류,60ml,36,5.35,0.8,19.0,99.0,0.19,11.3,0.35,1.7,,,,,0.23,1.0,0.285,27.01,,2.04,0.0,0.44
도라지나물,도라지나물,나물·숙채류,101.1ml,39,4.76,0.7,16.0,87.0,0.14,8.77,0.31,1.5,,,,,0.13,1.0,0.243,23.8,,1.83,0.0,0.49
도라지나물,도라지나물,나물·숙채류,101.1ml,39,4.76,0.7,16.0,87.0,0.14,8.77,0.31,1.5,,,,,0.13,1.0,0.243,23.8,,1.83,0.0,0.49
도라지나물,도라지나물,나물·숙채류,75.6ml,117,12.85,2.0,44.0,235.0,0.39,23.99,0.82,4.0,,,,,0.43,2.0,0.662,63.72,,4.9,0.0,1.4
도라지나물무침,도라지나물무침,나물·숙채류,50g,130,13.12,2.48,48.0,135.0,0.44,38.86,0.3,4.9,1615.56,66.1,8.74,0.0,,1.0,0.2,10.8,0.0,0.0,0.0,
도라지생채,도라지생채,채소무침류,160g,77,16.15,2.06,35.0,162.0,0.42,25.81,0.28,4.6,1432.66,54.64,14.76,1.36,,8.0,0.156,8.33,0.0,0.66,0.0,
도라지생채,도라지생채,채소무침류,100g,119,24.52,2.75,40.0,254.0,0.71,,,4.9,,,,,,,0.533,,,0.21,0.0,
도라지생채,도라지생채,채소무침류,85ml,67,14.51,1.5,28.0,185.0,0.38,18.93,0.51,3.0,,,,,0.02,32.0,0.627,36.54,,2.95,0.0,0.86
도라지생채_북어,도라지생채,채소무침류,69.8ml,152,12.47,20.1,93.0,446.0,0.58,43.64,0.96,2.3,,,,,0.36,19.0,1.2349999999999999,39.01,,2.42,0.57,1.0
도라지생채,도라지생채,채소무침류,41.6ml,78,17.75,2.0,31.0,248.0,0.49,24.14,0.6,3.9,,,,,0.03,53.0,0.93,37.56,,2.6,0.0,1.52
도라지생채_오이,도라지생채,채소무침류,50ml,40,8.9,1.11,18.0,148.0,0.25,,,1.5,,,,,,22.0,0.367,15.33,,4.47,0.0,
도라지생채_오징어채,도라지생채,채소무침류,40ml,92,10.58,9.61,23.0,201.0,0.67,,,1.6,,,,,,25.0,0.581,16.77,,2.33,2.78,
도라지생채,도라지생채,채소무침류,41.6ml,78,17.75,2.0,31.0,248.0,0.49,24.14,0.6,3.9,,,,,0.03,53.0,0.93,37.56,,2.6,0.0,1.52
도라지생채_오이,도라지생채,채소무침류,70ml,42,9.3,1.32,20.0,181.0,0.3,,,1.9,,,,,,26.0,0.449,18.02,,5.38,0.0,
도라지생채,도라지생채,채소무침류,85ml,67,14.51,1.5,28.0,185.0,0.38,18.93,0.51,3.0,,,,,0.02,32.0,0.627,36.54,,2.95,0.0,0.86
도라지생채_오이,도라지생채,채소무침류,130ml,41,8.79,1.3,20.0,184.0,0.3,,,2.0,,,,,,27.0,0.489,19.96,,4.83,0.0,
도라지생채_북어,도라지생채,채소무침류,69.8ml,140,12.39,17.1,83.0,374.0,0.96,43.64,0.96,2.3,,,,,0.32,19.0,2.699,35.81,,2.51,0.57,1.0
도라지튀김,도라지튀김,튀김류,86ml,161,16.74,5.2,37.0,179.0,0.72,18.77,0.81,2.8,,,,,0.41,29.0,0.542,53.37,,2.96,0.24,1.44
도라지튀김,도라지튀김,튀김류,42.8ml,179,19.21,5.7,42.0,200.0,0.77,20.85,0.9,3.1,,,,,0.47,36.0,0.659,65.75,,3.28,0.47,1.57
도루묵조림,도루묵조림,조림류,123.2ml,103,5.73,11.3,20.0,124.0,0.44,18.92,0.57,0.9,,,,,0.86,21.0,1.5190000000000001,16.94,,3.26,1.3,1.67
도루묵조림,도루묵조림,조림류,123.2ml,101,5.51,11.2,20.0,122.0,0.44,18.92,0.57,0.7,,,,,0.86,21.0,1.4749999999999999,16.94,,3.02,1.3,1.67
도루묵찌개,도루묵찌개,찌개 및 전골류,494ml,63,4.04,6.8,27.0,132.0,0.5,22.56,0.5,1.4,,,,,0.46,31.0,0.937,20.5,,1.6,0.6,1.15
도미 매운탕,도미 매운탕,찌개 및 전골류,297ml,47,3.37,5.9,20.0,97.0,0.58,24.72,0.42,1.0,,,,,0.17,25.0,0.971,15.06,,1.58,0.94,0.68
도미찜,도미찜,찜류,226.7ml,52,3.22,7.9,33.0,126.0,0.52,22.93,0.42,1.3,,,,,0.03,26.0,2.4659999999999997,18.28,,2.39,1.87,0.79
도미튀김,도미튀김,튀김류,61.8ml,301,18.9,25.9,41.0,55.0,1.86,49.95,1.21,0.7,,,,,1.15,40.0,3.714,29.05,,1.17,4.7,2.71
도토리묵무침,도토리묵무침,채소무침류,100ml,56,12.04,0.6,18.0,35.0,0.35,6.82,0.26,1.9,,,,,0.02,2.0,0.19,8.3,,0.37,0.0,0.22
도토리묵무침,도토리묵무침,채소무침류,100ml,56,12.04,0.6,18.0,35.0,0.35,6.82,0.26,1.9,,,,,0.02,2.0,0.19,8.3,,0.37,0.0,0.22
도토리묵무침_채소,도토리묵무침,채소무침류,50ml,62,11.13,1.44,27.0,130.0,0.52,,,2.0,,,,,,40.0,0.505,16.98,,2.07,0.0,
도토리묵무침,도토리묵무침,채소무침류,100ml,53,11.27,0.5,11.0,30.0,0.49,6.83,0.26,1.7,,,,,0.02,2.0,0.138,8.34,,0.38,0.0,0.22
도토리묵무침_채소,도토리묵무침,채소무침류,70ml,61,11.77,1.37,27.0,137.0,0.52,,,2.2,,,,,,44.0,0.517,17.19,,2.18,0.0,
도토리묵무침,도토리묵무침,채소무침류,100ml,56,12.04,0.6,18.0,35.0,0.35,6.82,0.26,1.9,,,,,0.02,2.0,0.19,8.3,,0.37,0.0,0.22
도토리묵무침_채소,도토리묵무침,채소무침류,120ml,60,11.66,1.28,24.0,135.0,0.51,,,2.2,,,,,,41.0,0.526,15.29,,1.32,0.0,
돈가스_제주카츠볼,돈가스,튀김류,100g,316,,13.7,,,,,,,,,,,,,0.0,,,,,
돈가스,돈가스,튀김류,100g,280,15.89,13.85,34.0,224.0,0.96,,,0.3,,,,,,,3.193,,,1.2,0.0,
돈가스_고구마,돈가스,튀김류,100g,317,23.05,12.34,72.0,202.0,0.64,,,2.0,,,,,,,2.032,,,0.0,0.0,
돈가스_돼지등심,돈가스,튀김류,200g,312,19.24,16.5,18.0,249.0,0.0,22.71,1.25,1.0,-,1251.76,376.19,0.0,,7.0,4.756,0.0,0.0,0.06,,
돈가스_돼지안심,돈가스,튀김류,200g,326,17.13,16.64,16.0,258.0,0.0,24.42,1.42,1.2,-,1300.52,421.82,0.0,,6.0,4.039,0.0,0.0,0.06,,
돈가스_치즈,돈가스,튀김류,250g,302,16.71,16.81,168.0,209.0,0.0,23.25,1.64,1.3,-,1371.2,392.25,0.0,,26.0,3.2990000000000004,0.0,0.0,0.07,,
돈가스,돈가스,튀김류,100ml,148,9.47,9.1,8.0,133.0,0.4,12.38,0.7,0.5,,,,,0.36,8.0,0.947,8.34,,3.57,0.12,0.85
돈가스,돈가스,튀김류,100ml,148,9.47,9.1,8.0,133.0,0.4,12.38,0.7,0.5,,,,,0.36,8.0,0.947,8.34,,3.57,0.12,0.85
돈가스,돈가스,튀김류,100ml,149,9.33,8.9,8.0,138.0,0.4,12.38,0.7,0.5,,,,,0.36,8.0,1.3299999999999998,7.2,,3.61,0.14,0.88
돈가스_간편조리세트_부타이로스카츠 (통등심돈가스),돈가스,튀김류,319g,262,10.71,14.46,12.0,247.0,0.44,,,0.5,,,,,,,5.5440000000000005,,,0.0,0.0,
돌나물,돌나물,채소무침류,90ml,24,5.23,0.64,48.0,81.0,0.28,,,0.7,,,,,,38.0,0.28700000000000003,8.28,,25.15,0.0,
돌나물,돌나물,채소무침류,60ml,42,8.47,0.96,64.0,140.0,0.41,,,1.4,,,,,,53.0,0.476,12.07,,33.26,0.0,
돌나물,돌나물,채소무침류,90ml,44,8.68,1.16,77.0,150.0,0.48,,,1.4,,,,,,60.0,0.53,14.6,,39.29,0.0,
돌나물무침,돌나물무침,채소무침류,50g,69,8.3,1.66,125.0,149.0,0.48,23.6,0.32,2.0,1433.44,101.9,20.12,2.58,,66.0,0.58,42.7,0.0,0.0,0.0,
돌나물무침,돌나물무침,채소무침류,90ml,24,5.23,0.6,48.0,81.0,0.28,9.49,0.14,0.7,,,,,0.03,38.0,0.28700000000000003,8.29,,25.0,0.0,0.4
돌나물무침,돌나물무침,채소무침류,45.1ml,41,8.81,1.4,135.0,168.0,0.65,20.3,0.32,1.1,,,,,0.03,75.0,0.524,22.12,,71.43,0.0,0.61
돌나물무침,돌나물무침,채소무침류,90ml,44,8.69,1.2,77.0,149.0,0.48,16.48,0.24,1.4,,,,,0.02,60.0,0.531,14.64,,39.31,0.0,0.82
돌솥 비빔밥,돌솥 비빔밥,밥류,575ml,101,17.46,3.4,29.0,116.0,0.53,14.3,0.58,1.2,,,,,0.04,30.0,0.5680000000000001,20.62,,1.35,0.09,0.35
돌솥 비빔밥_양념장,돌솥 비빔밥,밥류,550ml,86,13.99,2.81,17.0,91.0,0.57,,,1.0,,,,,,41.0,0.425,25.87,,2.02,0.21,
돌솥 비빔밥,돌솥 비빔밥,밥류,575ml,101,17.46,3.4,29.0,116.0,0.53,14.3,0.58,1.2,,,,,0.04,30.0,0.5680000000000001,20.62,,1.35,0.09,0.35
동치미,동치미,김치류,200g,14,2.28,0.29,7.0,87.0,0.43,14.6,0.02,1.0,215.05,9.59,2.3,4.26,,0.0,0.045,10.68,0.0,1.22,0.0,
동치미,동치미,김치류,100g,11,2.08,0.49,76.0,106.0,0.56,,,0.8,,,,,,,0.543,,,1.11,0.0,
동태 매운탕,동태 매운탕,찌개 및 전골류,610ml,25,1.98,3.3,17.0,118.0,0.28,13.55,0.25,0.8,,,,,0.04,10.0,0.51,10.25,,1.17,0.06,0.41
동태 매운탕,동태 매운탕,찌개 및 전골류,610ml,25,1.98,3.3,17.0,118.0,0.28,13.55,0.25,0.8,,,,,0.04,10.0,0.51,10.25,,1.17,0.06,0.41
동태국,동태국,국 및 탕류,400g,17,1.4,2.42,15.0,107.0,0.14,8.56,0.23,1.0,2191.13,178.91,55.57,8.34,,1.0,2.045,8.59,0.48,0.44,0.0,
동태국,동태국,국 및 탕류,298.4ml,17,1.31,2.7,12.0,101.0,0.11,8.29,0.16,0.5,,,,,0.01,6.0,0.322,6.84,,1.26,0.07,0.32
동태국,동태국,국 및 탕류,212ml,26,2.13,4.0,33.0,154.0,0.27,14.97,0.24,0.8,,,,,0.03,12.0,0.43599999999999994,13.11,,1.15,0.1,0.39
동태국,동태국,국 및 탕류,212ml,21,1.36,3.4,14.0,110.0,0.12,8.62,0.18,0.5,,,,,0.01,7.0,0.374,6.41,,1.12,0.09,0.39
동태국,동태국,국 및 탕류,320ml,29,1.56,4.2,21.0,117.0,0.29,18.07,0.27,0.8,,,,,0.05,10.0,0.40900000000000003,8.62,,0.88,0.09,0.45
동태까스_소스,동태까스,튀김류,90ml,273,19.42,11.6,38.0,176.0,0.52,,,1.3,,,,,,17.0,0.851,15.63,,6.66,0.36,
동태양념구이,동태양념구이,생선구이류,75.2ml,130,1.59,21.7,70.0,387.0,0.41,45.59,0.69,0.6,,,,,0.17,20.0,1.915,10.15,,0.11,0.64,1.73
동태전,동태전,전·적 및 부침류,100g,195,6.11,16.48,31.0,217.0,0.89,,,0.1,,,,,,26.0,0.8,,,0.0,1.24,
동태전,동태전,전·적 및 부침류,190ml,109,5.08,9.74,32.0,143.0,0.44,,,0.2,,,,,,26.0,0.7370000000000001,15.75,,0.71,0.49,
동태전,동태전,전·적 및 부침류,45.07ml,236,8.94,16.9,52.0,234.0,0.76,25.3,0.72,0.3,,,,,0.79,39.0,1.167,19.92,,0.02,0.65,2.17
동태전,동태전,전·적 및 부침류,52.99ml,239,9.14,16.8,52.0,231.0,0.8,25.07,0.74,0.3,,,,,0.81,41.0,1.147,20.82,,0.02,0.66,2.19
동태전,동태전,전·적 및 부침류,70ml,115,5.15,8.9,28.0,127.0,0.37,13.88,0.36,0.2,,,,,0.35,18.0,0.628,9.24,,0.02,0.32,1.03
동태조림,동태조림,조림류,250g,110,6.96,16.32,135.0,307.0,0.0,35.15,0.71,1.7,-,1215.14,438.44,0.03,,103.0,2.52,20.74,1.88,0.42,,
동태조림,동태조림,조림류,61.8ml,116,4.86,18.8,86.0,397.0,0.78,49.98,0.85,1.7,,,,,0.07,27.0,2.1950000000000003,18.02,,0.26,0.5,1.74
동태조림,동태조림,조림류,230ml,64,4.5,10.06,36.0,256.0,0.31,,,0.9,,,,,,15.0,1.078,13.2,,2.15,0.28,
동태찌개,동태찌개,찌개 및 전골류,200g,44,1.72,6.11,33.0,174.0,0.46,21.11,0.58,1.8,5728.56,452.58,147.61,11.24,,3.0,4.14,8.33,1.18,0.0,0.0,
동태찌개,동태찌개,찌개 및 전골류,610ml,25,2.05,3.25,17.0,119.0,0.28,,,0.9,,,,,,10.0,0.522,10.26,,1.25,0.06,
동태찌개,동태찌개,찌개 및 전골류,221ml,24,2.61,3.2,13.0,94.0,0.12,8.0,0.15,0.5,,,,,0.02,18.0,0.375,5.7,,0.77,0.09,0.38
동태찌개,동태찌개,찌개 및 전골류,221ml,24,2.61,3.2,13.0,94.0,0.12,8.0,0.15,0.5,,,,,0.02,18.0,0.375,5.7,,0.77,0.09,0.38
동태찌개,동태찌개,찌개 및 전골류,327.8ml,44,3.91,5.5,26.0,150.0,0.37,20.58,0.36,1.1,,,,,0.07,20.0,0.5449999999999999,11.16,,1.46,0.12,0.56
동태찜,동태찜,찜류,500g,79,5.16,10.18,74.0,238.0,0.0,26.88,0.52,1.9,-,676.27,229.43,20.57,,55.0,1.62,19.57,1.3,0.13,,
동태찜,동태찜,찜류,232.3ml,50,2.75,7.6,39.0,218.0,0.38,20.86,0.39,1.1,,,,,0.04,23.0,0.863,17.55,,2.07,0.2,0.73
동태튀김,동태튀김,튀김류,120.9ml,146,8.19,10.7,33.0,155.0,0.37,17.52,0.39,0.3,,,,,0.45,15.0,0.78,8.57,,0.02,0.34,1.23
동태튀김,동태튀김,튀김류,120.9ml,147,8.41,10.7,33.0,155.0,0.37,17.52,0.39,0.3,,,,,0.45,16.0,0.8,10.61,,0.02,0.41,1.22
동파육,동파육,찜류,100g,191,4.15,8.99,27.0,148.0,0.56,,,1.6,,,,,,,1.8159999999999998,,,0.44,0.0,
돼지갈비강정,돼지갈비강정,튀김류,90.4ml,382,20.7,25.8,16.0,511.0,1.1,37.62,2.87,0.8,,,,,0.18,26.0,5.93,8.87,,2.04,0.34,0.54
돼지갈비강정,돼지갈비강정,튀김류,86.1ml,244,20.4,13.0,13.0,295.0,0.7,23.77,1.57,0.7,,,,,0.09,20.0,2.955,7.55,,1.54,0.0,0.35
돼지갈비구이_폭립,돼지갈비구이,육류 및 채소구이류,100g,295,7.31,24.03,,,,,,,,,,,,,0.0,,,,,
돼지갈비구이_간장,돼지갈비구이,육류 및 채소구이류,100g,240,8.1,19.5,47.0,281.0,0.0,20.74,2.75,0.3,-,1602.98,494.14,41.24,,3.0,0.62,5.37,0.0,0.0,,
돼지갈비구이,돼지갈비구이,육류 및 채소구이류,180ml,132,6.57,8.0,7.0,154.0,0.42,12.74,0.98,0.2,,,,,0.07,3.0,1.837,2.93,,0.66,0.05,0.15
돼지갈비구이_간장,돼지갈비구이,육류 및 채소구이류,180ml,129,6.56,7.96,7.0,154.0,0.42,,,0.2,,,,,,3.0,1.84,2.91,,0.65,0.05,
돼지갈비구이,돼지갈비구이,육류 및 채소구이류,150ml,130,4.64,9.0,8.0,178.0,0.44,13.0,1.09,0.2,,,,,0.07,4.0,2.112,3.77,,1.64,0.06,0.15
돼지갈비구이_간장,돼지갈비구이,육류 및 채소구이류,150ml,128,4.62,9.02,8.0,175.0,0.44,,,0.2,,,,,,3.0,2.115,3.35,,1.42,0.06,
돼지갈비구이,돼지갈비구이,육류 및 채소구이류,180ml,132,6.57,8.0,7.0,154.0,0.42,12.74,0.98,0.2,,,,,0.07,3.0,1.837,2.93,,0.66,0.05,0.15
돼지갈비구이,돼지갈비구이,육류 및 채소구이류,141.4ml,202,8.82,13.4,10.0,264.0,0.69,21.41,1.6,0.4,,,,,0.09,3.0,3.003,4.51,,1.47,0.0,0.18
돼지갈비전골,돼지갈비전골,찌개 및 전골류,85.8ml,227,5.07,16.6,20.0,330.0,0.84,26.9,2.02,0.6,,,,,0.12,4.0,3.6870000000000003,7.55,,2.31,0.0,0.21
돼지갈비찜,돼지갈비찜,찜류,300g,194,7.44,13.29,30.0,332.0,0.96,25.55,2.55,3.0,12173.12,969.78,301.67,16.82,,45.0,19.096,18.6,0.43,0.96,0.0,
돼지갈비찜,돼지갈비찜,찜류,340ml,139,4.79,10.5,9.0,224.0,0.53,16.59,1.27,0.4,,,,,0.06,13.0,2.46,5.74,,1.68,0.08,0.15
돼지갈비찜_배추김치,돼지갈비찜,찜류,450ml,89,5.36,5.86,30.0,225.0,0.62,,,2.0,,,,,,19.0,1.601,26.93,,3.28,0.08,
돼지갈비찜,돼지갈비찜,찜류,120ml,142,6.28,10.3,10.0,241.0,0.56,17.95,1.27,0.7,,,,,0.09,19.0,2.464,7.32,,2.86,0.08,0.24
돼지갈비찜_매운양념_채소,돼지갈비찜,찜류,130ml,136,7.5,9.44,10.0,237.0,0.55,,,1.0,,,,,,33.0,2.1959999999999997,6.67,,2.46,0.05,
돼지갈비찜_채소,돼지갈비찜,찜류,120ml,139,6.28,10.26,10.0,242.0,0.57,,,0.7,,,,,,19.0,2.412,7.24,,2.77,0.07,
돼지갈비찜_채소_떡,돼지갈비찜,찜류,140ml,142,10.95,8.99,9.0,188.0,0.48,,,0.6,,,,,,15.0,2.0300000000000002,6.24,,1.52,0.06,
돼지갈비찜,돼지갈비찜,찜류,220ml,140,5.91,10.7,9.0,242.0,0.57,17.87,1.33,0.6,,,,,0.06,19.0,2.467,6.84,,2.39,0.12,0.22
돼지갈비찜_매운양념_채소,돼지갈비찜,찜류,220ml,130,7.41,10.22,9.0,259.0,0.57,,,1.0,,,,,,29.0,2.448,6.63,,2.52,0.11,
돼지갈비찜_매운양념_채소_떡,돼지갈비찜,찜류,270ml,143,11.58,9.8,10.0,224.0,0.54,,,0.9,,,,,,26.0,2.271,7.22,,1.87,0.14,
돼지갈비찜_채소,돼지갈비찜,찜류,220ml,137,5.92,10.75,9.0,243.0,0.57,,,0.6,,,,,,19.0,2.375,6.71,,2.32,0.11,
돼지갈비찜_채소_떡,돼지갈비찜,찜류,250ml,143,10.12,10.28,9.0,215.0,0.51,,,0.6,,,,,,19.0,2.297,6.57,,2.06,0.13,
돼지갈비찜,돼지갈비찜,찜류,340ml,139,4.79,10.5,9.0,224.0,0.53,16.59,1.27,0.4,,,,,0.06,13.0,2.46,5.74,,1.68,0.08,0.15
돼지갈비찜_채소,돼지갈비찜,찜류,340ml,136,4.79,10.49,9.0,226.0,0.54,,,0.4,,,,,,13.0,2.3600000000000003,5.6,,1.65,0.07,
돼지갈비찜_간편조리세트_국내산순살돼지갈비찜,돼지갈비찜,찜류,895g,120,8.8,10.12,13.0,197.0,0.56,,,0.6,,,,,,,3.202,,,0.53,0.0,
돼지고기_간,돼지고기,찜류,100g,164,1.56,29.36,9.0,158.0,20.41,,,0.0,,,,,,,11.265999999999998,,,0.4,0.0,
돼지고기_머리고기,돼지고기,찜류,200g,325,1.75,21.2,13.0,110.0,0.0,14.65,2.41,1.6,-,1409.24,417.37,31.99,,4.0,1.62,13.78,,0.0,,
돼지고기_허파,돼지고기,찜류,100g,91,0.02,17.27,12.0,113.0,7.65,,,0.0,,,,,,,1.178,,,0.65,0.0,
돼지고기 꼬치구이,돼지고기 꼬치구이,육류 및 채소구이류,105ml,179,2.75,26.9,8.0,451.0,0.6,31.15,1.87,0.3,,,,,0.05,14.0,4.59,3.11,,1.16,0.29,0.42
돼지고기 꼬치구이,돼지고기 꼬치구이,육류 및 채소구이류,105ml,171,2.89,27.7,13.0,437.0,0.51,31.37,1.89,0.3,,,,,0.04,10.0,2.702,2.4,,0.59,0.0,0.32
돼지고기 꼬치구이,돼지고기 꼬치구이,육류 및 채소구이류,105ml,179,2.75,26.9,8.0,451.0,0.6,31.15,1.87,0.3,,,,,0.05,14.0,4.59,3.11,,1.16,0.29,0.42
돼지고기 덮밥,돼지고기 덮밥,밥류,330ml,165,26.17,7.92,13.0,208.0,0.74,,,1.1,,,,,,27.0,1.8090000000000002,13.11,,2.08,0.15,
돼지고기 덮밥,돼지고기 덮밥,밥류,330ml,168,25.91,8.0,13.0,187.0,0.43,20.47,1.18,1.4,,,,,0.06,26.0,2.0180000000000002,13.7,,2.07,0.17,0.51
돼지고기 스테이크,돼지고기 스테이크,육류 및 채소구이류,111.2ml,113,5.55,13.5,11.0,314.0,0.52,22.84,0.99,1.4,,,,,0.09,27.0,2.5060000000000002,5.89,,1.57,0.13,0.86
돼지고기 스테이크,돼지고기 스테이크,육류 및 채소구이류,68.7ml,183,8.99,21.8,17.0,508.0,0.84,36.97,1.6,2.3,,,,,0.15,43.0,4.056,9.53,,2.54,0.22,1.39
돼지고기 스테이크,돼지고기 스테이크,육류 및 채소구이류,68.7ml,183,8.99,21.8,17.0,508.0,0.84,36.97,1.6,2.3,,,,,0.15,43.0,4.056,9.53,,2.54,0.22,1.39
돼지고기 스테이크,돼지고기 스테이크,육류 및 채소구이류,111.2ml,109,5.6,13.8,12.0,306.0,0.51,22.91,0.99,1.4,,,,,0.09,25.0,1.61,5.41,,1.35,0.0,0.81
돼지고기 장조림,돼지고기 장조림,조림류,50ml,150,7.25,16.3,13.0,374.0,0.79,39.75,1.59,0.5,,,,,0.05,5.0,3.444,13.96,,1.45,0.3,0.22
돼지고기 장조림_메추리알,돼지고기 장조림,조림류,50ml,143,6.02,14.5,18.0,300.0,1.01,30.08,1.55,0.4,,,,,0.06,31.0,2.8710000000000004,23.46,,1.07,0.59,0.29
돼지고기 장조림,돼지고기 장조림,조림류,60ml,133,5.93,15.4,10.0,279.0,0.66,20.86,1.78,0.3,,,,,0.05,8.0,3.334,6.29,,1.29,0.45,0.22
돼지고기 장조림_메추리알,돼지고기 장조림,조림류,60ml,127,5.74,13.6,16.0,239.0,0.87,18.53,1.6,0.3,,,,,0.05,31.0,2.742,17.21,,1.36,0.62,0.28
돼지고기 장조림,돼지고기 장조림,조림류,60ml,133,5.93,15.4,10.0,279.0,0.66,20.86,1.78,0.3,,,,,0.05,8.0,3.334,6.29,,1.29,0.45,0.22
돼지고기 장조림,돼지고기 장조림,조림류,50ml,150,7.25,16.3,13.0,374.0,0.79,39.75,1.59,0.5,,,,,0.05,5.0,3.444,13.96,,1.45,0.3,0.22
돼지고기 피망잡채,돼지고기 피망잡채,볶음류,170ml,95,5.09,9.5,9.0,225.0,0.53,15.9,1.01,0.9,,,,,0.11,22.0,2.934,12.03,,8.38,0.25,0.49
돼지고기 피망잡채,돼지고기 피망잡채,볶음류,170ml,91,5.1,9.7,9.0,232.0,0.54,15.9,1.01,0.9,,,,,0.1,22.0,2.29,11.23,,8.2,0.16,0.48
돼지고기강정,돼지고기강정,튀김류,163.5ml,174,8.36,14.7,10.0,238.0,0.51,21.01,1.01,0.1,,,,,0.33,13.0,1.423,10.04,,0.32,0.17,0.75
돼지고기강정,돼지고기강정,튀김류,76.2ml,174,8.41,14.8,10.0,237.0,0.51,20.55,1.01,0.1,,,,,0.33,13.0,1.419,9.73,,0.32,0.17,0.75
돼지고기강정,돼지고기강정,튀김류,76.2ml,174,8.41,14.8,10.0,237.0,0.51,20.55,1.01,0.1,,,,,0.33,13.0,1.419,9.73,,0.32,0.17,0.75
돼지고기강정,돼지고기강정,튀김류,163.5ml,178,8.12,14.4,10.0,247.0,0.54,21.01,1.01,0.1,,,,,0.34,13.0,2.334,8.33,,0.44,0.23,0.81
돼지고기볶음_김치,돼지고기볶음,볶음류,230g,161,5.93,11.81,27.0,343.0,1.0,23.71,1.78,2.1,11073.48,903.89,256.78,15.3,,22.0,0.7130000000000001,18.52,0.34,0.59,0.0,
돼지고기볶음_채소,돼지고기볶음,볶음류,230g,169,8.63,16.57,15.0,350.0,0.9,23.86,2.38,1.7,15737.83,1283.12,403.98,17.24,,17.0,1.355,13.52,0.46,1.17,0.0,
돼지고기볶음,돼지고기볶음,볶음류,200g,175,9.11,11.48,22.0,284.0,0.01,0.0,0.0,1.5,-,0.0,0.0,0.0,,54.0,2.9139999999999997,0.0,0.0,0.37,,
돼지고기볶음_김치,돼지고기볶음,볶음류,200ml,109,6.81,9.5,27.0,331.0,0.6,23.32,1.16,2.4,,,,,0.13,27.0,2.8950000000000005,25.83,,2.82,0.25,0.9
돼지고기볶음_돼지고기,돼지고기볶음,볶음류,400ml,134,6.43,9.53,9.0,244.0,0.54,,,1.2,,,,,,28.0,2.535,5.91,,1.26,0.3,
돼지고기볶음_돼지고기_버섯,돼지고기볶음,볶음류,460ml,102,6.51,8.41,10.0,240.0,0.52,,,1.3,,,,,,26.0,2.4939999999999998,11.81,,2.1,0.24,
돼지고기볶음_돼지고기_오징어,돼지고기볶음,볶음류,410ml,136,6.89,8.77,12.0,253.0,0.42,,,1.4,,,,,,32.0,1.177,10.1,,2.21,1.34,
돼지고기볶음_돼지고기_채소,돼지고기볶음,볶음류,430ml,106,5.65,7.77,11.0,213.0,0.46,,,1.1,,,,,,31.0,2.06,7.23,,2.51,0.24,
돼지고기볶음_케찹,돼지고기볶음,볶음류,123.9ml,173,7.13,19.1,12.0,418.0,0.5,26.66,1.3,1.3,,,,,0.24,10.0,3.303,7.96,,4.61,0.2,0.67
돼지고기볶음_김치,돼지고기볶음,볶음류,130ml,95,4.25,7.3,19.0,233.0,0.44,16.36,0.95,1.5,,,,,0.11,23.0,2.023,17.28,,1.72,0.22,0.53
돼지고기볶음_돼지고기_배추김치,돼지고기볶음,볶음류,130ml,91,3.98,7.21,20.0,210.0,0.48,,,1.4,,,,,,22.0,1.9260000000000002,17.12,,2.19,0.21,
돼지고기볶음_돼지고기_버섯,돼지고기볶음,볶음류,110ml,121,7.51,11.58,10.0,264.0,0.6,,,1.0,,,,,,32.0,3.5540000000000003,10.26,,2.43,0.35,
돼지고기볶음_돼지고기_오징어,돼지고기볶음,볶음류,110ml,145,7.13,11.22,13.0,268.0,0.45,,,0.9,,,,,,39.0,1.741,8.43,,1.94,1.55,
돼지고기볶음_돼지고기_채소,돼지고기볶음,볶음류,110ml,117,6.51,11.47,11.0,251.0,0.54,,,0.8,,,,,,36.0,2.984,6.46,,1.81,0.3,
돼지고기볶음_짜장,돼지고기볶음,볶음류,79.9ml,203,16.3,13.6,16.0,335.0,0.55,25.63,0.97,1.8,,,,,0.47,62.0,2.503,33.28,,2.32,0.13,0.93
돼지고기볶음_케찹,돼지고기볶음,볶음류,55ml,166,7.18,19.6,11.0,405.0,0.47,26.98,1.3,1.3,,,,,0.23,8.0,1.9689999999999999,7.37,,4.44,0.0,0.6
돼지고기볶음_김치,돼지고기볶음,볶음류,200ml,99,4.45,9.1,21.0,276.0,0.51,19.35,1.09,1.7,,,,,0.15,23.0,2.677,19.55,,2.17,0.26,0.56
돼지고기볶음_돼지고기_배추김치,돼지고기볶음,볶음류,200ml,94,4.14,9.13,22.0,256.0,0.57,,,1.5,,,,,,22.0,2.223,18.92,,2.59,0.2,
돼지고기볶음_돼지고기_버섯,돼지고기볶음,볶음류,200ml,99,5.66,11.07,8.0,250.0,0.51,,,0.8,,,,,,28.0,2.895,6.86,,2.13,0.25,
돼지고기볶음_돼지고기_오징어,돼지고기볶음,볶음류,260ml,94,5.65,9.21,11.0,219.0,0.35,,,0.8,,,,,,30.0,1.5150000000000001,6.81,,2.0,1.23,
돼지고기볶음_돼지고기_짜장,돼지고기볶음,볶음류,210ml,112,6.37,12.01,13.0,269.0,0.56,,,1.0,,,,,,18.0,2.947,15.08,,3.49,0.27,
돼지고기볶음_돼지고기_채소,돼지고기볶음,볶음류,210ml,104,6.4,11.45,12.0,275.0,0.56,,,1.0,,,,,,33.0,2.7470000000000003,7.47,,2.42,0.22,
돼지고기볶음_짜장,돼지고기볶음,볶음류,210ml,116,6.38,11.9,14.0,262.0,0.56,18.54,1.36,0.9,,,,,0.08,18.0,3.341,15.38,,3.7,0.35,0.33
돼지고기볶음_김치,돼지고기볶음,볶음류,200ml,109,6.81,9.5,27.0,331.0,0.6,23.32,1.16,2.4,,,,,0.13,27.0,2.8950000000000005,25.83,,2.82,0.25,0.9
돼지고기볶음_돼지고기_배추김치,돼지고기볶음,볶음류,200ml,103,6.41,9.43,29.0,303.0,0.68,,,2.2,,,,,,26.0,2.479,25.23,,3.42,0.2,
돼지고기볶음_돼지고기_오징어,돼지고기볶음,볶음류,290ml,113,6.49,9.89,14.0,261.0,0.42,,,1.2,,,,,,30.0,1.63,8.5,,3.12,1.36,
돼지고기볶음_돼지고기_채소,돼지고기볶음,볶음류,250ml,111,6.54,9.88,14.0,260.0,0.55,,,1.3,,,,,,30.0,2.456,8.29,,3.49,0.21,
돼지고기볶음_짜장,돼지고기볶음,볶음류,185.4ml,199,16.27,14.0,16.0,326.0,0.53,25.65,0.97,1.8,,,,,0.46,61.0,1.657,32.81,,2.24,0.0,0.89
돼지고기볶음_간편조리세트_돼지고기 숙주 볶음,돼지고기볶음,볶음류,650g,145,9.05,7.46,23.0,219.0,0.67,,,1.2,,,,,,,2.6870000000000003,,,0.0,0.0,
돼지고기볶음(제육볶음),돼지고기볶음(제육볶음),볶음류,250g,195,4.73,12.15,22.0,370.0,1.1,25.84,2.14,3.6,12816.97,1028.18,289.5,20.1,,55.0,8.866000000000001,22.5,0.21,0.0,0.0,
돼지고기찌개_간편조리세트_돼지고기고추장찌개,돼지고기찌개,찌개 및 전골류,553g,49,5.28,4.32,26.0,188.0,0.33,,,1.8,,,,,,,1.328,,,1.22,0.0,
돼지고기찌개,돼지고기찌개,찌개 및 전골류,300g,48,2.26,6.25,16.0,156.0,0.43,17.66,0.5,1.3,5393.73,443.17,93.49,3.08,,3.0,0.20400000000000001,12.64,0.07,0.0,0.0,
돼지고기찌개,돼지고기찌개,찌개 및 전골류,360ml,56,2.85,4.08,7.0,100.0,0.63,,,0.7,,,,,,8.0,0.9989999999999999,6.67,,0.69,0.12,
돼지고기찌개,돼지고기찌개,찌개 및 전골류,360ml,56,2.85,4.1,7.0,100.0,0.63,11.18,0.52,0.7,,,,,0.74,8.0,0.9969999999999999,6.67,,0.7,0.12,0.31
돼지고기찌개,돼지고기찌개,찌개 및 전골류,360ml,57,2.74,4.1,7.0,102.0,0.64,11.18,0.52,0.7,,,,,0.04,8.0,0.986,6.67,,0.66,0.12,0.31
돼지고기찌개_간편조리세트_돼지고기 짜글이,돼지고기찌개,찌개 및 전골류,702g,108,6.04,10.46,16.0,266.0,0.66,,,0.8,,,,,,,2.594,,,1.04,0.0,
돼지고기찜,돼지고기찜,찜류,250ml,109,8.89,10.82,10.0,231.0,0.55,,,0.7,,,,,,20.0,2.334,7.45,,2.18,0.29,
돼지고기튀김,돼지고기튀김,튀김류,73.4ml,222,6.24,20.9,13.0,334.0,0.71,23.76,1.44,0.2,,,,,0.49,19.0,3.285,8.55,,0.61,0.35,1.08
돼지껍데기구이,돼지껍데기구이,육류 및 채소구이류,100g,348,3.37,23.74,7.0,61.0,0.94,,,0.0,,,,,,,0.22,,,1.08,0.79,
돼지등갈비찜,돼지등갈비찜,찜류,450g,214,12.76,16.02,36.0,247.0,0.0,21.51,1.85,1.8,-,1226.7,361.37,19.83,,28.0,1.5550000000000002,12.47,0.58,0.0,,
돼지등심 장조림,돼지등심 장조림,조림류,77.3ml,111,4.75,16.0,7.0,268.0,0.4,22.67,1.07,0.1,,,,,0.02,1.0,1.7,4.05,,0.43,0.0,0.14
돼지등심 장조림,돼지등심 장조림,조림류,98.8ml,117,5.24,15.4,7.0,278.0,0.43,22.38,1.06,0.1,,,,,0.03,2.0,2.7439999999999998,4.66,,0.55,0.16,0.19
돼지머리국밥,돼지머리국밥,밥류,809ml,72,12.55,2.1,4.0,35.0,0.11,6.52,0.48,0.5,,,,,0.02,1.0,0.28099999999999997,4.3,,0.36,0.03,0.07
돼지머리국밥,돼지머리국밥,밥류,932.1ml,68,11.03,2.2,6.0,35.0,0.13,6.14,0.46,0.4,,,,,0.02,1.0,0.264,4.73,,0.74,0.02,0.07
돼지불고기_간편조리세트_기사식당 돼지불고기,돼지불고기,육류 및 채소구이류,433g,155,8.08,10.25,31.0,261.0,0.79,,,2.1,,,,,,,3.024,,,0.0,0.0,
돼지불고기_간편조리세트_매콤 콩나물불고기,돼지불고기,육류 및 채소구이류,522g,191,13.82,10.62,23.0,223.0,0.83,,,1.5,,,,,,,1.909,,,3.14,0.0,
돼지불고기_삼겹살_오징어,돼지불고기,육류 및 채소구이류,200g,182,10.25,12.8,21.0,285.0,0.0,31.15,1.31,2.1,-,962.83,269.03,24.47,,50.0,1.115,20.32,,0.13,,
돼지불고기_고추장,돼지불고기,육류 및 채소구이류,127.3ml,146,9.62,15.8,12.0,345.0,0.56,25.12,1.19,1.1,,,,,0.04,27.0,2.785,8.46,,2.54,0.16,0.49
돼지불고기_간장,돼지불고기,육류 및 채소구이류,160ml,84,4.34,8.44,6.0,181.0,0.41,,,0.5,,,,,,11.0,2.358,6.25,,1.29,0.22,
돼지불고기_고추장,돼지불고기,육류 및 채소구이류,160ml,90,5.65,8.36,8.0,193.0,0.42,,,0.7,,,,,,27.0,2.191,5.51,,1.5,0.21,
돼지불고기_버섯,돼지불고기,육류 및 채소구이류,160ml,86,4.34,8.4,7.0,178.0,0.4,12.71,1.01,0.5,,,,,0.07,11.0,2.562,6.52,,1.35,0.25,0.18
돼지불고기_간장,돼지불고기,육류 및 채소구이류,300ml,79,4.15,8.88,7.0,193.0,0.44,,,0.5,,,,,,10.0,2.3609999999999998,6.38,,1.53,0.2,
돼지불고기_고추장,돼지불고기,육류 및 채소구이류,300ml,83,5.48,8.98,8.0,207.0,0.42,,,0.8,,,,,,26.0,2.2329999999999997,5.35,,1.76,0.18,
돼지불고기_버섯,돼지불고기,육류 및 채소구이류,300ml,82,4.14,8.8,7.0,188.0,0.43,13.33,1.02,0.5,,,,,0.04,10.0,2.7039999999999997,6.92,,1.66,0.26,0.15
돼지불고기_간장,돼지불고기,육류 및 채소구이류,300ml,85,4.3,8.75,10.0,198.0,0.42,,,0.5,,,,,,13.0,2.257,5.78,,2.76,0.22,
돼지불고기_고추장,돼지불고기,육류 및 채소구이류,320ml,85,5.79,8.52,10.0,226.0,0.46,,,1.1,,,,,,29.0,2.161,6.66,,2.46,0.18,
돼지불고기_간편조리세트_대파고추장불고기,돼지불고기,육류 및 채소구이류,755g,165,12.17,11.79,11.0,246.0,0.85,,,1.3,,,,,,,4.042,,,2.61,0.0,
돼지사태찜,돼지사태찜,찜류,177.3ml,84,7.02,7.6,10.0,251.0,0.51,17.21,1.11,1.1,,,,,0.02,54.0,1.6280000000000001,10.3,,3.22,0.28,0.18
돼지사태찜,돼지사태찜,찜류,76ml,132,11.08,12.1,16.0,397.0,0.81,27.17,1.76,1.7,,,,,0.04,86.0,2.589,16.26,,5.16,0.44,0.28
돼지사태찜,돼지사태찜,찜류,250ml,109,8.89,10.8,10.0,230.0,0.55,17.29,1.37,0.7,,,,,0.04,20.0,2.334,7.45,,2.2,0.29,0.29
돼지사태찜,돼지사태찜,찜류,177.3ml,83,7.02,7.6,10.0,250.0,0.51,17.21,1.11,1.1,,,,,0.02,54.0,1.629,10.3,,3.24,0.28,0.18
된장국_감자,된장국,된장국류,400g,25,3.7,1.09,18.0,132.0,0.52,20.95,0.35,0.6,1143.65,113.2,0.0,5.27,,0.0,2.481,6.43,0.0,0.0,0.0,
된장국_냉이,된장국,된장국류,400g,22,2.2,1.71,32.0,100.0,0.75,12.71,0.23,1.3,1685.36,143.55,0.26,2.88,,15.0,3.985,23.38,0.07,0.0,0.0,
된장국_미역,된장국,된장국류,400g,24,2.28,1.56,20.0,137.0,0.89,19.08,0.23,2.7,1138.83,101.38,16.81,5.82,,2.0,0.241,0.05,0.15,0.36,0.0,
된장국_배추,된장국,된장국류,400g,20,2.58,1.46,12.0,95.0,0.25,5.87,0.48,0.6,1341.01,115.42,12.85,2.47,,1.0,0.698,6.91,0.07,0.0,0.0,
된장국_시금치,된장국,된장국류,400g,9,0.98,1.02,15.0,181.0,0.29,20.45,0.18,0.4,621.1,54.83,5.09,1.2,,18.0,1.048,7.84,0.14,0.18,0.0,
된장국_시래기,된장국,된장국류,400g,15,2.03,1.31,36.0,36.0,0.9,4.78,0.19,1.9,1074.4,103.13,0.0,1.61,,2.0,0.719,4.03,0.11,0.0,0.0,
된장국_쑥,된장국,된장국류,400g,15,1.52,1.22,10.0,148.0,0.21,10.08,0.11,0.8,956.64,59.92,10.8,14.24,,20.0,2.135,15.39,0.26,0.16,0.0,
된장국_아욱,된장국,된장국류,400g,20,1.59,2.28,114.0,122.0,0.89,15.21,0.23,1.2,1642.08,136.24,32.47,8.97,,19.0,0.58,19.58,0.15,0.18,0.0,
된장국_얼갈이배추,된장국,된장국류,400g,9,0.85,0.5,26.0,136.0,0.28,9.09,0.17,0.5,418.07,37.32,0.0,1.63,,19.0,0.273,2.62,0.05,0.3,0.0,
된장국_우거지,된장국,된장국류,400g,20,0.82,2.77,14.0,84.0,0.35,6.99,0.36,0.8,2741.67,221.81,43.49,1.5,,0.0,1.713,17.37,0.28,0.0,0.0,
된장국_콩나물,된장국,된장국류,400g,31,2.62,2.58,20.0,132.0,0.51,16.65,0.33,1.0,1984.89,145.72,21.88,8.24,,2.0,3.348,11.41,1.93,0.0,0.0,
된장국_해물,된장국,된장국류,400g,28,2.68,2.1,28.0,140.0,0.6,16.36,0.35,1.0,1820.08,139.19,63.42,27.6,,6.0,3.8739999999999997,8.71,1.59,1.54,0.0,
된장국_호박,된장국,된장국류,400g,31,1.41,3.34,19.0,146.0,0.33,25.31,0.87,0.9,2614.54,232.35,0.0,8.29,,4.0,1.58,11.06,0.08,0.0,0.0,
된장국_호박잎,된장국,된장국류,350g,7,0.54,0.4,8.0,34.0,0.23,4.79,0.06,0.2,384.5,40.23,0.0,2.68,,12.0,0.154,5.67,0.0,0.0,0.0,
된장국_감자,된장국,된장국류,100g,40,6.11,1.63,20.0,188.0,0.26,,,0.7,,,,,,,0.6120000000000001,,,0.31,0.0,
된장국_무,된장국,된장국류,450g,23,3.27,1.36,20.0,123.0,0.0,12.73,0.18,1.3,-,74.41,13.33,6.27,,3.0,0.36,7.12,,0.0,,
된장국_시금치,된장국,된장국류,100g,21,1.54,1.69,32.0,222.0,0.48,,,0.6,,,,,,,0.594,,,0.77,0.0,
된장국_시래기,된장국,된장국류,450g,22,2.44,1.49,47.0,73.0,0.0,12.37,0.2,1.3,-,88.63,16.29,4.54,,32.0,0.318,6.86,,0.0,,
된장국_우렁,된장국,된장국류,500g,49,3.84,4.92,131.0,120.0,0.0,29.46,0.51,1.6,-,348.26,62.99,13.03,,13.0,0.622,16.19,0.33,0.04,,
된장국_근대,된장국,된장국류,180ml,12,1.71,0.9,13.0,139.0,0.23,,,0.9,,,,,,36.0,0.615,14.06,,0.92,0.0,
된장국_냉이_두부,된장국,된장국류,200ml,20,2.0,1.82,24.0,93.0,1.16,,,1.0,,,,,,7.0,0.5609999999999999,13.78,,1.87,0.0,
된장국_미역,된장국,된장국류,170ml,12,1.43,1.21,18.0,148.0,0.38,,,0.9,,,,,,3.0,0.995,8.07,,0.36,0.0,
된장국_시금치,된장국,된장국류,150ml,15,2.45,1.14,13.0,194.0,0.36,,,1.0,,,,,,67.0,0.5760000000000001,23.19,,7.01,0.0,
된장국_시래기,된장국,된장국류,170ml,17,2.33,1.09,23.0,77.0,0.41,,,1.3,,,,,,21.0,0.529,7.51,,0.6,0.0,
된장국_아욱,된장국,된장국류,190ml,15,2.47,1.07,43.0,129.0,0.22,,,1.1,,,,,,45.0,0.675,19.05,,5.62,0.0,
된장국_얼갈이배추,된장국,된장국류,180ml,13,1.72,0.94,36.0,96.0,0.26,,,1.0,,,,,,20.0,0.636,10.23,,3.57,0.0,
된장국_유부,된장국,된장국류,170ml,22,1.5,1.46,24.0,86.0,0.3,,,0.6,,,,,,1.0,0.582,6.83,,0.72,0.0,
된장국_호박잎,된장국,된장국류,180ml,17,2.54,1.33,32.0,151.0,0.5,,,1.1,,,,,,36.0,0.851,23.09,,1.76,0.0,
된장국_근대,된장국,된장국류,200ml,14,1.92,1.02,14.0,145.0,0.26,,,1.0,,,,,,38.0,0.629,15.31,,1.16,0.0,
된장국_미역,된장국,된장국류,180ml,16,1.72,1.35,19.0,116.0,0.34,,,0.9,,,,,,3.0,0.475,10.58,,0.55,0.0,
된장국_시금치,된장국,된장국류,190ml,15,2.2,1.18,14.0,197.0,0.37,,,1.0,,,,,,61.0,0.704,22.14,,6.58,0.0,
된장국_시래기,된장국,된장국류,190ml,17,2.39,1.14,25.0,81.0,0.43,,,1.4,,,,,,24.0,0.5880000000000001,7.81,,0.8,0.0,
된장국_아욱,된장국,된장국류,190ml,16,2.46,1.18,43.0,120.0,0.25,,,1.2,,,,,,46.0,0.62,20.79,,5.86,0.0,
된장국_얼갈이배추,된장국,된장국류,200ml,14,1.76,1.02,35.0,87.0,0.27,,,1.0,,,,,,19.0,0.5730000000000001,10.58,,3.42,0.0,
된장국_유부,된장국,된장국류,200ml,26,2.03,1.72,25.0,90.0,0.38,,,0.8,,,,,,2.0,0.578,8.91,,0.87,0.0,
된장국_근대,된장국,된장국류,320ml,12,1.65,0.93,14.0,134.0,0.22,,,0.9,,,,,,41.0,0.484,14.58,,0.78,0.0,
된장국_두부,된장국,된장국류,260ml,26,2.14,2.29,17.0,95.0,0.43,,,1.1,,,,,,2.0,0.556,10.9,,0.9,0.0,
된장국_배추,된장국,된장국류,260ml,17,2.22,1.33,17.0,126.0,0.36,,,1.1,,,,,,4.0,0.567,12.87,,2.92,0.0,
된장국_시금치,된장국,된장국류,270ml,14,2.11,1.18,14.0,200.0,0.38,,,1.0,,,,,,74.0,0.493,25.91,,7.89,0.0,
된장국_시래기,된장국,된장국류,300ml,13,1.89,0.92,22.0,54.0,0.37,,,1.2,,,,,,24.0,0.382,6.62,,0.31,0.0,
된장국_아욱,된장국,된장국류,230ml,19,2.9,1.51,56.0,153.0,0.31,,,1.5,,,,,,69.0,0.721,26.96,,7.89,0.0,
된장국_얼갈이배추,된장국,된장국류,320ml,11,1.57,0.87,34.0,83.0,0.21,,,0.9,,,,,,21.0,0.517,11.04,,3.36,0.0,
된장국_유부,된장국,된장국류,300ml,25,1.53,1.76,25.0,70.0,0.34,,,0.7,,,,,,1.0,0.46299999999999997,7.25,,0.63,0.0,
된장찌개_간편조리세트_고깃집 된장찌개,된장찌개,찌개 및 전골류,695g,110,5.44,7.71,52.0,176.0,1.24,,,1.2,,,,,,,0.824,,,3.87,0.0,
된장찌개_간편조리세트_구수한 버섯된장찌개,된장찌개,찌개 및 전골류,465g,26,3.88,1.79,8.0,141.0,0.36,,,1.4,,,,,,,0.9850000000000001,,,0.95,0.0,
된장찌개,된장찌개,찌개 및 전골류,200g,46,4.44,3.38,21.0,151.0,0.7,24.8,0.17,1.6,3269.33,246.94,33.36,5.26,,5.0,0.52,9.5,0.0,0.0,0.0,
된장찌개_냉이,된장찌개,찌개 및 전골류,350g,19,2.91,1.17,28.0,110.0,0.79,10.94,0.17,1.3,1076.37,74.97,0.14,2.49,,11.0,3.839,27.82,0.05,0.0,0.0,
된장찌개_달래,된장찌개,찌개 및 전골류,350g,35,3.81,3.18,22.0,216.0,0.85,22.32,0.42,1.6,2960.29,234.23,49.18,12.95,,4.0,14.447000000000001,10.93,1.41,27.13,0.0,
된장찌개_두부,된장찌개,찌개 및 전골류,270g,41,2.56,3.25,22.0,179.0,0.74,26.83,0.52,0.9,3230.61,239.97,38.85,9.59,,0.0,0.292,11.05,0.0,0.0,0.0,
된장찌개_바지락,된장찌개,찌개 및 전골류,300g,23,1.18,2.88,11.0,138.0,0.25,9.69,0.3,1.1,2219.78,187.24,5.52,14.13,,3.0,4.636,13.85,4.42,0.47,0.0,
된장찌개_우렁_강된장,된장찌개,찌개 및 전골류,100g,136,16.09,7.28,113.0,283.0,1.42,,,3.0,,,,,,,14.142,,,4.59,0.0,
된장찌개_냉이,된장찌개,찌개 및 전골류,400ml,19,2.69,1.7,28.0,77.0,1.6,12.41,0.24,1.1,,,,,0.04,15.0,0.265,17.9,,2.75,0.0,0.31
된장찌개_달래,된장찌개,찌개 및 전골류,400ml,40,1.63,3.4,43.0,79.0,0.74,19.52,0.53,0.9,,,,,0.1,7.0,0.277,9.18,,0.21,0.01,0.16
된장찌개_두부_호박,된장찌개,찌개 및 전골류,380ml,32,2.73,3.1,45.0,108.0,0.57,20.95,0.38,1.4,,,,,0.1,7.0,0.257,12.93,,1.69,0.01,0.3
된장찌개_바지락,된장찌개,찌개 및 전골류,415ml,45,4.88,3.7,25.0,163.0,0.73,27.11,0.47,1.9,,,,,0.12,8.0,0.38,19.24,,3.75,0.0,0.33
된장찌개_소고기,된장찌개,찌개 및 전골류,240ml,58,4.32,4.2,22.0,159.0,0.68,21.74,0.73,1.8,,,,,0.1,6.0,0.519,16.78,,2.33,0.0,0.22
된장찌개_미더덕,된장찌개,찌개 및 전골류,163.2ml,53,4.36,5.3,91.0,167.0,1.3,33.38,1.27,1.9,,,,,0.18,7.0,0.657,26.81,,2.89,0.03,0.37
된장찌개_콩나물,된장찌개,찌개 및 전골류,159.8ml,55,5.01,5.5,85.0,314.0,1.04,47.43,0.68,2.8,,,,,0.18,6.0,0.658,44.26,,1.67,0.02,0.36
된장찌개_달래,된장찌개,찌개 및 전골류,248.2ml,26,2.96,2.0,18.0,102.0,0.57,16.49,0.26,1.4,,,,,0.08,14.0,0.329,12.85,,0.55,0.0,0.3
된장찌개_소고기,된장찌개,찌개 및 전골류,180ml,44,5.13,2.7,13.0,172.0,0.42,15.06,0.48,1.6,,,,,0.05,5.0,0.483,16.82,,2.72,0.0,0.1
된장찌개_우렁,된장찌개,찌개 및 전골류,184.2ml,41,3.54,4.0,113.0,126.0,1.01,28.17,0.85,1.7,,,,,0.12,9.0,0.5549999999999999,16.75,,3.83,0.0,0.38
된장찌개_모듬채소,된장찌개,찌개 및 전골류,270ml,37,4.68,2.6,23.0,165.0,0.53,20.74,0.33,1.8,,,,,0.08,8.0,0.747,17.14,,4.31,0.0,0.23
된장찌개_모듬해물,된장찌개,찌개 및 전골류,150ml,28,3.73,2.1,21.0,114.0,0.65,14.8,0.31,1.2,,,,,0.07,6.0,0.366,13.07,,2.75,0.04,0.16
된장찌개_호박,된장찌개,찌개 및 전골류,222ml,39,3.79,3.7,47.0,149.0,0.58,21.71,0.41,1.4,,,,,0.09,4.0,0.372,15.57,,2.15,0.02,0.15
된장찌개,된장찌개,찌개 및 전골류,167.78ml,46,5.63,3.6,52.0,204.0,0.68,28.78,0.46,2.1,,,,,0.12,8.0,0.41100000000000003,22.52,,5.53,0.02,0.25
된장찌개_소고기,된장찌개,찌개 및 전골류,180ml,44,4.95,2.7,13.0,174.0,0.43,15.03,0.48,1.6,,,,,0.05,5.0,0.46,16.76,,2.71,0.0,0.1
된장찌개_우렁,된장찌개,찌개 및 전골류,184.2ml,41,3.54,4.0,113.0,126.0,1.01,28.17,0.85,1.7,,,,,0.12,9.0,0.5549999999999999,16.75,,3.83,0.0,0.38
된장찌개_모듬채소,된장찌개,찌개 및 전골류,270ml,37,4.68,2.6,23.0,165.0,0.53,20.74,0.33,1.8,,,,,0.08,8.0,0.747,17.14,,4.31,0.0,0.23
된장찌개_호박,된장찌개,찌개 및 전골류,222ml,39,3.8,3.8,47.0,148.0,0.58,21.72,0.42,1.4,,,,,0.1,4.0,0.322,15.56,,2.15,0.02,0.15
된장찌개_바지락,된장찌개,찌개 및 전골류,415ml,45,4.88,3.7,25.0,163.0,0.73,27.11,0.47,1.9,,,,,0.12,8.0,0.38,19.24,,3.75,0.0,0.33
된장찌개_소고기,된장찌개,찌개 및 전골류,258.6ml,44,4.94,2.7,13.0,174.0,0.43,15.03,0.48,1.6,,,,,0.05,5.0,0.46,16.73,,2.7,0.0,0.1
된장찌개_우렁,된장찌개,찌개 및 전골류,262ml,41,3.44,4.0,114.0,130.0,1.42,28.16,0.85,1.7,,,,,0.12,10.0,0.643,16.74,,3.86,0.0,0.38
된장찌개_모듬채소,된장찌개,찌개 및 전골류,270ml,37,4.68,2.6,23.0,165.0,0.53,20.74,0.33,1.8,,,,,0.08,8.0,0.747,17.14,,4.31,0.0,0.23
된장찌개_미더덕,된장찌개,찌개 및 전골류,163.2ml,53,4.42,5.3,93.0,168.0,1.28,33.45,1.27,2.0,,,,,0.19,6.0,0.6759999999999999,26.96,,2.81,0.04,0.37
된장찌개_콩나물,된장찌개,찌개 및 전골류,159.8ml,55,5.01,5.5,85.0,314.0,1.04,47.43,0.68,2.8,,,,,0.18,6.0,0.658,44.26,,1.67,0.02,0.36
된장찌개_호박,된장찌개,찌개 및 전골류,305ml,38,3.88,3.7,49.0,153.0,0.56,20.38,0.4,1.4,,,,,0.09,5.0,0.331,15.99,,2.27,0.02,0.13
두릅무침_초고추장,두릅무침,채소무침류,90g,67,7.89,2.16,60.0,289.0,1.08,32.04,0.63,3.4,1469.23,129.93,6.2,2.42,,73.0,0.5549999999999999,18.63,0.0,1.7,0.0,
두릅무침,두릅무침,채소무침류,85.2ml,74,11.6,3.4,44.0,397.0,1.26,43.13,1.05,2.2,,,,,0.06,144.0,1.752,53.26,,14.21,0.0,1.19
두부 달걀찜,두부 달걀찜,찜류,125ml,74,2.56,6.3,39.0,109.0,1.04,37.8,0.74,1.6,,,,,0.18,41.0,0.364,20.31,,0.26,0.17,0.7
두부 달걀찜,두부 달걀찜,찜류,75.6ml,115,4.01,9.7,62.0,170.0,1.62,58.9,1.15,2.4,,,,,0.27,64.0,0.5720000000000001,31.64,,0.41,0.26,1.09
두부 달걀찜,두부 달걀찜,찜류,125ml,75,3.05,6.2,43.0,112.0,1.0,37.9,0.75,1.6,,,,,0.18,43.0,0.42200000000000004,24.51,,0.12,0.29,0.68
두부 달걀탕,두부 달걀탕,국 및 탕류,320ml,45,1.58,4.7,56.0,132.0,0.83,30.61,0.53,1.0,,,,,0.12,15.0,0.19799999999999998,20.75,,0.27,0.13,0.33
두부 달걀탕,두부 달걀탕,국 및 탕류,235.3ml,37,1.73,3.7,41.0,120.0,0.64,24.57,0.43,0.9,,,,,0.09,12.0,0.176,18.28,,0.84,0.11,0.26
두부 달걀탕,두부 달걀탕,국 및 탕류,235.3ml,37,1.73,3.7,41.0,120.0,0.64,24.57,0.43,0.9,,,,,0.09,12.0,0.176,18.28,,0.84,0.11,0.26
두부 된장국,두부 된장국,된장국류,229.3ml,25,1.78,2.5,32.0,71.0,0.44,16.62,0.29,1.0,,,,,0.09,2.0,0.174,9.92,,0.8,0.01,0.14
두부 된장국_바지락,두부 된장국,된장국류,300ml,21,1.64,2.0,15.0,61.0,0.38,14.07,0.26,0.7,,,,,0.06,2.0,0.261,8.43,,1.1,0.0,0.14
두부 된장국_유부,두부 된장국,된장국류,300ml,25,1.54,1.8,25.0,70.0,0.34,10.14,0.2,0.7,,,,,0.09,1.0,0.46099999999999997,7.25,,0.63,0.0,0.15
두부 된장국,두부 된장국,된장국류,260ml,26,2.12,2.3,18.0,95.0,0.43,18.18,0.27,1.1,,,,,0.08,2.0,0.552,10.9,,0.89,0.0,0.15
두부 된장국,두부 된장국,된장국류,260ml,26,2.12,2.3,18.0,95.0,0.43,18.18,0.27,1.1,,,,,0.08,2.0,0.552,10.9,,0.89,0.0,0.15
두부 된장국,두부 된장국,된장국류,260ml,26,2.12,2.3,18.0,95.0,0.43,18.18,0.27,1.1,,,,,0.08,2.0,0.552,10.9,,0.89,0.0,0.15
두부 된장국_유부,두부 된장국,된장국류,300ml,25,1.54,1.8,25.0,70.0,0.34,10.14,0.2,0.7,,,,,0.09,1.0,0.46099999999999997,7.25,,0.63,0.0,0.15
두부 명란찌개,두부 명란찌개,찌개 및 전골류,170.6ml,33,2.72,3.5,14.0,64.0,0.43,18.52,0.32,1.0,,,,,0.12,17.0,0.98,12.38,,0.98,0.99,0.95
두부 애호박찌개,두부 애호박찌개,찌개 및 전골류,234.6ml,27,3.6,2.0,26.0,99.0,0.38,15.72,0.26,1.0,,,,,0.06,9.0,0.188,9.13,,1.44,0.01,0.2
두부 청국장찌개,두부 청국장찌개,찌개 및 전골류,240ml,39,4.34,3.5,30.0,163.0,0.94,26.12,0.43,1.9,,,,,0.08,7.0,0.494,38.04,,1.72,0.0,0.35
두부 청국장찌개,두부 청국장찌개,찌개 및 전골류,240ml,39,4.34,3.5,30.0,163.0,0.94,26.12,0.43,1.9,,,,,0.08,7.0,0.494,38.04,,1.72,0.0,0.35
두부 청국장찌개_김치,두부 청국장찌개,찌개 및 전골류,150ml,34,3.09,2.8,20.0,133.0,0.6,16.7,0.43,1.4,,,,,0.05,5.0,0.504,24.76,,1.58,0.01,0.24
두부 청국장찌개_김치,두부 청국장찌개,찌개 및 전골류,170.28ml,44,3.01,4.7,51.0,159.0,0.86,24.84,0.62,1.4,,,,,0.09,4.0,0.723,30.52,,1.65,0.06,0.28
두부 청국장찌개,두부 청국장찌개,찌개 및 전골류,240ml,39,4.34,3.5,30.0,163.0,0.94,26.12,0.43,1.9,,,,,0.08,7.0,0.494,38.04,,1.72,0.0,0.35
두부 청국장찌개_김치,두부 청국장찌개,찌개 및 전골류,270ml,33,3.32,3.1,25.0,150.0,0.86,20.24,0.36,1.6,,,,,0.05,7.0,0.707,28.19,,2.2,0.0,0.28
두부 탕수,두부 탕수,튀김류,200ml,113,14.02,4.2,31.0,130.0,0.68,36.42,0.52,1.7,,,,,0.32,11.0,0.246,12.25,,2.58,0.0,0.6
두부 탕수,두부 탕수,튀김류,100.4ml,123,15.13,4.5,32.0,120.0,0.73,38.23,0.54,1.8,,,,,0.36,11.0,0.257,12.38,,1.6,0.0,0.66
두부 탕수,두부 탕수,튀김류,100.4ml,123,15.13,4.5,32.0,120.0,0.73,38.23,0.54,1.8,,,,,0.35,11.0,0.257,12.38,,1.6,0.0,0.66
두부국,두부국,국 및 탕류,270ml,19,1.25,1.8,18.0,68.0,0.44,15.93,0.23,0.6,,,,,0.07,2.0,0.47700000000000004,7.87,,1.09,0.01,0.13
두부국,두부국,국 및 탕류,223.9ml,31,1.25,2.5,13.0,59.0,0.37,14.84,0.45,0.6,,,,,0.06,1.0,0.214,6.48,,0.89,0.0,0.13
두부국,두부국,국 및 탕류,223.9ml,31,1.25,2.5,13.0,59.0,0.37,14.84,0.45,0.6,,,,,0.06,1.0,0.214,6.48,,0.89,0.0,0.13
두부국,두부국,국 및 탕류,270ml,19,1.25,1.8,18.0,68.0,0.44,15.93,0.23,0.6,,,,,0.07,2.0,0.47700000000000004,7.87,,1.09,0.01,0.13
두부김치,두부김치,채소볶음류,250g,115,5.63,7.79,99.0,223.0,0.0,37.34,0.7,4.2,-,586.56,91.82,0.0,,31.0,2.485,0.0,0.0,1.14,,
두부김치,두부김치,채소볶음류,400ml,66,3.6,3.8,38.0,147.0,0.75,34.6,0.53,2.3,,,,,0.21,12.0,0.365,21.28,,3.75,0.0,0.71
두부김치_돼지고기,두부김치,채소볶음류,430ml,84,4.06,6.76,45.0,191.0,0.92,,,2.4,,,,,,11.0,1.0070000000000001,26.37,,2.21,0.08,
두부김치,두부김치,채소볶음류,91.8ml,108,5.11,7.8,72.0,226.0,1.34,69.39,1.04,3.7,,,,,0.44,10.0,0.582,35.97,,1.29,0.0,0.99
두부김치,두부김치,채소볶음류,224.1ml,108,5.11,7.8,72.0,226.0,1.34,69.41,1.04,3.7,,,,,0.44,10.0,0.583,35.97,,1.29,0.0,1.0
두부냉채,두부냉채,채소무침류,150ml,94,4.57,7.9,40.0,185.0,0.97,49.04,0.85,1.7,,,,,0.21,2.0,0.96,14.25,,9.39,0.0,0.37
두부냉채,두부냉채,채소무침류,76.2ml,78,4.41,8.9,37.0,177.0,0.93,48.51,0.85,1.7,,,,,0.19,1.0,1.402,14.17,,7.56,0.0,0.39
두부냉채,두부냉채,채소무침류,150ml,77,4.39,8.7,37.0,174.0,0.92,48.15,0.84,1.7,,,,,0.19,1.0,1.359,14.07,,7.33,0.0,0.39
두부볶음_돼지고기,두부볶음,채소볶음류,113.4ml,197,13.12,12.4,57.0,231.0,1.41,73.51,1.29,2.9,,,,,0.66,28.0,1.2650000000000001,19.61,,0.68,0.05,1.38
두부볶음_돼지고기,두부볶음,채소볶음류,113.4ml,197,13.12,12.4,57.0,231.0,1.41,73.51,1.29,2.9,,,,,0.66,28.0,1.2650000000000001,19.61,,0.68,0.05,1.38
두부부침,두부부침,전·적 및 부침류,100g,140,2.07,10.92,63.0,213.0,1.78,104.38,1.36,0.7,10911.45,888.11,130.88,28.08,,0.0,1.3900000000000001,17.86,0.0,0.76,0.0,
두부부침,두부부침,전·적 및 부침류,100g,144,2.69,12.13,241.0,166.0,2.28,,,0.7,,,,,,,0.601,,,0.0,0.0,
두부부침,두부부침,전·적 및 부침류,100ml,152,5.0,12.8,86.0,177.0,2.07,106.86,1.56,3.9,,,,,0.88,0.0,0.494,28.0,,0.0,0.0,1.18
두부부침,두부부침,전·적 및 부침류,37.01ml,180,5.1,13.0,87.0,180.0,2.08,108.34,1.58,3.9,,,,,0.88,0.0,0.5,28.37,,0.0,0.0,1.46
두부부침,두부부침,전·적 및 부침류,48.38ml,187,5.08,12.9,86.0,179.0,2.07,107.73,1.57,3.9,,,,,0.93,0.0,0.497,28.21,,0.0,0.0,1.53
두부부침,두부부침,전·적 및 부침류,110ml,147,4.12,10.5,70.0,145.0,1.68,87.49,1.28,3.2,,,,,0.72,0.0,0.403,22.91,,0.0,0.0,1.2
두부전,두부전,전·적 및 부침류,150g,170,5.0,13.64,169.0,163.0,0.0,66.95,1.3,2.8,-,950.45,138.75,14.93,,0.0,0.33599999999999997,30.77,0.0,0.0,,
두부전,두부전,전·적 및 부침류,160ml,151,4.34,10.2,64.0,136.0,1.61,76.17,1.2,2.7,,,,,0.69,10.0,0.388,24.49,,0.01,0.09,1.24
두부전,두부전,전·적 및 부침류,65.6ml,161,8.66,9.8,58.0,129.0,1.49,67.26,1.1,2.5,,,,,0.62,13.0,0.386,24.11,,0.01,0.11,1.18
두부전,두부전,전·적 및 부침류,65.6ml,161,8.66,9.8,58.0,129.0,1.49,67.26,1.1,2.5,,,,,0.62,13.0,0.386,24.11,,0.01,0.11,1.18
두부전,두부전,전·적 및 부침류,160ml,151,4.56,10.13,65.0,136.0,1.6,,,2.7,,,,,,11.0,0.40700000000000003,26.55,,0.01,0.15,
두부전골,두부전골,찌개 및 전골류,500g,63,3.42,5.12,82.0,144.0,0.0,28.04,0.56,1.5,-,357.32,54.3,7.82,,12.0,0.9339999999999999,15.0,0.77,0.98,,
두부전골,두부전골,찌개 및 전골류,370ml,41,2.87,3.79,30.0,116.0,0.85,,,1.6,,,,,,8.0,0.674,14.99,,0.99,0.0,
두부조림,두부조림,조림류,50g,143,4.4,9.64,53.0,187.0,1.48,84.12,1.16,0.8,9352.56,771.72,100.08,19.84,,8.0,2.2199999999999998,19.06,0.0,0.64,0.0,
두부조림,두부조림,조림류,120ml,142,10.25,11.5,75.0,267.0,1.96,96.62,1.43,4.4,,,,,0.51,20.0,0.966,30.11,,0.43,0.0,1.61
두부조림,두부조림,조림류,60ml,133,8.15,9.39,64.0,183.0,1.58,,,3.2,,,,,,9.0,0.638,23.6,,0.61,0.0,
두부조림_돼지고기,두부조림,조림류,74.8ml,175,7.09,14.7,57.0,314.0,1.58,78.73,1.46,3.2,,,,,0.61,8.0,1.774,24.66,,1.61,0.06,1.36
두부조림,두부조림,조림류,90ml,138,8.66,10.51,71.0,206.0,1.76,,,3.6,,,,,,12.0,0.716,26.16,,0.52,0.0,
두부조림_돼지고기,두부조림,조림류,74.8ml,175,7.09,14.7,57.0,314.0,1.58,78.73,1.46,3.2,,,,,0.61,8.0,1.774,24.66,,1.61,0.06,1.36
두부조림,두부조림,조림류,120ml,142,10.26,11.5,75.0,267.0,1.96,,,4.4,,,,,,20.0,0.968,30.11,,0.43,0.0,
두부찌개_고추장,두부찌개,찌개 및 전골류,500g,52,3.18,4.01,23.0,222.0,0.62,41.1,0.48,0.6,3668.57,294.48,43.35,19.26,,7.0,1.928,16.08,0.17,0.65,0.0,
두부찌개_소고기_고추장,두부찌개,찌개 및 전골류,280g,58,6.73,4.56,12.0,165.0,0.71,22.04,0.65,1.9,4063.1,336.15,63.77,2.97,,12.0,0.22699999999999998,16.63,0.08,0.0,0.0,
두부찌개_소고기_된장,두부찌개,찌개 및 전골류,300g,55,3.5,5.71,28.0,123.0,0.75,26.16,0.34,1.8,5417.34,457.91,38.96,15.01,,6.0,0.41000000000000003,12.43,0.34,0.4,0.0,
두부찌개_새우젓,두부찌개,찌개 및 전골류,300g,55,2.4,5.4,75.0,135.0,0.0,29.36,0.52,2.0,-,373.2,59.0,0.01,,8.0,0.214,11.94,0.04,0.08,,
두부찌개,두부찌개,찌개 및 전골류,222.8ml,30,3.75,2.3,33.0,110.0,0.44,20.76,0.3,1.0,,,,,0.08,10.0,0.186,10.56,,0.96,0.01,0.19
두부찌개_굴,두부찌개,찌개 및 전골류,259.8ml,21,1.5,2.1,21.0,64.0,0.48,18.84,0.9,0.7,,,,,0.08,4.0,0.239,7.46,,1.0,0.0,0.16
두부찌개_굴,두부찌개,찌개 및 전골류,259.8ml,21,1.51,2.1,20.0,64.0,0.47,18.84,0.9,0.7,,,,,0.08,4.0,0.238,7.48,,1.0,0.0,0.16
두부찌개_바지락,두부찌개,찌개 및 전골류,211.1ml,34,3.18,3.3,45.0,110.0,0.64,27.33,0.39,1.0,,,,,0.1,9.0,0.194,12.56,,0.82,0.01,0.22
두부찌개_새우젓,두부찌개,찌개 및 전골류,166.4ml,45,2.67,4.8,80.0,136.0,0.8,44.35,0.57,1.5,,,,,0.16,8.0,0.28400000000000003,16.94,,1.62,0.02,0.37
두부찌개_소고기,두부찌개,찌개 및 전골류,216.4ml,80,5.62,6.0,47.0,157.0,0.92,30.13,1.1,1.4,,,,,0.12,17.0,0.585,10.51,,1.58,0.01,0.32
두부튀김,두부튀김,튀김류,146.8ml,128,10.08,6.7,41.0,135.0,1.08,49.28,0.78,1.9,,,,,0.44,12.0,0.432,18.57,,0.37,0.07,0.93
두부튀김,두부튀김,튀김류,85.4ml,122,9.65,6.4,39.0,130.0,1.03,46.89,0.74,1.8,,,,,0.42,11.0,0.41600000000000004,17.72,,0.36,0.07,0.89
두부튀김,두부튀김,튀김류,85.4ml,122,9.82,6.4,39.0,129.0,1.02,46.89,0.74,1.8,,,,,0.42,12.0,0.433,19.33,,0.38,0.12,0.89
두부튀김,두부튀김,튀김류,146.8ml,128,10.08,6.7,41.0,135.0,1.08,49.28,0.78,1.9,,,,,0.44,12.0,0.432,18.57,,0.37,0.07,0.93
두유 카페라떼,두유 카페라떼,음료 및 차류,355ml,30,2.12,1.4,36.0,122.0,0.25,11.16,0.36,0.3,,,,,0.11,0.0,0.74,13.0,,4.33,0.7,0.22
두유 카페라떼_시럽,두유 카페라떼,음료 및 차류,355ml,44,5.79,1.4,42.0,133.0,0.25,12.31,0.44,0.3,,,,,0.11,0.0,0.8170000000000001,13.0,,4.33,0.7,0.22
들깨국,들깨국,국 및 탕류,190ml,14,1.42,0.58,12.0,82.0,0.2,,,0.6,,,,,,0.0,0.406,7.38,,1.45,0.0,
들깨국,들깨국,국 및 탕류,190ml,15,1.68,0.68,14.0,107.0,0.24,,,0.7,,,,,,1.0,0.644,8.44,,1.74,0.0,
들깨국,들깨국,국 및 탕류,270ml,15,1.66,0.63,13.0,89.0,0.22,,,0.6,,,,,,0.0,0.419,9.4,,1.93,0.0,
들깨죽,들깨죽,죽 및 스프류,128ml,155,21.49,3.8,40.0,80.0,0.83,32.44,0.91,2.5,,,,,2.37,0.0,0.634,13.43,,0.0,0.0,0.58
들깨죽,들깨죽,죽 및 스프류,213.7ml,152,21.16,3.7,40.0,79.0,0.82,31.9,0.89,2.5,,,,,2.33,0.0,0.624,13.2,,0.0,0.0,0.57
들깻잎장아찌,들깻잎장아찌,장아찌·절임류,100g,124,26.0,4.03,178.0,285.0,2.34,,,4.4,,,,,,347.0,1.036,,,12.74,0.0,
등심돈가스,등심돈가스,튀김류,213ml,190,13.9,14.3,17.0,254.0,0.83,19.15,0.99,0.7,,,,,0.32,15.0,2.041,11.57,,5.44,0.23,0.77
등심돈가스,등심돈가스,튀김류,108.9ml,174,14.56,13.8,15.0,253.0,0.75,18.52,0.96,0.7,,,,,0.21,14.0,1.991,11.45,,6.09,0.21,0.61
등심돈가스,등심돈가스,튀김류,108.9ml,174,14.56,13.8,15.0,253.0,0.75,18.52,0.96,0.7,,,,,0.21,14.0,1.991,11.45,,6.09,0.21,0.61
딸기넥타,딸기넥타,음료 및 차류,355ml,31,7.96,0.4,7.0,82.0,0.18,6.96,0.15,0.7,,,,,0.03,0.0,0.304,25.61,,31.38,0.0,0.14
딸기바나나 스무디,딸기바나나 스무디,음료 및 차류,355ml,54,11.75,1.1,29.0,151.0,0.17,12.79,0.2,0.9,,,,,0.02,10.0,0.356,22.34,,19.51,0.02,0.12
딸기바나나 스무디,딸기바나나 스무디,음료 및 차류,355ml,54,11.75,1.1,29.0,151.0,0.17,12.79,0.2,0.9,,,,,0.02,10.0,0.356,22.34,,19.51,0.02,0.12
딸기바나나 스무디,딸기바나나 스무디,음료 및 차류,355ml,54,11.75,1.1,29.0,151.0,0.17,12.79,0.2,0.9,,,,,0.02,10.0,0.356,22.34,,19.51,0.02,0.12
땅콩조림,땅콩조림,조림류,20g,483,19.95,18.75,88.0,518.0,1.6,171.35,1.95,10.3,16407.75,1177.4,135.8,4.55,,0.0,0.6,77.75,0.0,2.0,0.0,
땅콩조림,땅콩조림,조림류,15ml,268,15.91,12.0,34.0,360.0,1.47,85.75,1.56,6.1,,,,,0.03,0.0,5.135000000000001,42.13,,0.02,0.0,5.23
땅콩조림,땅콩조림,조림류,15ml,268,15.91,12.0,34.0,360.0,1.47,85.75,1.56,6.1,,,,,0.03,0.0,5.135000000000001,42.13,,0.02,0.0,5.23
땅콩조림,땅콩조림,조림류,95ml,258,16.02,11.9,33.0,357.0,0.97,84.85,1.51,4.2,,,,,0.01,0.0,4.23,57.3,,0.03,0.0,0.69
땅콩죽,땅콩죽,죽 및 스프류,259ml,116,18.08,3.4,6.0,74.0,0.19,20.05,0.64,1.1,,,,,0.0,0.0,0.9460000000000001,12.81,,0.0,0.0,0.2
땅콩죽,땅콩죽,죽 및 스프류,145ml,147,24.97,3.9,7.0,79.0,0.2,21.95,0.8,1.2,,,,,0.0,0.0,1.012,13.69,,0.0,0.0,0.23
땅콩죽,땅콩죽,죽 및 스프류,198.1ml,146,24.78,3.9,7.0,106.0,0.52,22.7,0.8,1.0,,,,,0.0,0.0,1.1300000000000001,13.12,,0.0,0.0,0.16
떡갈비,떡갈비,육류 및 채소구이류,200g,202,2.46,21.38,22.0,299.0,2.9,19.03,6.7,1.1,19397.12,1561.87,263.23,20.79,,6.0,6.035,5.03,2.87,0.77,0.0,
떡강정_매콤치즈 소떡소떡,떡강정,튀김류,100g,229,31.0,9.03,,,,,,,,,,,,,0.0,,,,,
떡강정_못난이소떡소떡,떡강정,튀김류,100g,260,37.5,7.9,,,,,,,,,,,,,0.0,,,,,
떡강정_BBQ 소떡,떡강정,튀김류,100g,232,,7.71,,,,,,,,,,,,,0.0,,,,,
떡강정,떡강정,튀김류,200g,249,47.89,3.79,10.0,91.0,0.3,13.8,0.62,1.3,3793.05,332.3,72.8,3.67,,18.0,0.07500000000000001,9.13,0.0,0.0,0.0,
떡강정,떡강정,튀김류,232.2ml,225,40.75,2.8,11.0,72.0,0.17,11.51,0.61,1.0,,,,,0.36,9.0,0.21500000000000002,12.21,,1.11,0.0,0.67
떡강정,떡강정,튀김류,103.1ml,202,36.43,2.5,9.0,54.0,0.13,9.02,0.55,0.8,,,,,0.33,8.0,0.133,10.0,,0.48,0.0,0.6
떡강정,떡강정,튀김류,103.1ml,202,36.43,2.5,9.0,54.0,0.13,9.02,0.55,0.8,,,,,0.33,8.0,0.133,10.0,,0.48,0.0,0.6
떡국,떡국,면 및 만두류,700g,84,16.37,3.43,4.0,51.0,0.37,7.45,0.71,0.8,3199.42,291.68,17.71,7.73,,0.0,0.516,9.5,0.15,2.25,0.0,
떡국_굴,떡국,면 및 만두류,600ml,90,16.69,4.0,80.0,98.0,2.79,21.93,2.38,1.6,,,,,0.04,10.0,0.432,27.16,,0.18,0.07,0.22
떡국_달걀,떡국,면 및 만두류,600ml,85,17.9,2.1,8.0,32.0,0.22,6.33,0.38,0.3,,,,,0.02,9.0,0.261,9.24,,0.16,0.05,0.1
떡국_소고기_달걀,떡국,면 및 만두류,600ml,87,15.87,3.3,10.0,78.0,0.53,9.53,0.54,0.4,,,,,0.01,10.0,0.6749999999999999,10.26,,0.25,0.05,0.11
떡국_모듬,떡국,면 및 만두류,600ml,86,17.14,2.7,17.0,54.0,0.61,9.11,0.66,0.5,,,,,0.02,9.0,0.40700000000000003,11.62,,0.19,0.05,0.12
떡국_달걀,떡국,면 및 만두류,600ml,85,17.9,2.1,8.0,32.0,0.22,6.33,0.38,0.3,,,,,0.02,9.0,0.261,9.24,,0.16,0.05,0.1
떡국_소고기,떡국,면 및 만두류,190ml,76,13.5,2.74,8.0,79.0,0.3,,,0.4,,,,,,7.0,0.654,7.99,,0.33,0.05,
떡국_소고기_달걀,떡국,면 및 만두류,190ml,76,13.33,2.8,8.0,80.0,0.3,8.59,0.58,0.4,,,,,0.02,7.0,0.637,7.26,,0.31,0.03,0.09
떡국_달걀,떡국,면 및 만두류,600ml,85,17.9,2.1,8.0,32.0,0.22,6.33,0.38,0.3,,,,,0.02,9.0,0.261,9.24,,0.16,0.05,0.1
떡국_소고기,떡국,면 및 만두류,210ml,99,17.72,3.44,9.0,79.0,0.35,,,0.4,,,,,,15.0,0.6,11.45,,0.71,0.07,
떡국_소고기_달걀,떡국,면 및 만두류,210ml,99,17.72,3.4,9.0,78.0,0.35,9.68,0.7,0.4,,,,,0.04,15.0,0.618,11.45,,0.73,0.07,0.13
떡국_굴,떡국,면 및 만두류,600ml,90,16.69,4.0,80.0,98.0,2.79,21.93,2.38,1.6,,,,,0.04,10.0,0.432,27.16,,0.18,0.07,0.22
떡국_달걀,떡국,면 및 만두류,490ml,43,8.78,1.19,6.0,39.0,0.12,,,0.2,,,,,,8.0,0.28300000000000003,6.27,,0.32,0.06,
떡국_소고기,떡국,면 및 만두류,420ml,108,21.14,2.9,7.0,41.0,0.24,8.08,0.64,0.4,,,,,0.01,5.0,0.199,9.14,,0.23,0.02,0.07
떡국_소고기_달걀,떡국,면 및 만두류,600ml,87,15.87,3.3,10.0,78.0,0.53,9.53,0.54,0.4,,,,,0.01,10.0,0.6749999999999999,10.26,,0.25,0.05,0.11
떡만두국,떡만두국,면 및 만두류,600g,111,15.47,3.53,15.0,91.0,0.56,8.47,0.4,1.8,3028.57,256.85,45.89,7.99,,0.0,0.414,6.59,0.0,0.0,0.0,
떡만두국,떡만두국,면 및 만두류,700g,89,15.82,2.87,14.0,53.0,0.0,0.0,0.0,1.2,-,0.0,0.0,0.0,,5.0,0.89,0.0,0.0,0.0,,
떡만두국_고기만두,떡만두국,면 및 만두류,600ml,90,15.12,3.4,17.0,94.0,0.83,12.39,0.41,1.2,,,,,0.02,11.0,0.671,15.0,,0.24,0.05,0.12
떡만두국_김치만두,떡만두국,면 및 만두류,600ml,87,14.56,3.1,19.0,95.0,0.6,13.12,0.42,1.3,,,,,0.15,11.0,0.5640000000000001,14.27,,0.35,0.04,0.16
떡만두국,떡만두국,면 및 만두류,180ml,76,12.06,3.0,19.0,60.0,0.98,9.5,0.44,1.1,,,,,0.02,8.0,0.381,12.5,,0.27,0.04,0.1
떡만두국_고기만두,떡만두국,면 및 만두류,250ml,61,9.69,2.46,14.0,78.0,0.59,,,1.0,,,,,,8.0,0.526,11.49,,0.25,0.04,
떡만두국,떡만두국,면 및 만두류,257.8ml,86,16.74,2.5,13.0,45.0,0.47,8.83,0.35,0.9,,,,,0.02,6.0,0.20400000000000001,12.54,,0.1,0.05,0.07
떡만두국_고기만두,떡만두국,면 및 만두류,340ml,67,10.7,2.67,16.0,80.0,0.67,,,1.1,,,,,,10.0,0.577,12.73,,0.32,0.04,
떡만두국,떡만두국,면 및 만두류,1007.4ml,49,7.71,1.9,7.0,35.0,0.33,5.7,0.3,0.5,,,,,0.01,5.0,0.17300000000000001,6.9,,0.1,0.03,0.06
떡만두국_고기만두,떡만두국,면 및 만두류,540ml,69,11.89,2.46,14.0,66.0,0.56,,,1.0,,,,,,8.0,0.417,12.0,,0.42,0.03,
떡만두국_김치만두,떡만두국,면 및 만두류,600ml,86,14.7,3.1,20.0,98.0,0.62,13.42,0.42,1.4,,,,,0.15,13.0,0.6080000000000001,16.18,,0.36,0.07,0.16
떡볶이_국물맵떡,떡볶이,볶음류,100g,139,,4.09,,,,,,,,,,,,,0.0,,,,,
떡볶이_까르보떡볶이,떡볶이,볶음류,100g,180,,4.3,,,,,,,,,,,,,0.0,,,,,
떡볶이_로제닭볶이,떡볶이,볶음류,100g,176,,7.57,,,,,,,,,,,,,0.0,,,,,
떡볶이_로제떡볶이,떡볶이,볶음류,100g,187,,5.03,,,,,,,,,,,,,0.0,,,,,
떡볶이_호로록떡볶이,떡볶이,볶음류,100g,114,,4.13,,,,,,,,,,,,,0.0,,,,,
떡볶이_간편조리세트_호로록 로제 떡볶이,떡볶이,볶음류,1100g,184,30.25,4.37,124.0,167.0,0.56,,,2.4,,,,,,,0.94,,,0.14,0.0,
떡볶이,떡볶이,볶음류,180g,144,25.96,3.51,14.0,84.0,0.18,12.72,0.34,1.0,3028.52,248.55,53.16,13.23,,15.0,0.222,10.1,0.0,1.92,0.0,
떡볶이_채소,떡볶이,볶음류,200g,258,57.06,3.12,14.0,94.0,0.24,15.65,0.62,1.3,3274.32,288.18,56.93,1.82,,20.0,0.44499999999999995,6.3,0.0,0.0,0.0,
떡볶이_치즈,떡볶이,볶음류,100g,164,29.31,5.54,90.0,93.0,0.55,,,0.8,,,,,,,1.313,,,0.17,0.0,
떡볶이_소고기,떡볶이,볶음류,335.6ml,87,15.1,2.0,8.0,74.0,0.26,8.77,0.46,0.8,,,,,0.07,28.0,0.324,7.16,,0.64,0.0,0.31
떡볶이_소고기_버섯,떡볶이,볶음류,412ml,77,14.17,1.9,6.0,65.0,0.24,6.68,0.46,0.7,,,,,0.01,25.0,0.42500000000000004,5.94,,0.48,0.0,0.18
떡볶이_어묵,떡볶이,볶음류,100ml,130,27.18,3.2,17.0,121.0,0.3,13.46,0.44,1.4,,,,,0.08,37.0,0.46699999999999997,10.69,,2.01,0.0,0.56
떡볶이_양배추,떡볶이,볶음류,380.4ml,60,13.36,1.3,8.0,69.0,0.15,7.24,0.24,0.8,,,,,0.01,20.0,0.239,6.73,,1.95,0.0,0.18
떡볶이_카레,떡볶이,볶음류,235.4ml,91,11.64,2.3,6.0,54.0,0.27,5.58,0.59,0.4,,,,,0.09,22.0,0.28400000000000003,5.32,,0.46,0.0,0.2
떡볶이_간장,떡볶이,볶음류,80ml,168,30.93,4.81,13.0,111.0,0.5,,,1.0,,,,,,23.0,0.772,14.86,,1.11,0.01,
떡볶이_고추장_어묵,떡볶이,볶음류,100ml,154,32.47,3.65,19.0,118.0,0.3,,,1.3,,,,,,39.0,0.497,11.09,,1.83,0.0,
떡볶이_소고기,떡볶이,볶음류,114.5ml,157,25.28,4.1,18.0,112.0,0.41,13.3,0.76,1.1,,,,,0.16,39.0,0.489,11.12,,2.07,0.0,0.37
떡볶이_모듬,떡볶이,볶음류,70ml,125,24.89,3.2,18.0,88.0,0.28,11.02,0.44,1.0,,,,,0.08,39.0,0.299,11.3,,1.33,0.06,0.35
떡볶이,떡볶이,볶음류,74.8ml,258,53.39,4.3,21.0,181.0,0.42,22.71,0.86,2.3,,,,,0.2,74.0,0.67,19.89,,3.08,0.0,0.91
떡볶이_간장,떡볶이,볶음류,150ml,145,27.33,4.52,13.0,111.0,0.42,,,0.9,,,,,,22.0,0.733,13.15,,1.45,0.01,
떡볶이_고추장_메추리알,떡볶이,볶음류,260ml,100,19.23,3.11,17.0,83.0,0.39,,,0.9,,,,,,40.0,0.32799999999999996,14.64,,1.41,0.17,
떡볶이_고추장_어묵,떡볶이,볶음류,150ml,161,34.59,3.94,20.0,123.0,0.32,,,1.5,,,,,,42.0,0.444,12.24,,2.12,0.0,
떡볶이_소고기,떡볶이,볶음류,114.5ml,157,25.28,4.1,18.0,112.0,0.41,13.3,0.76,1.1,,,,,0.16,39.0,0.489,11.12,,2.07,0.0,0.37
떡볶이_어묵,떡볶이,볶음류,100ml,130,27.18,3.2,17.0,121.0,0.3,13.46,0.44,1.4,,,,,0.08,37.0,0.46699999999999997,10.69,,2.01,0.0,0.56
떡볶이_모듬,떡볶이,볶음류,70ml,125,24.89,3.2,18.0,88.0,0.28,11.02,0.44,1.0,,,,,0.08,39.0,0.299,11.3,,1.33,0.06,0.35
떡볶이_간장,떡볶이,볶음류,230ml,107,19.93,3.26,13.0,86.0,0.33,,,0.8,,,,,,17.0,0.482,12.47,,1.95,0.05,
떡볶이_고추장_어묵,떡볶이,볶음류,190ml,150,31.64,3.82,21.0,149.0,0.35,,,1.8,,,,,,47.0,0.537,12.92,,2.97,0.0,
떡볶이_소고기,떡볶이,볶음류,335.6ml,87,15.1,2.0,8.0,74.0,0.26,8.77,0.46,0.8,,,,,0.07,28.0,0.324,7.16,,0.64,0.0,0.31
떡볶이_어묵,떡볶이,볶음류,100ml,130,27.18,3.2,17.0,121.0,0.3,13.46,0.44,1.4,,,,,0.08,37.0,0.46699999999999997,10.69,,2.01,0.0,0.56
떡볶이_양배추,떡볶이,볶음류,380.4ml,60,13.36,1.3,8.0,69.0,0.15,7.24,0.24,0.8,,,,,0.01,20.0,0.239,6.73,,1.95,0.0,0.18
떡볶이_로제비엔나 떡볶이,떡볶이,볶음류,100g,175,31.4,4.6,,,,,,,,,,,,,0.0,,,,,
떡볶이_마늘 떡볶이,떡볶이,볶음류,100g,147,31.3,3.7,,,,,,,,,,,,,0.0,,,,,
떡볶이_간편조리세트_달콤짭짤 궁중식 떡볶이,떡볶이,볶음류,866g,167,24.0,5.27,15.0,145.0,0.61,,,1.0,,,,,,,1.044,,,0.0,0.0,
떡볶이_간편조리세트_떡볶이 보통맛,떡볶이,볶음류,965g,161,26.45,3.9,17.0,91.0,0.21,,,1.5,,,,,,,0.844,,,0.16,0.0,
떡볶이_간편조리세트_소불고기궁중떡볶이,떡볶이,볶음류,806g,118,20.2,5.46,7.0,130.0,0.64,,,1.1,,,,,,,0.619,,,0.4,0.0,
떡산적_소고기,떡산적,전·적 및 부침류,146.8ml,156,18.37,8.7,59.0,219.0,1.1,15.87,1.86,1.6,,,,,0.26,107.0,1.602,26.46,,1.51,0.07,0.65
떡산적_소고기,떡산적,전·적 및 부침류,103.5ml,157,18.96,9.0,60.0,245.0,1.06,16.39,1.9,1.9,,,,,0.25,104.0,1.9089999999999998,28.64,,0.85,0.12,0.64
떡산적_소고기,떡산적,전·적 및 부침류,64ml,255,28.64,6.3,29.0,205.0,0.93,18.58,1.69,1.6,,,,,0.43,116.0,1.0250000000000001,18.33,,1.0,0.0,0.84
떡산적_소고기,떡산적,전·적 및 부침류,146.8ml,157,18.95,9.0,59.0,245.0,1.06,16.38,1.9,1.9,,,,,0.25,104.0,1.9129999999999998,28.64,,0.85,0.12,0.64
또띠아_불고기 베이크,또띠아,빵 및 과자류,120g,196,28.67,10.33,,,,,,,,,,,,,0.0,,,,,
또띠아_불닭 베이크,또띠아,빵 및 과자류,120g,198,32.0,10.75,,,,,,,,,,,,,0.0,,,,,
또띠아_치킨 치즈 브리또,또띠아,빵 및 과자류,174g,259,27.59,11.49,,,,,,,,,,,,,0.0,,,,,
또띠아_핫치킨 브리또,또띠아,빵 및 과자류,180g,228,28.0,11.0,,,,,,,,,,,,,0.0,,,,,
또띠아_라구듬뿍치즈 브리또,또띠아,빵 및 과자류,235g,211,,7.23,,,,,,,,,,,,,0.0,,,,,
또띠아_소고기 브리또,또띠아,빵 및 과자류,160g,263,35.0,8.13,,,,,,,,,,,,,0.0,,,,,
또띠아_핫치킨 브리또,또띠아,빵 및 과자류,160g,244,33.75,11.25,,,,,,,,,,,,,0.0,,,,,
또띠아_불고기 브리또,또띠아,빵 및 과자류,140g,299,,9.29,,,,,,,,,,,,,0.0,,,,,
또띠아_핫칠리치킨 브리또,또띠아,빵 및 과자류,140g,214,,15.0,,,,,,,,,,,,,0.0,,,,,
또띠아_불고기 브리또,또띠아,빵 및 과자류,145g,216,,7.59,,,,,,,,,,,,,0.0,,,,,
또띠아_치킨 브리또,또띠아,빵 및 과자류,145g,220,,9.66,,,,,,,,,,,,,0.0,,,,,
또띠아_뉴비프 브리또,또띠아,빵 및 과자류,180g,253,,8.89,,,,,,,,,,,,,0.0,,,,,
또띠아_머스타드치킨 브리또,또띠아,빵 및 과자류,172g,244,,11.05,,,,,,,,,,,,,0.0,,,,,
또띠아_미트살사소시지 브리또,또띠아,빵 및 과자류,177g,220,,16.38,,,,,,,,,,,,,0.0,,,,,
또띠아_또띠아 (L),또띠아,빵 및 과자류,275g,234,21.09,15.64,,,,,,,,,,,,,0.0,,,,,
또띠아_또띠아 (S),또띠아,빵 및 과자류,161g,375,35.4,20.5,,,,,,,,,,,,,0.0,,,,,
또띠아_바삭 불고기&트리플 치즈 치킨 퀘사디아,또띠아,빵 및 과자류,180g,218,,13.89,,,,,,,,,,,,,0.0,,,,,
또띠아_트위스터,또띠아,빵 및 과자류,183g,202,18.69,9.84,,,,,,,,,,,,,0.0,,,,,
라떼_차이티 라떼 아이스(ICED),라떼,음료 및 차류,355g,54,,1.41,,,,,,,,,,,,,0.0,,,,,
라떼_차이티 라떼 핫(HOT),라떼,음료 및 차류,355g,56,,1.69,,,,,,,,,,,,,0.0,,,,,
라떼_고구마 라떼 아이스,라떼,음료 및 차류,414g,79,,1.76,,,,,,,,,,,,,0.0,,,,,
라떼_고구마 라떼 핫,라떼,음료 및 차류,414g,79,,1.76,,,,,,,,,,,,,0.0,,,,,
라떼_녹차 라떼 아이스,라떼,음료 및 차류,651g,52,,1.49,,,,,,,,,,,,,0.0,,,,,
라떼_녹차 라떼 아이스,라떼,음료 및 차류,414g,45,,1.36,,,,,,,,,,,,,0.0,,,,,
라떼_녹차 라떼 핫,라떼,음료 및 차류,651g,72,,2.41,,,,,,,,,,,,,0.0,,,,,
라떼_녹차 라떼 핫,라떼,음료 및 차류,414g,58,,1.94,,,,,,,,,,,,,0.0,,,,,
라떼_달고나 라떼 아이스,라떼,음료 및 차류,651g,64,,1.45,,,,,,,,,,,,,0.0,,,,,
라떼_달고나 라떼 핫,라떼,음료 및 차류,414g,67,,1.45,,,,,,,,,,,,,0.0,,,,,
라떼_더블 토피넛 라떼 아이스,라떼,음료 및 차류,414g,113,,1.45,,,,,,,,,,,,,0.0,,,,,
라떼_더블 토피넛 라떼 핫,라떼,음료 및 차류,414g,123,,1.93,,,,,,,,,,,,,0.0,,,,,
라떼_민트초콜릿 아이스,라떼,음료 및 차류,414g,84,,1.58,,,,,,,,,,,,,0.0,,,,,
라떼_민트초콜릿 핫,라떼,음료 및 차류,414g,90,,2.07,,,,,,,,,,,,,0.0,,,,,
라떼_버블흑당 라떼,라떼,음료 및 차류,414g,64,,0.97,,,,,,,,,,,,,0.0,,,,,
라떼_생딸기 라떼,라떼,음료 및 차류,414g,52,,1.21,,,,,,,,,,,,,0.0,,,,,
라떼_이곡 라떼 아이스,라떼,음료 및 차류,414g,57,,2.11,,,,,,,,,,,,,0.0,,,,,
라떼_이곡 라떼 핫,라떼,음료 및 차류,414g,67,,2.62,,,,,,,,,,,,,0.0,,,,,
라떼_초콜릿 아이스,라떼,음료 및 차류,651g,71,,1.67,,,,,,,,,,,,,0.0,,,,,
라떼_초콜릿 아이스,라떼,음료 및 차류,414g,78,,1.53,,,,,,,,,,,,,0.0,,,,,
라떼_초콜릿 핫,라떼,음료 및 차류,651g,87,,2.58,,,,,,,,,,,,,0.0,,,,,
라떼_초콜릿 핫,라떼,음료 및 차류,414g,84,,2.05,,,,,,,,,,,,,0.0,,,,,
라떼_토피 넛 라떼 아이스,라떼,음료 및 차류,651g,61,,1.5,,,,,,,,,,,,,0.0,,,,,
라떼_토피 넛 라떼 아이스,라떼,음료 및 차류,414g,61,,1.38,,,,,,,,,,,,,0.0,,,,,
라떼_토피 넛 라떼 핫,라떼,음료 및 차류,651g,80,,2.42,,,,,,,,,,,,,0.0,,,,,
라떼_토피 넛 라떼 핫,라떼,음료 및 차류,414g,74,,1.99,,,,,,,,,,,,,0.0,,,,,
라떼_화이트 초콜릿 아이스,라떼,음료 및 차류,651g,66,,1.39,,,,,,,,,,,,,0.0,,,,,
라떼_화이트 초콜릿 아이스,라떼,음료 및 차류,414g,77,,1.28,,,,,,,,,,,,,0.0,,,,,
라떼_화이트 초콜릿 핫,라떼,음료 및 차류,651g,84,,2.26,,,,,,,,,,,,,0.0,,,,,
라떼_화이트 초콜릿 핫,라떼,음료 및 차류,414g,83,,1.77,,,,,,,,,,,,,0.0,,,,,
라떼_흑당 라떼 아이스,라떼,음료 및 차류,651g,60,,1.23,,,,,,,,,,,,,0.0,,,,,
라떼_흑당 라떼 핫,라떼,음료 및 차류,414g,59,,1.21,,,,,,,,,,,,,0.0,,,,,
라떼_고구마라떼 아이스,라떼,음료 및 차류,591ml,61,10.66,1.18,,,,,,,,,,,,,0.0,,,,,
라떼_고구마라떼 핫,라떼,음료 및 차류,591ml,70,11.64,1.44,,,,,,,,,,,,,0.0,,,,,
라떼_곡물라떼 아이스,라떼,음료 및 차류,591ml,76,10.82,2.3,,,,,,,,,,,,,0.0,,,,,
라떼_곡물라떼 핫,라떼,음료 및 차류,591ml,82,11.25,2.55,,,,,,,,,,,,,0.0,,,,,
라떼_더블초코라떼 아이스,라떼,음료 및 차류,591ml,62,8.32,1.34,,,,,,,,,,,,,0.0,,,,,
라떼_더블초코라떼 핫,라떼,음료 및 차류,591ml,66,8.93,1.47,,,,,,,,,,,,,0.0,,,,,
라떼_딸기라떼 아이스,라떼,음료 및 차류,591ml,71,11.17,0.88,,,,,,,,,,,,,0.0,,,,,
라떼_망고라떼 아이스,라떼,음료 및 차류,591ml,94,17.43,0.81,,,,,,,,,,,,,0.0,,,,,
라떼_민트초코오레오라떼 아이스,라떼,음료 및 차류,591ml,88,9.56,1.57,,,,,,,,,,,,,0.0,,,,,
라떼_블루베리라떼 아이스,라떼,음료 및 차류,591ml,91,16.58,0.81,,,,,,,,,,,,,0.0,,,,,
라떼_쿠키초코라떼 아이스,라떼,음료 및 차류,591ml,84,10.15,1.57,,,,,,,,,,,,,0.0,,,,,
라떼_쿠키초코라떼 핫,라떼,음료 및 차류,591ml,90,10.95,1.73,,,,,,,,,,,,,0.0,,,,,
라떼_그린티라떼 아이스,라떼,음료 및 차류,591ml,55,8.02,1.27,,,,,,,,,,,,,0.0,,,,,
라떼_그린티라떼 핫,라떼,음료 및 차류,591ml,67,8.87,1.78,,,,,,,,,,,,,0.0,,,,,
라떼_바닐라라떼 아이스,라떼,음료 및 차류,591ml,34,4.83,0.86,,,,,,,,,,,,,0.0,,,,,
라떼_바닐라라떼 핫,라떼,음료 및 차류,591ml,44,5.51,1.27,,,,,,,,,,,,,0.0,,,,,
라떼_군고구마 라떼 핫,라떼,음료 및 차류,430g,121,18.37,3.26,,,,,,,,,,,,,0.0,,,,,
라떼_군고구마 라떼 아이스,라떼,음료 및 차류,470g,97,15.96,2.34,,,,,,,,,,,,,0.0,,,,,
라떼_그린 라떼 아이스,라떼,음료 및 차류,410g,54,7.8,1.46,,,,,,,,,,,,,0.0,,,,,
라떼_그린 라떼,라떼,음료 및 차류,310g,90,10.97,2.9,,,,,,,,,,,,,0.0,,,,,
라떼_그린민트 초콜릿 아이스,라떼,음료 및 차류,410g,88,11.22,1.71,,,,,,,,,,,,,0.0,,,,,
라떼_그린민트 초콜릿 핫,라떼,음료 및 차류,310g,140,16.45,3.23,,,,,,,,,,,,,0.0,,,,,
라떼_리얼 단호박 라떼,라떼,음료 및 차류,375g,68,8.77,4.0,,,,,,,,,,,,,0.0,,,,,
라떼_블랙 타이거 라떼 아이스,라떼,음료 및 차류,200g,181,24.3,5.59,,,,,,,,,,,,,0.0,,,,,
라떼_블랙 타이거 라떼 핫,라떼,음료 및 차류,285g,170,20.21,5.79,,,,,,,,,,,,,0.0,,,,,
라떼_콘 라떼 아이스,라떼,음료 및 차류,410g,83,12.68,2.68,,,,,,,,,,,,,0.0,,,,,
라떼_콘 라떼 핫,라떼,음료 및 차류,310g,135,18.39,2.9,,,,,,,,,,,,,0.0,,,,,
라떼_허니 그린 라떼 아이스,라떼,음료 및 차류,470g,61,8.94,1.7,,,,,,,,,,,,,0.0,,,,,
라떼_허니 그린 라떼 핫,라떼,음료 및 차류,310g,105,14.52,3.23,,,,,,,,,,,,,0.0,,,,,
라떼_흑당 단호박 라떼,라떼,음료 및 차류,410g,102,17.07,1.95,,,,,,,,,,,,,0.0,,,,,
라떼_고구마 라떼 아이스,라떼,음료 및 차류,414g,71,,1.45,,,,,,,,,,,,,0.0,,,,,
라떼_고구마 라떼 아이스,라떼,음료 및 차류,473g,78,,1.48,,,,,,,,,,,,,0.0,,,,,
라떼_고구마 라떼 핫,라떼,음료 및 차류,473g,88,,1.9,,,,,,,,,,,,,0.0,,,,,
라떼_고구마 라떼 핫,라떼,음료 및 차류,355g,92,,1.97,,,,,,,,,,,,,0.0,,,,,
라떼_그린티 라떼 아이스,라떼,음료 및 차류,473g,66,,1.48,,,,,,,,,,,,,0.0,,,,,
라떼_그린티 라떼 아이스,라떼,음료 및 차류,591g,62,,1.35,,,,,,,,,,,,,0.0,,,,,
라떼_그린티 라떼 아이스,라떼,음료 및 차류,414g,58,,1.21,,,,,,,,,,,,,0.0,,,,,
라떼_그린티 라떼 핫,라떼,음료 및 차류,473g,71,,2.54,,,,,,,,,,,,,0.0,,,,,
라떼_그린티 라떼 핫,라떼,음료 및 차류,355g,77,,2.82,,,,,,,,,,,,,0.0,,,,,
라떼_쑥 라떼 아이스,라떼,음료 및 차류,473g,80,,2.54,,,,,,,,,,,,,0.0,,,,,
라떼_쑥 라떼 아이스,라떼,음료 및 차류,591g,72,,2.2,,,,,,,,,,,,,0.0,,,,,
라떼_쑥 라떼 아이스,라떼,음료 및 차류,414g,69,,2.17,,,,,,,,,,,,,0.0,,,,,
라떼_쑥 라떼 핫,라떼,음료 및 차류,473g,75,,1.9,,,,,,,,,,,,,0.0,,,,,
라떼_쑥 라떼 핫,라떼,음료 및 차류,355g,80,,1.97,,,,,,,,,,,,,0.0,,,,,
라떼_아이스버블 밀크티 라떼 아이스,라떼,음료 및 차류,473g,82,,1.69,,,,,,,,,,,,,0.0,,,,,
라떼_아이스버블 밀크티 라떼 아이스,라떼,음료 및 차류,414g,74,,1.45,,,,,,,,,,,,,0.0,,,,,
라떼_그린티 라떼 아이스,라떼,음료 및 차류,354g,56,,1.69,,,,,,,,,,,,,0.0,,,,,
라떼_그린티 라떼 핫,라떼,음료 및 차류,354g,73,,2.54,,,,,,,,,,,,,0.0,,,,,
라떼_민트초코 아이스,라떼,음료 및 차류,354g,89,,1.41,,,,,,,,,,,,,0.0,,,,,
라떼_민트초코 핫,라떼,음료 및 차류,354g,118,,2.54,,,,,,,,,,,,,0.0,,,,,
라떼_밀크티 라떼 아이스,라떼,음료 및 차류,354g,56,,1.69,,,,,,,,,,,,,0.0,,,,,
라떼_밀크티 라떼 핫,라떼,음료 및 차류,354g,72,,2.54,,,,,,,,,,,,,0.0,,,,,
라떼_우리 고구마 라떼 아이스,라떼,음료 및 차류,354g,67,,1.69,,,,,,,,,,,,,0.0,,,,,
라떼_우리 고구마 라떼 핫,라떼,음료 및 차류,354g,93,,2.54,,,,,,,,,,,,,0.0,,,,,
라떼_그린티,라떼,음료 및 차류,100g,76,10.33,2.97,79.0,203.0,0.84,,,0.6,,,,,,,2.5380000000000003,,,0.65,0.0,
라떼_바닐라,라떼,음료 및 차류,100g,72,8.38,2.58,90.0,187.0,0.06,,,0.0,,,,,,,0.6950000000000001,,,2.28,0.0,
라멘_돈코츠라멘,라멘,면 및 만두류,100g,98,5.87,4.14,14.0,73.0,0.27,,,0.9,,,,,,,0.13,,,0.16,0.0,
라멘_미소라멘,라멘,면 및 만두류,100g,89,11.36,4.57,16.0,94.0,0.4,,,1.1,,,,,,,0.246,,,0.14,0.0,
라멘_소유라멘,라멘,면 및 만두류,100g,72,9.12,3.65,14.0,78.0,0.3,,,0.7,,,,,,,0.194,,,0.16,0.0,
라멘_시오라멘,라멘,면 및 만두류,100g,84,11.54,4.68,13.0,105.0,0.42,,,1.2,,,,,,,0.19599999999999998,,,0.22,0.0,
라멘_간편조리세트_매운돈코츠라멘,라멘,면 및 만두류,1669g,91,7.38,3.82,19.0,84.0,0.24,,,1.7,,,,,,,0.44100000000000006,,,0.23,0.0,
라면,라면,면 및 만두류,550g,82,13.65,1.72,33.0,57.0,0.07,3.48,0.08,1.0,1453.1,96.42,2.41,3.39,,3.0,0.6890000000000001,3.82,0.0,0.0,0.0,
라면_달걀,라면,면 및 만두류,550g,108,17.33,2.61,15.0,11.0,0.27,10.93,0.14,0.8,2335.83,198.98,5.93,1.77,,4.0,0.479,10.72,0.09,0.0,0.0,
라면_떡,라면,면 및 만두류,550g,96,15.27,2.04,33.0,53.0,0.05,3.46,0.11,0.8,1899.95,128.15,47.99,3.78,,2.0,0.723,3.73,0.0,0.0,0.0,
라면_국물,라면,면 및 만두류,100g,19,2.08,0.44,5.0,56.0,0.08,,,0.8,,,,,,10.0,0.241,,,0.0,0.0,
라면_김치,라면,면 및 만두류,650g,85,13.26,2.12,45.0,91.0,0.0,8.27,0.16,1.3,-,132.89,26.56,5.62,,11.0,0.643,9.54,,0.0,,
라면_떡,라면,면 및 만두류,100g,102,17.72,2.1,49.0,55.0,0.34,,,1.1,,,,,,,0.625,,,0.22,0.0,
라면_라면만,라면,면 및 만두류,100g,84,14.44,1.76,48.0,56.0,0.27,,,0.8,,,,,,,0.704,,,0.15,0.0,
라면_면,라면,면 및 만두류,100g,174,29.79,3.89,97.0,55.0,0.21,,,3.8,,,,,,1.0,0.625,,,0.0,0.0,
라면_비빔라면,라면,면 및 만두류,100g,189,31.01,3.38,8.0,47.0,0.33,,,2.3,,,,,,17.0,0.40800000000000003,,,0.0,0.0,
라면_용기면,라면,면 및 만두류,100g,103,15.65,1.98,49.0,61.0,0.18,,,1.1,,,,,,5.0,0.44699999999999995,,,0.0,0.0,
라면_용기면_국물,라면,면 및 만두류,100g,28,3.21,0.61,8.0,61.0,0.11,,,0.7,,,,,,13.0,0.21,,,0.72,0.0,
라면_용기면_면,라면,면 및 만두류,100g,192,33.42,3.5,123.0,71.0,0.44,,,3.6,,,,,,3.0,0.868,,,0.0,0.0,
라면_용기면_볶음라면,라면,면 및 만두류,100g,202,33.9,4.52,16.0,63.0,0.54,,,2.3,,,,,,36.0,1.17,,,0.0,0.0,
라면_짜장라면,라면,면 및 만두류,100g,177,31.0,3.66,76.0,75.0,0.4,,,1.7,,,,,,1.0,1.0,,,0.0,0.0,
라면_짬뽕라면,라면,면 및 만두류,750g,92,12.27,2.84,78.0,88.0,0.0,11.22,0.21,1.1,-,183.79,43.34,9.36,,17.0,0.668,8.9,,0.0,,
라면_치즈,라면,면 및 만두류,600g,99,13.33,2.8,56.0,60.0,0.0,6.54,0.22,1.3,-,210.95,52.67,15.33,,17.0,0.5269999999999999,14.64,,0.0,,
라면,라면,면 및 만두류,590ml,79,12.19,1.5,40.0,38.0,0.08,3.73,0.08,0.7,,,,,0.01,0.0,0.368,1.81,,0.13,0.0,0.36
라면_김치,라면,면 및 만두류,760ml,85,12.41,2.1,45.0,74.0,0.21,6.42,0.17,1.0,,,,,0.01,9.0,0.44599999999999995,8.81,,0.51,0.04,0.48
라면_달걀,라면,면 및 만두류,642ml,95,13.16,2.6,46.0,53.0,0.24,5.07,0.19,0.8,,,,,0.01,11.0,0.433,6.48,,0.2,0.08,0.5
라면_떡,라면,면 및 만두류,690ml,109,17.07,2.6,45.0,53.0,0.22,5.74,0.24,0.8,,,,,0.01,9.0,0.419,6.86,,0.19,0.06,0.47
라면_치즈,라면,면 및 만두류,700ml,95,12.66,2.7,60.0,50.0,0.19,5.19,0.21,0.7,,,,,0.02,10.0,0.41200000000000003,6.11,,0.2,0.05,0.47
라면_만두,라면,면 및 만두류,700ml,109,15.29,3.2,50.0,74.0,0.53,8.39,0.23,1.3,,,,,0.02,10.0,0.524,10.35,,0.2,0.06,0.48
라면_모듬,라면,면 및 만두류,700ml,98,13.99,2.8,49.0,62.0,0.3,6.78,0.22,0.9,,,,,0.02,9.0,0.448,7.74,,0.3,0.08,0.48
라면_콩나물,라면,면 및 만두류,700ml,79,11.36,2.2,42.0,61.0,0.21,6.55,0.19,0.8,,,,,0.02,7.0,0.42300000000000004,8.05,,0.49,0.04,0.41
라면,라면,면 및 만두류,226.6ml,169,24.49,4.1,84.0,88.0,0.33,8.56,0.27,1.4,,,,,0.02,11.0,0.7749999999999999,8.65,,0.28,0.09,0.84
라면,라면,면 및 만두류,226.6ml,169,24.49,4.1,84.0,88.0,0.33,8.56,0.27,1.4,,,,,0.02,11.0,0.7749999999999999,8.65,,0.28,0.09,0.84
라면,라면,면 및 만두류,590ml,79,12.19,1.5,40.0,38.0,0.08,3.73,0.08,0.7,,,,,0.01,0.0,0.368,1.81,,0.13,0.0,0.36
라면_달걀,라면,면 및 만두류,642ml,95,13.16,2.6,46.0,53.0,0.24,5.07,0.19,0.8,,,,,0.01,11.0,0.433,6.48,,0.2,0.08,0.5
라면_어묵,라면,면 및 만두류,928.6ml,63,9.18,1.5,31.0,35.0,0.12,3.32,0.1,0.5,,,,,0.01,6.0,0.29100000000000004,3.14,,0.18,0.03,0.31
라면_간편조리세트_똠양꿍요괴라면,라면,면 및 만두류,1284g,88,13.49,2.41,30.0,70.0,0.33,,,0.8,,,,,,,0.7110000000000001,,,0.57,0.0,
라볶이,라볶이,볶음류,200g,134,20.14,2.83,51.0,106.0,0.23,9.45,0.16,1.9,2334.45,169.51,2.24,3.73,,1.0,0.7749999999999999,8.51,0.0,0.0,0.0,
라볶이,라볶이,볶음류,475ml,113,18.5,2.0,47.0,72.0,0.14,6.84,0.16,1.1,,,,,0.05,16.0,0.498,4.4,,1.18,0.0,0.52
라볶이,라볶이,볶음류,476.3ml,108,17.85,1.9,41.0,70.0,0.14,6.98,0.19,1.0,,,,,0.05,21.0,0.447,5.09,,1.15,0.0,0.48
라조기,라조기,튀김류,200g,199,13.12,10.33,36.0,160.0,0.01,0.0,0.0,1.4,-,0.0,0.0,0.0,,24.0,2.452,0.0,0.0,0.0,,
라조기,라조기,튀김류,198ml,126,9.94,10.0,46.0,263.0,0.7,28.88,0.48,3.2,,,,,0.35,46.0,1.581,15.31,,4.53,0.15,0.82
라조기,라조기,튀김류,67.1ml,187,19.08,13.5,14.0,252.0,0.82,24.51,0.51,0.9,,,,,0.29,52.0,1.855,12.83,,3.67,0.09,0.85
런천미트구이,런천미트구이,육류 및 채소구이류,160g,303,3.27,17.56,32.0,409.0,0.54,23.42,1.5,2.3,15306.4,1281.98,359.23,29.95,,6.0,15.784,11.23,0.49,14.44,0.0,
런천미트구이,런천미트구이,육류 및 채소구이류,42.8ml,302,11.12,21.6,10.0,300.0,0.97,21.03,1.88,0.0,,,,,0.37,7.0,4.877000000000001,11.21,,32.09,1.0,0.69
런천미트구이,런천미트구이,육류 및 채소구이류,19.9ml,308,11.08,21.6,10.0,299.0,0.96,20.95,1.87,0.0,,,,,0.38,7.0,4.859,11.18,,31.98,0.99,0.71
런천미트구이,런천미트구이,육류 및 채소구이류,19.9ml,303,11.08,21.6,10.0,299.0,0.96,20.95,1.87,0.0,,,,,0.38,7.0,4.859,11.18,,31.98,0.99,0.71
런천미트구이,런천미트구이,육류 및 채소구이류,42.8ml,302,11.12,21.6,10.0,300.0,0.97,21.03,1.88,0.0,,,,,0.37,7.0,4.877000000000001,11.21,,32.09,1.0,0.69
레몬차_레몬차 아이스,레몬차,음료 및 차류,946g,35,8.67,0.0,,,,,,,,,,,,,0.0,,,,,
레몬차_레몬차 아이스,레몬차,음료 및 차류,710g,36,8.87,0.0,,,,,,,,,,,,,0.0,,,,,
레몬차_레몬차 핫,레몬차,음료 및 차류,591g,43,10.66,0.0,,,,,,,,,,,,,0.0,,,,,
레몬차_레몬차,레몬차,음료 및 차류,360g,49,,0.1,,,,,,,,,,,,,0.0,,,,,
레몬차_블루레몬티 아이스,레몬차,음료 및 차류,591g,52,,0.07,,,,,,,,,,,,,0.0,,,,,
레몬차_블루레몬티 핫,레몬차,음료 및 차류,473g,31,,0.08,,,,,,,,,,,,,0.0,,,,,
레몬차_레몬차 아이스,레몬차,음료 및 차류,710g,46,,0.04,,,,,,,,,,,,,0.0,,,,,
레몬차_레몬차 핫,레몬차,음료 및 차류,591g,47,,0.05,,,,,,,,,,,,,0.0,,,,,
레몬차_레몬티 아이스,레몬차,음료 및 차류,650g,25,5.52,0.05,,,,,,,,,,,,,0.0,,,,,
레몬차_레몬티 핫,레몬차,음료 및 차류,500g,33,7.18,0.06,,,,,,,,,,,,,0.0,,,,,
레몬차_레몬티 아이스,레몬차,음료 및 차류,470g,32,,0.0,,,,,,,,,,,,,0.0,,,,,
레몬차_레몬티 핫,레몬차,음료 및 차류,310g,42,,0.0,,,,,,,,,,,,,0.0,,,,,
레몬차_레몬티 아이스,레몬차,음료 및 차류,600g,46,,0.17,,,,,,,,,,,,,0.0,,,,,
레몬차_레몬티 핫,레몬차,음료 및 차류,400g,68,,0.0,,,,,,,,,,,,,0.0,,,,,
레몬차_레몬차 아이스,레몬차,음료 및 차류,946g,36,,0.01,,,,,,,,,,,,,0.0,,,,,
레몬차_레몬차 아이스,레몬차,음료 및 차류,591g,42,,0.02,,,,,,,,,,,,,0.0,,,,,
레몬차_레몬차 핫,레몬차,음료 및 차류,946g,36,,0.01,,,,,,,,,,,,,0.0,,,,,
레몬차_레몬차 핫,레몬차,음료 및 차류,591g,42,,0.02,,,,,,,,,,,,,0.0,,,,,
레몬차_허니레몬 아이스,레몬차,음료 및 차류,486g,56,13.99,0.21,,,,,,,,,,,,,0.0,,,,,
레몬차_허니레몬 핫,레몬차,음료 및 차류,426g,64,15.96,0.23,,,,,,,,,,,,,0.0,,,,,
레몬차_레몬티,레몬차,음료 및 차류,360g,41,,0.28,,,,,,,,,,,,,0.0,,,,,
레몬차_레몬민트티,레몬차,음료 및 차류,360g,45,,0.03,,,,,,,,,,,,,0.0,,,,,
레몬차_진저레몬티 아이스,레몬차,음료 및 차류,360g,43,,0.0,,,,,,,,,,,,,0.0,,,,,
레몬차_진저레몬티 핫,레몬차,음료 및 차류,360g,43,,0.0,,,,,,,,,,,,,0.0,,,,,
레몬차_레몬 스윗플럼 핫,레몬차,음료 및 차류,414g,55,,0.14,,,,,,,,,,,,,0.0,,,,,
레몬차_레몬차,레몬차,음료 및 차류,414g,53,,0.09,,,,,,,,,,,,,0.0,,,,,
레몬차_레몬차,레몬차,음료 및 차류,100g,41,,0.11,,,,,,,,,,,,,0.0,,,,,
레몬차_레몬티 아이스,레몬차,음료 및 차류,473g,48,,0.0,,,,,,,,,,,,,0.0,,,,,
레몬차_레몬티 핫,레몬차,음료 및 차류,384g,59,,0.0,,,,,,,,,,,,,0.0,,,,,
레몬차_레몬티,레몬차,음료 및 차류,100g,47,11.0,0.52,,,,,,,,,,,,,0.0,,,,,
레몬차_레몬차,레몬차,음료 및 차류,450g,35,,0.16,,,,,,,,,,,,,0.0,,,,,
레몬차_레몬차,레몬차,음료 및 차류,400g,28,,0.13,,,,,,,,,,,,,0.0,,,,,
레몬차_레몬티 아이스,레몬차,음료 및 차류,360g,28,,0.0,,,,,,,,,,,,,0.0,,,,,
레몬차_레몬티 핫,레몬차,음료 및 차류,360g,28,,0.0,,,,,,,,,,,,,0.0,,,,,
레몬차_레몬티,레몬차,음료 및 차류,591ml,41,10.14,0.0,,,,,,,,,,,,,0.0,,,,,
레몬차_레몬티 아이스,레몬차,음료 및 차류,410g,22,5.61,0.24,,,,,,,,,,,,,0.0,,,,,
레몬차_레몬티 핫,레몬차,음료 및 차류,310g,30,7.42,0.32,,,,,,,,,,,,,0.0,,,,,
레몬차_레몬티 아이스,레몬차,음료 및 차류,415g,55,,0.48,,,,,,,,,,,,,0.0,,,,,
레몬차_레몬티 핫,레몬차,음료 및 차류,385g,54,,0.52,,,,,,,,,,,,,0.0,,,,,
레몬차_레몬블루밍티 아이스,레몬차,음료 및 차류,473g,56,,0.0,,,,,,,,,,,,,0.0,,,,,
레몬차_레몬블루밍티 아이스,레몬차,음료 및 차류,591g,48,,0.13,,,,,,,,,,,,,0.0,,,,,
레몬차_레몬블루밍티 아이스,레몬차,음료 및 차류,414g,48,,0.0,,,,,,,,,,,,,0.0,,,,,
레몬차_레몬블루밍티 핫,레몬차,음료 및 차류,473g,51,,0.16,,,,,,,,,,,,,0.0,,,,,
레몬차_레몬블루밍티 핫,레몬차,음료 및 차류,355g,55,,0.0,,,,,,,,,,,,,0.0,,,,,
레몬청차,레몬청차,음료 및 차류,100g,60,14.8,0.13,13.0,23.0,0.0,,,0.9,,,,,,,0.212,,,5.17,0.0,
레몬홍차_레몬 얼그레이티 핫,레몬홍차,음료 및 차류,473g,34,,0.15,,,,,,,,,,,,,0.0,,,,,
레몬홍차_레몬얼그레이티 아이스,레몬홍차,음료 및 차류,600g,18,,0.01,,,,,,,,,,,,,0.0,,,,,
레몬홍차_레몬얼그레이티 핫,레몬홍차,음료 및 차류,350g,31,,0.02,,,,,,,,,,,,,0.0,,,,,
롤빵_녹차 도쿄롤 (L),롤빵,빵 및 과자류,100g,330,,6.0,,,,,,,,,,,,,0.0,,,,,
롤빵_녹차 도쿄롤 (S),롤빵,빵 및 과자류,100g,330,,6.0,,,,,,,,,,,,,0.0,,,,,
롤빵_망고 도쿄롤 (L),롤빵,빵 및 과자류,100g,293,,5.0,,,,,,,,,,,,,0.0,,,,,
롤빵_망고 도쿄롤 (S),롤빵,빵 및 과자류,100g,293,,5.0,,,,,,,,,,,,,0.0,,,,,
롤빵_오리지널 도쿄롤 (L),롤빵,빵 및 과자류,100g,328,,7.0,,,,,,,,,,,,,0.0,,,,,
롤빵_오리지널 도쿄롤 (S),롤빵,빵 및 과자류,100g,328,,7.0,,,,,,,,,,,,,0.0,,,,,
롤빵_자색 고구마 도쿄롤 (L),롤빵,빵 및 과자류,100g,315,,4.0,,,,,,,,,,,,,0.0,,,,,
롤빵_자색 고구마 도쿄롤 (S),롤빵,빵 및 과자류,100g,315,,4.0,,,,,,,,,,,,,0.0,,,,,
롤빵_화이트 초코 도쿄롤 (L),롤빵,빵 및 과자류,100g,337,,7.0,,,,,,,,,,,,,0.0,,,,,
롤빵_화이트 초코 도쿄롤 (S),롤빵,빵 및 과자류,100g,337,,7.0,,,,,,,,,,,,,0.0,,,,,
롤빵_카멜크림롤,롤빵,빵 및 과자류,92g,402,,4.35,,,,,,,,,,,,,0.0,,,,,
롤빵_목장의아침우유롤,롤빵,빵 및 과자류,90g,317,,5.56,,,,,,,,,,,,,0.0,,,,,
롤빵_달콤한크림치즈시나몬롤,롤빵,빵 및 과자류,95g,374,,6.32,,,,,,,,,,,,,0.0,,,,,
롤빵_클래식시나몬롤,롤빵,빵 및 과자류,80g,375,,7.5,,,,,,,,,,,,,0.0,,,,,
롤빵_달달연유롤빵,롤빵,빵 및 과자류,46g,402,45.65,6.52,,,,,,,,,,,,,0.0,,,,,
롤빵_달달연유롤빵 (3개입),롤빵,빵 및 과자류,138g,399,45.65,6.52,,,,,,,,,,,,,0.0,,,,,
롤빵_우유 생크림롤,롤빵,빵 및 과자류,160g,306,26.25,5.63,,,,,,,,,,,,,0.0,,,,,
리소토/리조또_스파이시 씨푸드 리조또,리소토/리조또,밥류,241g,148,,5.81,,,,,,,,,,,,,0.0,,,,,
리소토/리조또_치킨 크림 리조또,리소토/리조또,밥류,241g,185,,6.22,,,,,,,,,,,,,0.0,,,,,
리소토/리조또_간편조리세트_베이컨버섯크림리조또,리소토/리조또,밥류,888g,187,15.9,3.11,27.0,107.0,0.1,,,0.8,,,,,,,1.7810000000000001,,,0.28,0.0,
리소토/리조또_간편조리세트_쉬림프로제리조또,리소토/리조또,밥류,811g,176,18.57,3.35,37.0,151.0,0.14,,,0.7,,,,,,,2.7359999999999998,,,0.08,0.0,
마늘빵_부드러운갈릭브레드,마늘빵,빵 및 과자류,150g,327,44.0,6.0,,,,,,,,,,,,,0.0,,,,,
마늘빵_프렌치마늘빵,마늘빵,빵 및 과자류,21g,357,52.38,4.76,,,,,,,,,,,,,0.0,,,,,
마늘빵_프렌치마늘빵 (5개입),마늘빵,빵 및 과자류,105g,352,52.38,6.67,,,,,,,,,,,,,0.0,,,,,
마늘빵,마늘빵,빵 및 과자류,50g,438,57.94,12.06,50.0,178.0,0.58,29.72,1.1,4.3,11581.36,822.34,144.9,77.58,,150.0,6.359999999999999,106.82,0.0,2.42,0.0,
마늘장아찌,마늘장아찌,장아찌·절임류,100g,113,25.36,2.43,7.0,69.0,0.37,,,2.9,,,,,,0.0,0.262,,,0.0,0.0,
마늘장아찌무침,마늘장아찌무침,채소무침류,40ml,99,21.85,1.88,10.0,90.0,0.35,,,2.4,,,,,,21.0,0.392,2.06,,0.02,0.0,
마늘쫑무침,마늘쫑무침,채소무침류,30g,106,12.77,2.73,44.0,241.0,0.6,23.2,0.43,5.9,2153.27,145.4,15.6,6.23,,59.0,3.933,137.83,0.0,4.63,0.0,
마늘쫑무침,마늘쫑무침,채소무침류,50ml,57,12.02,2.2,56.0,184.0,0.53,19.37,0.33,2.8,,,,,0.03,33.0,0.613,40.35,,18.2,0.05,0.47
마늘쫑무침,마늘쫑무침,채소무침류,40.6ml,76,17.92,2.5,65.0,239.0,0.67,29.54,0.54,4.5,,,,,0.02,59.0,0.982,69.17,,34.0,0.0,0.42
마늘쫑무침,마늘쫑무침,채소무침류,80ml,67,14.55,1.63,30.0,187.0,0.45,,,3.3,,,,,,48.0,0.7330000000000001,42.65,,20.9,0.0,
마늘쫑볶음,마늘쫑볶음,채소볶음류,140g,89,13.17,3.25,43.0,319.0,0.84,28.2,0.61,4.8,2796.52,192.26,16.99,4.09,,33.0,0.129,215.29,0.0,21.11,0.0,
마늘쫑볶음_멸치,마늘쫑볶음,채소볶음류,50g,117,15.42,7.54,134.0,305.0,0.64,54.06,0.78,5.4,6353.68,536.64,98.84,40.64,,72.0,1.08,123.18,0.78,3.06,0.0,
마늘쫑볶음_간장,마늘쫑볶음,채소볶음류,100ml,89,8.18,3.0,154.0,143.0,0.82,16.17,0.39,2.2,,,,,0.35,16.0,0.741,41.53,,19.63,0.01,0.73
마늘쫑볶음_건새우,마늘쫑볶음,채소볶음류,50ml,61,5.65,5.2,346.0,120.0,1.44,15.42,0.51,1.3,,,,,0.22,10.0,0.9530000000000001,30.61,,12.11,0.02,0.7
마늘쫑볶음_멸치,마늘쫑볶음,채소볶음류,50ml,64,4.65,7.9,266.0,163.0,1.3,51.87,0.86,1.0,,,,,0.31,9.0,0.569,32.48,,8.02,1.33,0.18
마늘쫑볶음_건어물,마늘쫑볶음,채소볶음류,50ml,73,6.25,7.4,322.0,156.0,1.46,29.16,0.72,1.3,,,,,0.27,11.0,1.0070000000000001,32.83,,11.68,0.49,0.73
마늘쫑볶음,마늘쫑볶음,채소볶음류,70.5ml,52,5.83,1.3,23.0,104.0,0.29,11.8,0.21,1.8,,,,,0.18,13.0,0.434,32.21,,15.79,0.0,0.31
마늘쫑볶음_간장,마늘쫑볶음,채소볶음류,100ml,89,8.18,3.0,154.0,143.0,0.82,16.17,0.39,2.2,,,,,0.35,16.0,0.741,41.53,,19.63,0.01,0.73
마늘쫑볶음_건새우,마늘쫑볶음,채소볶음류,60ml,64,6.55,3.16,193.0,93.0,0.86,,,1.1,,,,,,9.0,0.642,23.57,,9.74,0.01,
마늘쫑볶음_잔멸치,마늘쫑볶음,채소볶음류,70.5ml,61,5.85,3.5,55.0,130.0,0.34,29.54,0.46,1.8,,,,,0.25,13.0,0.581,37.56,,15.82,0.9,0.31
마늘쫑볶음_건어물,마늘쫑볶음,채소볶음류,50ml,71,6.25,7.4,322.0,156.0,1.46,29.16,0.72,1.3,,,,,0.24,11.0,1.008,32.83,,11.68,0.49,0.73
마늘쫑볶음_간장,마늘쫑볶음,채소볶음류,100ml,89,8.18,3.0,154.0,143.0,0.82,16.17,0.39,2.2,,,,,0.35,16.0,0.741,41.53,,19.63,0.01,0.73
마늘쫑볶음_건새우,마늘쫑볶음,채소볶음류,150ml,53,5.31,2.67,157.0,94.0,0.73,,,1.3,,,,,,10.0,0.574,25.68,,11.47,0.01,
마늘쫑볶음_잔멸치,마늘쫑볶음,채소볶음류,76.3ml,126,16.17,4.5,74.0,247.0,0.6,38.69,0.63,3.5,,,,,0.44,22.0,0.926,62.68,,28.55,0.84,0.55
마늘쫑볶음_건어물,마늘쫑볶음,채소볶음류,50ml,73,6.25,7.4,322.0,156.0,1.46,29.16,0.72,1.3,,,,,0.27,11.0,1.0070000000000001,32.83,,11.68,0.49,0.73
마늘쫑장아찌,마늘쫑장아찌,장아찌·절임류,100g,118,27.34,1.96,21.0,105.0,0.61,,,5.2,,,,,,11.0,0.156,,,0.0,0.0,
마늘쫑장아찌_간장,마늘쫑장아찌,장아찌·절임류,50g,60,10.8,2.0,31.0,158.0,0.0,25.0,0.28,3.2,-,121.08,14.14,0.0,,12.0,0.30000000000000004,31.78,0.0,1.5,,
마늘쫑장아찌_고추장,마늘쫑장아찌,장아찌·절임류,50g,110,21.0,2.6,40.0,235.0,0.0,34.52,0.4,5.0,-,142.04,20.2,0.0,,69.0,0.38,33.52,0.0,1.84,,
마늘쫑장아찌무침,마늘쫑장아찌무침,채소무침류,50ml,79,17.75,1.3,15.0,96.0,0.44,13.25,0.16,2.9,,,,,0.03,25.0,0.301,12.06,,0.27,0.0,0.47
마늘쫑장아찌무침,마늘쫑장아찌무침,채소무침류,50ml,79,17.7,1.3,15.0,96.0,0.44,13.25,0.16,2.9,,,,,0.03,25.0,0.299,12.07,,0.26,0.0,0.47
마늘쫑장아찌무침,마늘쫑장아찌무침,채소무침류,50ml,79,17.7,1.3,15.0,96.0,0.44,13.25,0.16,2.9,,,,,0.03,25.0,0.299,12.07,,0.26,0.0,0.47
마늘쫑장아찌무침,마늘쫑장아찌무침,채소무침류,50ml,79,17.75,1.3,15.0,96.0,0.44,13.25,0.16,2.9,,,,,0.03,25.0,0.301,12.06,,0.27,0.0,0.47
마늘쫑조림_멸치,마늘쫑조림,조림류,50ml,60,9.13,4.7,193.0,155.0,1.1,26.9,0.53,1.7,,,,,0.11,13.0,0.608,36.03,,14.49,0.2,0.26
마늘쫑조림,마늘쫑조림,조림류,46.1ml,217,31.38,4.9,93.0,426.0,1.16,46.28,0.89,7.0,,,,,0.66,50.0,1.797,126.72,,62.27,0.0,1.15
마라탕_간편조리세트_마라탕,마라탕,찌개 및 전골류,873g,88,5.72,4.64,33.0,140.0,0.89,,,3.7,,,,,,,2.032,,,5.63,0.0,
마라탕,마라탕,찌개 및 전골류,100g,66,5.1,3.91,21.0,98.0,0.39,,,1.0,,,,,,,2.186,,,0.27,0.0,
마카로니 샐러드,마카로니 샐러드,샐러드류,220ml,100,8.13,4.1,14.0,100.0,0.52,12.59,0.49,1.1,,,,,0.25,35.0,0.827,12.86,,5.31,0.09,0.6
마카로니 샐러드,마카로니 샐러드,샐러드류,170ml,138,13.76,2.4,13.0,83.0,0.28,10.35,0.3,1.2,,,,,0.55,15.0,0.48,8.03,,2.98,0.0,0.98
마카로니 샐러드,마카로니 샐러드,샐러드류,170ml,139,13.77,2.3,14.0,84.0,0.28,10.42,0.3,1.2,,,,,0.55,15.0,0.449,8.04,,3.14,0.0,0.97
마카로니 샐러드,마카로니 샐러드,샐러드류,170ml,138,13.76,2.4,13.0,83.0,0.28,10.35,0.3,1.2,,,,,0.55,15.0,0.48,8.03,,2.98,0.0,0.98
마카롱_녹차 마카롱,마카롱,빵 및 과자류,16.5g,490,,5.45,,,,,,,,,,,,,0.0,,,,,
마카롱_녹차모찌 마카롱,마카롱,빵 및 과자류,26g,377,,3.85,,,,,,,,,,,,,0.0,,,,,
마카롱_다크초코가나슈 마카롱,마카롱,빵 및 과자류,24g,267,,3.33,,,,,,,,,,,,,0.0,,,,,
마카롱_달고나 마카롱,마카롱,빵 및 과자류,16.5g,303,,6.06,,,,,,,,,,,,,0.0,,,,,
마카롱_딸기 마카롱,마카롱,빵 및 과자류,16.5g,436,,6.06,,,,,,,,,,,,,0.0,,,,,
마카롱_딸기 퐁카롱,마카롱,빵 및 과자류,30g,330,,6.67,,,,,,,,,,,,,0.0,,,,,
마카롱_레드벨벳 마카롱,마카롱,빵 및 과자류,16.5g,484,,4.85,,,,,,,,,,,,,0.0,,,,,
마카롱_리얼블루베리 마카롱,마카롱,빵 및 과자류,23.7g,409,,5.49,,,,,,,,,,,,,0.0,,,,,
마카롱_리얼치즈 마카롱,마카롱,빵 및 과자류,24.3g,469,,6.17,,,,,,,,,,,,,0.0,,,,,
마카롱_망고가나슈 마카롱,마카롱,빵 및 과자류,24g,404,,6.67,,,,,,,,,,,,,0.0,,,,,
마카롱_민트초코 마카롱,마카롱,빵 및 과자류,23.7g,477,,4.64,,,,,,,,,,,,,0.0,,,,,
마카롱_바닐라 마카롱,마카롱,빵 및 과자류,16.5g,445,,6.06,,,,,,,,,,,,,0.0,,,,,
마카롱_블루베리 마카롱,마카롱,빵 및 과자류,16g,375,,5.0,,,,,,,,,,,,,0.0,,,,,
마카롱_블루하와이 마카롱,마카롱,빵 및 과자류,16.5g,451,,4.85,,,,,,,,,,,,,0.0,,,,,
마카롱_샤인머스켓 마카롱,마카롱,빵 및 과자류,38g,287,,2.63,,,,,,,,,,,,,0.0,,,,,
마카롱_슈팅요거트 마카롱,마카롱,빵 및 과자류,23.7g,456,,5.91,,,,,,,,,,,,,0.0,,,,,
마카롱_슈팅캔디 마카롱,마카롱,빵 및 과자류,26g,365,,5.0,,,,,,,,,,,,,0.0,,,,,
마카롱_얼그레이 마카롱,마카롱,빵 및 과자류,16.5g,425,,6.06,,,,,,,,,,,,,0.0,,,,,
마카롱_오마이그린티 마카롱,마카롱,빵 및 과자류,29g,483,,6.9,,,,,,,,,,,,,0.0,,,,,
마카롱_우유치즈 마카롱,마카롱,빵 및 과자류,20g,410,,6.0,,,,,,,,,,,,,0.0,,,,,
마카롱_유니콘 마카롱,마카롱,빵 및 과자류,28g,236,,3.21,,,,,,,,,,,,,0.0,,,,,
마카롱_인절미 마카롱,마카롱,빵 및 과자류,26g,423,,7.69,,,,,,,,,,,,,0.0,,,,,
마카롱_천사의눈물(우유) 마카롱,마카롱,빵 및 과자류,16g,413,,6.88,,,,,,,,,,,,,0.0,,,,,
마카롱_초땅샌드 마카롱,마카롱,빵 및 과자류,45g,411,,4.0,,,,,,,,,,,,,0.0,,,,,
마카롱_초코 마카롱,마카롱,빵 및 과자류,16.5g,448,,7.27,,,,,,,,,,,,,0.0,,,,,
마카롱_초코악마 마카롱,마카롱,빵 및 과자류,26g,481,,7.69,,,,,,,,,,,,,0.0,,,,,
마카롱_초코 퐁카롱,마카롱,빵 및 과자류,30g,273,,3.33,,,,,,,,,,,,,0.0,,,,,
마카롱_초코프레소 마카롱,마카롱,빵 및 과자류,23.7g,460,,5.91,,,,,,,,,,,,,0.0,,,,,
마카롱_쿠쿠피그 마카롱,마카롱,빵 및 과자류,39g,513,,5.13,,,,,,,,,,,,,0.0,,,,,
마카롱_쿠크샌드 마카롱,마카롱,빵 및 과자류,45g,400,,4.0,,,,,,,,,,,,,0.0,,,,,
마카롱_크랜베리딸기 마카롱,마카롱,빵 및 과자류,23.7g,447,,4.22,,,,,,,,,,,,,0.0,,,,,
마카롱_크림치즈티라미수 마카롱,마카롱,빵 및 과자류,30.3g,482,,4.62,,,,,,,,,,,,,0.0,,,,,
마카롱_패션후르츠 마카롱,마카롱,빵 및 과자류,38g,303,,2.63,,,,,,,,,,,,,0.0,,,,,
마카롱_피치오레오 마카롱,마카롱,빵 및 과자류,38g,332,,2.63,,,,,,,,,,,,,0.0,,,,,
마카롱_핑쿠핑쿠 마카롱,마카롱,빵 및 과자류,31g,500,,3.23,,,,,,,,,,,,,0.0,,,,,
마카롱_허니레몬 마카롱,마카롱,빵 및 과자류,16.5g,470,,4.85,,,,,,,,,,,,,0.0,,,,,
마카롱_마다가스카르바닐라 마카롱,마카롱,빵 및 과자류,25g,400,,4.0,,,,,,,,,,,,,0.0,,,,,
마카롱_망고프로피컬 마카롱,마카롱,빵 및 과자류,25g,400,,4.0,,,,,,,,,,,,,0.0,,,,,
마카롱_벨지안초콜릿 마카롱,마카롱,빵 및 과자류,25g,420,,4.0,,,,,,,,,,,,,0.0,,,,,
마카롱_블루베리 마카롱,마카롱,빵 및 과자류,25g,400,,4.0,,,,,,,,,,,,,0.0,,,,,
마카롱_산딸기 마카롱,마카롱,빵 및 과자류,25g,400,,4.0,,,,,,,,,,,,,0.0,,,,,
마카롱_피스타치오 마카롱,마카롱,빵 및 과자류,25g,440,,4.0,,,,,,,,,,,,,0.0,,,,,
마카롱_까망베르 치즈 마카롱,마카롱,빵 및 과자류,24g,354,,8.33,,,,,,,,,,,,,0.0,,,,,
마카롱_딸기가나슈 마카롱,마카롱,빵 및 과자류,24g,375,45.83,4.17,,,,,,,,,,,,,0.0,,,,,
마카롱_바닐라 마카롱,마카롱,빵 및 과자류,24g,396,45.83,4.17,,,,,,,,,,,,,0.0,,,,,
마카롱_유자가나슈 마카롱,마카롱,빵 및 과자류,24g,375,41.67,4.17,,,,,,,,,,,,,0.0,,,,,
마카롱_초코떡카롱,마카롱,빵 및 과자류,24g,375,45.83,8.33,,,,,,,,,,,,,0.0,,,,,
마카롱_초코 마카롱,마카롱,빵 및 과자류,24g,375,41.67,8.33,,,,,,,,,,,,,0.0,,,,,
마카롱_프렌치 블루베리 마카롱,마카롱,빵 및 과자류,24g,375,50.0,4.17,,,,,,,,,,,,,0.0,,,,,
마카롱_바닐라 딜라이트 뚱카롱,마카롱,빵 및 과자류,30g,417,,20.0,,,,,,,,,,,,,0.0,,,,,
마카롱,마카롱,빵 및 과자류,100g,480,45.23,6.92,112.0,265.0,2.59,,,2.4,,,,,,,2.4219999999999997,,,0.2,0.0,
마테차_메리베리마테 아이스,마테차,음료 및 차류,946g,0,,0.0,,,,,,,,,,,,,0.0,,,,,
마테차_메리베리마테 아이스,마테차,음료 및 차류,591g,0,,0.0,,,,,,,,,,,,,0.0,,,,,
마테차_메리베리마테 핫,마테차,음료 및 차류,946g,0,,0.0,,,,,,,,,,,,,0.0,,,,,
마테차_메리베리마테 핫,마테차,음료 및 차류,591g,0,,0.0,,,,,,,,,,,,,0.0,,,,,
마테차_베리마테,마테차,음료 및 차류,360g,1,,0.0,,,,,,,,,,,,,0.0,,,,,
마테차_스위트마테,마테차,음료 및 차류,100g,2,0.28,0.06,,,,,,,,,,,,,0.0,,,,,
마파두부_간편조리세트_백리향 마파두부,마파두부,볶음류,742g,129,4.62,7.42,40.0,113.0,1.01,,,1.0,,,,,,,0.457,,,1.29,0.0,
마파두부,마파두부,볶음류,160g,109,5.36,7.29,29.0,115.0,1.03,38.54,0.63,2.2,6496.04,523.67,95.22,6.48,,14.0,10.104,18.03,0.09,3.61,0.0,
마파두부,마파두부,볶음류,100ml,139,9.54,8.2,42.0,184.0,1.14,53.96,0.98,2.8,,,,,0.48,23.0,1.14,28.63,,3.56,0.06,1.16
마파두부,마파두부,볶음류,98.6ml,146,7.67,8.8,39.0,228.0,1.13,54.02,0.96,2.9,,,,,0.39,38.0,1.157,16.74,,1.72,0.03,1.71
마파두부,마파두부,볶음류,98.6ml,146,7.67,8.8,39.0,228.0,1.13,54.02,0.96,2.9,,,,,0.39,38.0,1.157,16.74,,1.72,0.03,1.71
마파두부,마파두부,볶음류,100ml,139,9.54,8.2,42.0,184.0,1.14,53.96,0.98,2.8,,,,,0.48,23.0,1.14,28.63,,3.56,0.06,1.16
막국수,막국수,면 및 만두류,732.6ml,58,10.96,2.0,5.0,63.0,0.22,9.38,0.21,0.5,,,,,0.01,3.0,0.3,7.65,,1.0,0.0,0.04
막국수,막국수,면 및 만두류,132.4ml,216,43.29,8.3,26.0,207.0,1.65,53.16,1.05,3.0,,,,,0.02,7.0,1.3159999999999998,22.7,,2.62,0.0,0.04
막국수,막국수,면 및 만두류,632.4ml,83,15.71,3.4,12.0,107.0,0.65,20.48,0.44,1.4,,,,,0.02,15.0,0.521,9.89,,1.47,0.05,0.31
막창구이_소고기,막창구이,육류 및 채소구이류,100g,358,0.4,15.34,13.0,107.0,5.89,,,0.2,,,,,,,1.399,,,0.41,0.05,
만두_고기만두,만두,면 및 만두류,220g,159,17.4,12.38,20.0,186.0,1.03,26.53,1.27,2.3,10145.45,780.55,218.11,20.73,,6.0,0.8270000000000001,13.91,0.1,0.0,0.0,
만두_군만두,만두,면 및 만두류,220g,234,25.57,7.03,41.0,214.0,0.82,26.42,0.5,3.5,7267.24,554.27,114.17,22.77,,16.0,11.072000000000001,35.86,0.24,4.7,0.0,
만두_김치만두,만두,면 및 만두류,220g,152,17.02,10.24,18.0,221.0,0.83,19.36,1.49,2.1,7819.47,601.97,105.95,26.06,,6.0,1.573,15.44,0.21,0.0,0.0,
만두_물만두,만두,면 및 만두류,230g,195,15.61,8.06,31.0,173.0,0.58,23.6,0.61,3.1,7706.79,596.27,121.97,23.49,,32.0,1.157,38.16,0.2,4.73,0.0,
만두_고기만두,만두,면 및 만두류,100g,208,27.79,9.38,65.0,237.0,3.1,,,5.8,,,,,,10.0,1.155,,,0.0,0.0,
만두_김치만두,만두,면 및 만두류,100g,187,23.82,8.13,74.0,233.0,2.47,,,6.2,,,,,,10.0,1.101,,,0.0,0.0,
만두국_사골,만두국,면 및 만두류,700g,87,8.94,3.74,14.0,68.0,0.67,8.2,0.54,1.1,3152.15,246.11,33.32,8.39,,6.0,0.555,16.38,0.15,4.34,0.0,
만두국,만두국,면 및 만두류,700g,62,6.83,3.06,18.0,73.0,0.0,0.0,0.0,4.6,-,0.0,0.0,0.0,,9.0,1.217,0.0,0.0,0.0,,
만두국_고기만두,만두국,면 및 만두류,600ml,66,7.65,3.5,22.0,108.0,1.04,13.64,0.3,1.7,,,,,0.03,12.0,0.7110000000000001,16.92,,0.28,0.05,0.14
만두국_김치만두,만두국,면 및 만두류,600ml,67,7.5,3.7,26.0,99.0,1.04,14.39,0.33,1.9,,,,,0.04,13.0,0.5680000000000001,18.44,,0.51,0.05,0.19
만두국_고기만두,만두국,면 및 만두류,250ml,43,5.32,2.24,15.0,78.0,0.65,,,1.1,,,,,,9.0,0.502,11.35,,0.26,0.04,
만두국_김치만두,만두국,면 및 만두류,600ml,66,7.63,3.7,27.0,101.0,1.08,14.65,0.34,1.9,,,,,0.04,15.0,0.605,20.25,,0.54,0.08,0.18
만두국_고기만두,만두국,면 및 만두류,250ml,59,7.09,3.02,20.0,100.0,0.87,,,1.5,,,,,,14.0,0.627,15.93,,0.47,0.06,
만두국_고기만두,만두국,면 및 만두류,380ml,44,5.44,2.24,15.0,67.0,0.66,,,1.1,,,,,,11.0,0.392,12.64,,0.36,0.06,
만두국_김치만두,만두국,면 및 만두류,600ml,66,7.63,3.7,27.0,101.0,1.08,14.65,0.34,1.9,,,,,0.04,15.0,0.605,20.25,,0.54,0.08,0.18
만두전골,만두전골,찌개 및 전골류,100g,57,5.55,3.61,36.0,144.0,0.53,,,1.5,,,,,,,0.524,,,0.09,0.0,
만두전골_간편조리세트_얼큰왕만두전골,만두전골,찌개 및 전골류,1771g,75,11.35,2.67,23.0,142.0,0.47,,,1.3,,,,,,,1.43,,,2.63,0.0,
만두탕수,만두탕수,면 및 만두류,450ml,95,11.0,2.8,20.0,93.0,0.89,11.71,0.21,1.9,,,,,0.19,15.0,0.385,15.42,,0.57,0.0,0.33
만두탕수,만두탕수,면 및 만두류,314.5ml,88,11.38,3.0,21.0,97.0,0.96,12.4,0.21,1.9,,,,,0.12,12.0,0.399,15.54,,0.71,0.0,0.21
만두탕수,만두탕수,면 및 만두류,314.5ml,88,11.38,3.0,21.0,97.0,0.96,12.4,0.21,1.9,,,,,0.12,12.0,0.399,15.54,,0.71,0.0,0.21
만두탕수,만두탕수,면 및 만두류,520.8ml,85,11.04,2.9,21.0,93.0,0.93,11.89,0.2,1.9,,,,,0.11,12.0,0.38,15.13,,0.7,0.0,0.2
맛살전,맛살전,전·적 및 부침류,200g,165,19.69,7.48,172.0,46.0,0.63,7.66,0.35,1.0,7197.99,612.5,177.13,26.97,,36.0,1.03,6.68,0.44,0.0,0.0,
맛살전,맛살전,전·적 및 부침류,91.6ml,231,29.76,9.9,274.0,74.0,0.58,12.87,0.45,0.5,,,,,0.51,15.0,0.49,15.45,,0.11,0.11,0.92
맛살전,맛살전,전·적 및 부침류,64.8ml,229,29.33,12.3,201.0,134.0,1.03,12.92,0.45,1.0,,,,,0.38,15.0,1.366,14.82,,0.03,0.2,0.9
맛살전,맛살전,전·적 및 부침류,64.8ml,230,29.75,9.9,274.0,74.0,0.58,12.87,0.45,0.5,,,,,0.5,15.0,0.491,15.46,,0.1,0.11,0.92
맛살전,맛살전,전·적 및 부침류,91.6ml,231,29.76,9.9,274.0,74.0,0.58,12.87,0.45,0.5,,,,,0.51,15.0,0.49,15.45,,0.11,0.11,0.92
망둥어찌개,망둥어찌개,찌개 및 전골류,298.8ml,44,3.4,5.9,18.0,186.0,1.23,22.54,0.37,1.0,,,,,0.09,25.0,0.746,13.57,,1.33,0.7,0.58
망둥어찜,망둥어찜,찜류,175.5ml,52,2.96,8.5,20.0,294.0,1.85,20.68,0.45,1.2,,,,,0.09,27.0,1.252,21.09,,1.93,1.2,0.88
매생이국,매생이국,국 및 탕류,500g,24,2.68,2.0,25.0,66.0,0.0,34.04,0.96,1.9,-,149.53,42.85,9.75,,61.0,0.464,6.62,0.0,0.6,,
매실장아찌_우메보시(일본),매실장아찌,장아찌·절임류,30g,65,11.03,1.27,26.0,179.0,1.07,40.87,0.1,3.4,1228.3,46.5,5.8,19.3,,0.0,0.5,5.13,0.0,0.0,0.0,
매실장아찌,매실장아찌,장아찌·절임류,30g,243,58.11,1.65,30.0,232.0,0.0,28.4,0.3,3.9,-,87.7,9.63,0.0,,41.0,3.0380000000000003,0.0,0.0,0.0,,
매운 어묵볶음,매운 어묵볶음,볶음류,100ml,90,11.02,5.1,23.0,81.0,0.32,9.9,0.14,0.5,,,,,0.24,16.0,0.311,4.6,,0.27,0.0,0.44
매운 어묵볶음,매운 어묵볶음,볶음류,100ml,90,11.02,5.1,23.0,81.0,0.32,9.9,0.14,0.5,,,,,0.24,16.0,0.311,4.6,,0.27,0.0,0.44
매운 어묵볶음,매운 어묵볶음,볶음류,100ml,90,11.02,5.1,23.0,81.0,0.32,9.9,0.14,0.5,,,,,0.24,16.0,0.311,4.6,,0.27,0.0,0.44
매운 어묵볶음,매운 어묵볶음,볶음류,100ml,90,11.02,5.1,23.0,81.0,0.32,9.9,0.14,0.5,,,,,0.24,16.0,0.311,4.6,,0.27,0.0,0.44
매운탕_대구,매운탕,찌개 및 전골류,600g,22,0.19,4.49,51.0,104.0,0.17,10.01,0.13,0.9,4290.85,331.04,90.77,9.04,,3.0,0.9329999999999999,8.08,0.6,2.0,0.0,
매운탕_해물,매운탕,찌개 및 전골류,600g,35,2.51,4.85,25.0,140.0,0.43,18.55,0.42,1.6,3715.53,282.24,71.1,17.65,,16.0,2.076,13.84,0.75,11.86,0.0,
매운탕_광어,매운탕,찌개 및 전골류,600g,70,1.52,9.74,144.0,185.0,0.0,18.21,0.61,0.7,-,720.54,256.16,0.0,,127.0,1.548,0.0,0.0,0.0,,
매운탕_대구,매운탕,찌개 및 전골류,600g,60,2.81,9.56,73.0,165.0,0.0,16.72,0.48,1.5,-,681.76,240.61,0.0,,27.0,1.579,0.0,0.0,0.14,,
매운탕_메기,매운탕,찌개 및 전골류,600g,67,8.1,4.77,66.0,174.0,0.0,17.04,0.37,1.7,-,314.77,77.36,0.01,,25.0,0.8740000000000001,13.37,0.19,0.52,,
매운탕_서더리,매운탕,찌개 및 전골류,100g,30,0.63,4.02,23.0,68.0,0.11,,,0.5,,,,,,,1.588,,,0.89,0.0,
매운탕_아귀,매운탕,찌개 및 전골류,100g,43,2.32,6.85,45.0,190.0,0.66,,,1.4,,,,,,,0.44,,,0.25,0.0,
매운탕_우럭,매운탕,찌개 및 전골류,600g,68,1.87,8.69,130.0,166.0,0.0,17.3,0.59,1.3,-,597.31,209.78,0.0,,141.0,1.23,0.0,0.0,0.09,,
매운탕_조기,매운탕,찌개 및 전골류,600g,64,2.88,5.85,189.0,171.0,0.0,22.85,0.4,2.0,-,405.07,133.94,26.34,,148.0,1.834,17.75,1.71,0.1,,
매운탕_짱뚱어,매운탕,찌개 및 전골류,600g,31,2.77,1.92,55.0,89.0,0.0,12.37,0.28,1.4,-,117.57,19.64,3.35,,39.0,0.12,5.74,0.0,0.0,,
매운탕_동태_해물,매운탕,찌개 및 전골류,930ml,36,1.76,5.75,25.0,144.0,0.85,,,0.8,,,,,,12.0,0.9580000000000001,26.8,,1.0,0.49,
매운탕_메기,매운탕,찌개 및 전골류,760ml,58,7.37,3.97,20.0,153.0,0.49,,,1.0,,,,,,26.0,0.9,12.15,,1.54,0.75,
매운탕_메기_해물,매운탕,찌개 및 전골류,720ml,45,4.4,4.12,22.0,141.0,0.53,,,0.9,,,,,,30.0,0.823,14.18,,1.81,0.72,
매운탕_아귀,매운탕,찌개 및 전골류,600ml,25,2.14,3.75,13.0,96.0,0.77,,,0.9,,,,,,15.0,1.423,10.85,,0.96,0.2,
매운탕_우럭,매운탕,찌개 및 전골류,700ml,30,2.82,3.5,19.0,163.0,0.32,,,1.0,,,,,,15.0,0.455,13.79,,1.43,0.64,
매운탕_해물,매운탕,찌개 및 전골류,650ml,33,1.83,5.49,25.0,145.0,1.37,,,0.7,,,,,,9.0,0.883,26.15,,1.2,0.37,
매작과,매작과,빵 및 과자류,30g,413,66.11,7.51,33.0,107.0,0.0,23.73,0.53,2.8,-,554.73,98.63,13.97,,3.0,0.081,10.93,0.0,0.0,,
머위나물,머위나물,나물·숙채류,60ml,25,2.42,1.5,46.0,224.0,0.56,13.35,0.19,1.5,,,,,0.45,91.0,0.6869999999999999,23.56,,1.1,0.0,0.2
머위나물_소금,머위나물,나물·숙채류,44.1ml,30,3.05,2.2,83.0,404.0,0.89,18.28,0.28,2.2,,,,,0.06,171.0,1.21,42.52,,2.08,0.0,0.21
머위나물_소금,머위나물,나물·숙채류,100ml,31,3.07,2.2,84.0,403.0,0.89,18.63,0.28,2.2,,,,,0.06,171.0,1.214,42.5,,2.07,0.0,0.22
머위나물무침,머위나물무침,나물·숙채류,100g,85,2.49,1.62,53.0,130.0,0.3,,,2.0,,,,,,,1.904,,,0.13,0.0,
머위나물볶음,머위나물볶음,채소볶음류,150g,72,5.07,2.33,72.0,179.0,0.0,28.62,0.39,3.5,-,156.79,26.97,6.64,,110.0,0.9,14.51,,1.25,,
머위대나물무침,머위대나물무침,나물·숙채류,50g,58,4.76,3.96,238.0,191.0,1.58,26.88,0.52,1.5,3576.52,262.3,67.5,24.42,,10.0,0.62,23.2,0.5,2.14,0.0,
머핀_초코범벅,머핀,빵 및 과자류,175g,429,,5.71,,,,,,,,,,,,,0.0,,,,,
머핀_허쉬초코 머핀,머핀,빵 및 과자류,100g,440,51.0,7.0,,,,,,,,,,,,,0.0,,,,,
머핀_블루베리 머핀,머핀,빵 및 과자류,140g,439,,4.0,,,,,,,,,,,,,0.0,,,,,
머핀_초코 머핀,머핀,빵 및 과자류,140g,423,,5.0,,,,,,,,,,,,,0.0,,,,,
머핀_플레인 머핀,머핀,빵 및 과자류,140g,446,,4.0,,,,,,,,,,,,,0.0,,,,,
머핀_쌀휘낭시에,머핀,빵 및 과자류,30g,333,,6.67,,,,,,,,,,,,,0.0,,,,,
머핀_초코 마들렌,머핀,빵 및 과자류,35g,418,42.0,6.5,,,,,,,,,,,,,0.0,,,,,
머핀_카러멜 마들렌,머핀,빵 및 과자류,40g,394,,5.6,,,,,,,,,,,,,0.0,,,,,
머핀_게랑트쇼콜라 (L),머핀,빵 및 과자류,70g,536,62.0,4.7,,,,,,,,,,,,,0.0,,,,,
머핀_레몬 마들렌,머핀,빵 및 과자류,35g,397,42.3,5.9,,,,,,,,,,,,,0.0,,,,,
머핀_캐러멜 마들렌,머핀,빵 및 과자류,35g,394,45.1,5.6,,,,,,,,,,,,,0.0,,,,,
머핀_잉글리쉬 머핀,머핀,빵 및 과자류,120g,236,,11.67,,,,,,,,,,,,,0.0,,,,,
머핀_얼그레이 휘낭시에,머핀,빵 및 과자류,35g,527,,6.29,,,,,,,,,,,,,0.0,,,,,
머핀_헤이즐넛 휘낭시에,머핀,빵 및 과자류,35g,527,,6.29,,,,,,,,,,,,,0.0,,,,,
머핀_블루베리 머핀,머핀,빵 및 과자류,110g,394,45.45,5.45,,,,,,,,,,,,,0.0,,,,,
머핀_아이스콘 요구르트,머핀,빵 및 과자류,71g,506,8.43,11.24,,,,,,,,,,,,,0.0,,,,,
머핀_잉글리쉬 머핀,머핀,빵 및 과자류,140g,199,,9.29,,,,,,,,,,,,,0.0,,,,,
머핀_초코칩 머핀,머핀,빵 및 과자류,110g,382,49.09,6.36,,,,,,,,,,,,,0.0,,,,,
머핀_크림치즈 머핀,머핀,빵 및 과자류,110g,393,45.45,6.36,,,,,,,,,,,,,0.0,,,,,
머핀_초코범벅,머핀,빵 및 과자류,100g,429,,6.0,,,,,,,,,,,,,0.0,,,,,
머핀_치즈 머핀,머핀,빵 및 과자류,140g,401,,7.14,,,,,,,,,,,,,0.0,,,,,
머핀_머핀,머핀,빵 및 과자류,140g,343,,3.57,,,,,,,,,,,,,0.0,,,,,
머핀_마들렌,머핀,빵 및 과자류,100g,465,,6.0,,,,,,,,,,,,,0.0,,,,,
머핀_블루베리 머핀,머핀,빵 및 과자류,135g,323,,3.7,,,,,,,,,,,,,0.0,,,,,
머핀_초코칩 머핀,머핀,빵 및 과자류,120g,603,,5.0,,,,,,,,,,,,,0.0,,,,,
머핀_치즈 머핀,머핀,빵 및 과자류,150g,336,,5.33,,,,,,,,,,,,,0.0,,,,,
머핀_블루베리 머핀,머핀,빵 및 과자류,140g,408,,5.64,,,,,,,,,,,,,0.0,,,,,
머핀_초코 머핀,머핀,빵 및 과자류,140g,400,,7.86,,,,,,,,,,,,,0.0,,,,,
머핀_초코칩 머핀,머핀,빵 및 과자류,110g,376,,6.36,,,,,,,,,,,,,0.0,,,,,
머핀_치즈 머핀,머핀,빵 및 과자류,110g,373,,7.27,,,,,,,,,,,,,0.0,,,,,
머핀_휘낭시에 로투스,머핀,빵 및 과자류,43g,535,67.44,6.98,,,,,,,,,,,,,0.0,,,,,
머핀_휘낭시에 소보로,머핀,빵 및 과자류,43g,526,65.12,6.98,,,,,,,,,,,,,0.0,,,,,
머핀_휘낭시에 소시지,머핀,빵 및 과자류,43g,667,55.81,11.63,,,,,,,,,,,,,0.0,,,,,
머핀_휘낭시에 아몬드,머핀,빵 및 과자류,43g,556,58.14,9.3,,,,,,,,,,,,,0.0,,,,,
머핀_휘낭시에 약과,머핀,빵 및 과자류,43g,572,72.09,6.98,,,,,,,,,,,,,0.0,,,,,
머핀_휘낭시에 오레오,머핀,빵 및 과자류,43g,563,69.77,6.98,,,,,,,,,,,,,0.0,,,,,
머핀_휘낭시에 크림치즈,머핀,빵 및 과자류,43g,509,55.81,6.98,,,,,,,,,,,,,0.0,,,,,
머핀_휘낭시에 플레인,머핀,빵 및 과자류,43g,447,53.49,4.65,,,,,,,,,,,,,0.0,,,,,
머핀_까놀레,머핀,빵 및 과자류,45g,333,,4.44,,,,,,,,,,,,,0.0,,,,,
머핀_생미쉘시트러스마들렌,머핀,빵 및 과자류,40g,500,,5.0,,,,,,,,,,,,,0.0,,,,,
머핀_초콜릿휘낭시에 글루텐프리,머핀,빵 및 과자류,40g,575,,7.5,,,,,,,,,,,,,0.0,,,,,
머핀_휘낭시에 글루텐프리,머핀,빵 및 과자류,40g,575,,7.5,,,,,,,,,,,,,0.0,,,,,
머핀_마드렌,머핀,빵 및 과자류,16g,438,,6.25,,,,,,,,,,,,,0.0,,,,,
머핀_얼그레이 레몬 머핀,머핀,빵 및 과자류,90g,378,,5.56,,,,,,,,,,,,,0.0,,,,,
머핀_초코 바나나 머핀,머핀,빵 및 과자류,90g,356,,5.56,,,,,,,,,,,,,0.0,,,,,
머핀_피낭시에,머핀,빵 및 과자류,26g,385,,7.69,,,,,,,,,,,,,0.0,,,,,
머핀,머핀,빵 및 과자류,130g,384,59.15,5.73,44.0,99.0,0.69,14.16,0.45,1.1,5014.95,406.02,96.61,2.95,,112.0,0.5650000000000001,16.01,0.15,0.0,0.0,
메기 매운탕,메기 매운탕,찌개 및 전골류,760ml,59,7.39,4.0,19.0,153.0,0.49,12.22,0.26,1.0,,,,,0.14,26.0,0.896,12.23,,1.56,0.75,1.49
메기찜,메기찜,찜류,528.2ml,71,5.37,7.3,25.0,307.0,0.76,21.65,0.5,1.4,,,,,0.27,30.0,1.3900000000000001,23.62,,3.55,1.51,2.78
메밀국수_온면,메밀국수,면 및 만두류,350g,63,12.06,3.14,9.0,75.0,0.19,6.73,0.81,0.8,2344.55,182.38,34.65,5.86,,11.0,0.22699999999999998,9.29,0.15,0.0,0.0,
메밀묵 무침,메밀묵 무침,채소무침류,144.5ml,65,12.05,1.6,18.0,135.0,1.21,19.52,0.26,1.8,,,,,0.02,6.0,0.302,7.04,,3.97,0.0,0.29
메밀묵 무침,메밀묵 무침,채소무침류,144.5ml,65,12.05,1.6,18.0,135.0,1.21,19.52,0.26,1.8,,,,,0.02,6.0,0.302,7.04,,3.97,0.0,0.29
메밀묵국,메밀묵국,국 및 탕류,144.5ml,65,12.03,1.6,17.0,136.0,1.22,19.5,0.26,1.8,,,,,0.02,6.0,0.295,7.0,,3.97,0.0,0.29
메밀묵국,메밀묵국,국 및 탕류,62.5ml,61,11.26,1.5,17.0,126.0,1.13,18.27,0.24,1.7,,,,,0.02,6.0,0.28400000000000003,6.62,,3.69,0.0,0.27
메밀묵국,메밀묵국,국 및 탕류,62.5ml,61,11.24,1.5,16.0,127.0,1.13,18.25,0.24,1.7,,,,,0.02,6.0,0.277,6.58,,3.7,0.0,0.27
메밀묵국,메밀묵국,국 및 탕류,144.5ml,65,12.03,1.6,17.0,136.0,1.22,19.5,0.26,1.8,,,,,0.02,6.0,0.295,7.0,,3.97,0.0,0.29
메밀소바,메밀소바,면 및 만두류,400ml,86,17.96,2.49,7.0,56.0,0.32,,,0.7,,,,,,2.0,0.44499999999999995,7.04,,0.53,0.0,
메밀소바_간편조리세트_부타이 마제소바,메밀소바,면 및 만두류,914g,146,21.44,5.68,32.0,139.0,0.47,,,1.3,,,,,,,0.759,,,0.0,0.0,
메밀전,메밀전,전·적 및 부침류,180g,161,34.79,4.02,16.0,143.0,1.25,61.37,1.02,3.0,3566.08,268.24,40.97,1.67,,2.0,0.261,4.79,0.0,0.58,0.0,
메추리알 돼지고기장조림,메추리알 돼지고기장조림,조림류,80ml,131,4.62,12.5,26.0,233.0,1.31,19.21,1.41,0.3,,,,,0.06,71.0,2.17,44.8,,1.55,0.78,0.39
메추리알 돼지고기장조림,메추리알 돼지고기장조림,조림류,100ml,118,4.53,12.3,20.0,201.0,1.01,16.1,1.44,0.2,,,,,0.06,46.0,2.396,25.33,,1.31,0.74,0.34
메추리알 돼지고기장조림,메추리알 돼지고기장조림,조림류,150ml,144,5.53,15.3,23.0,251.0,1.22,19.65,1.78,0.3,,,,,0.06,59.0,3.122,29.86,,1.59,0.91,0.39
메추리알 돼지고기장조림,메추리알 돼지고기장조림,조림류,250ml,116,4.75,11.3,18.0,208.0,0.92,16.28,1.37,0.3,,,,,0.05,44.0,2.511,22.59,,1.14,0.67,0.35
메추리알 어묵조림,메추리알 어묵조림,조림류,67.2ml,156,15.39,9.3,42.0,169.0,1.37,19.18,0.78,0.6,,,,,0.17,82.0,0.919,49.05,,3.2,0.66,0.52
메추리알 어묵조림,메추리알 어묵조림,조림류,28.6ml,227,22.09,13.3,66.0,241.0,2.13,27.25,1.11,0.8,,,,,0.26,89.0,1.476,69.97,,4.59,0.95,0.74
메추리알 어묵조림,메추리알 어묵조림,조림류,67.2ml,156,15.39,9.3,42.0,169.0,1.37,19.18,0.78,0.6,,,,,0.17,82.0,0.919,49.05,,3.2,0.66,0.52
메추리알장조림_꽈리고추,메추리알장조림,조림류,75ml,96,5.61,6.6,33.0,107.0,1.39,11.02,0.87,0.4,,,,,0.05,96.0,0.5529999999999999,51.85,,4.17,1.05,0.43
메추리알장조림,메추리알장조림,조림류,61.5ml,151,8.89,11.3,51.0,217.0,2.2,20.2,1.45,0.4,,,,,0.07,147.0,1.129,88.05,,0.56,1.34,0.63
메추리알장조림,메추리알장조림,조림류,61.5ml,151,8.89,11.3,51.0,217.0,2.2,20.2,1.45,0.4,,,,,0.07,147.0,1.129,88.05,,0.56,1.34,0.63
메추리알장조림,메추리알장조림,조림류,66.6ml,152,8.99,11.3,51.0,217.0,2.2,20.22,1.45,0.4,,,,,0.07,147.0,1.1309999999999998,88.01,,0.56,1.34,0.63
멕시컨샐러드,멕시컨샐러드,샐러드류,200ml,96,7.11,3.7,16.0,153.0,0.44,9.01,0.38,1.0,,,,,0.37,82.0,1.119,15.46,,7.47,0.23,0.82
멕시컨샐러드,멕시컨샐러드,샐러드류,85.8ml,93,3.2,4.6,24.0,176.0,0.38,11.76,0.41,0.8,,,,,0.28,47.0,0.931,11.71,,12.73,0.07,0.61
멕시컨샐러드,멕시컨샐러드,샐러드류,166.1ml,118,4.03,5.8,30.0,222.0,0.48,14.83,0.52,1.1,,,,,0.35,59.0,1.173,14.81,,16.04,0.09,0.77
멘보샤_멘보샤_통새우 멘보샤 (5개),멘보샤,튀김류,100g,284,,8.65,,,,,,,,,,,,,0.0,,,,,
멘보샤,멘보샤,튀김류,100g,289,13.22,10.52,30.0,59.0,0.4,,,2.1,,,,,,,2.4,,,0.87,0.0,
멘보샤_텃만꿍멘보샤 (4개),멘보샤,튀김류,100g,228,22.7,8.3,,,,,,,,,,,,,0.0,,,,,
멸치 미역국,멸치 미역국,국 및 탕류,320ml,9,0.71,1.1,39.0,88.0,0.28,16.49,0.12,0.4,,,,,0.03,3.0,0.10400000000000001,7.34,,0.29,0.02,0.03
멸치볶음,멸치볶음,볶음류,50g,276,13.62,39.44,1051.0,598.0,9.66,299.38,4.3,10.1,31115.88,2634.8,981.32,232.86,,31.0,12.24,71.4,10.94,3.6,2.02,
멸치볶음_견과류,멸치볶음,볶음류,50g,414,18.36,30.4,841.0,601.0,10.42,309.12,3.56,9.8,26934.9,2257.4,511.64,133.94,,1.0,13.34,63.78,12.24,5.32,0.0,
멸치볶음_꽈리고추,멸치볶음,볶음류,50g,253,7.96,23.62,551.0,453.0,8.86,143.96,2.02,6.0,15250.22,1272.06,371.26,114.86,,14.0,9.3,31.74,9.16,0.0,0.0,
멸치볶음_마늘쫑,멸치볶음,볶음류,50g,277,12.42,32.4,1215.0,600.0,10.84,287.4,3.26,8.7,26320.08,2275.76,700.52,218.6,,29.0,19.900000000000002,64.22,18.98,4.8,0.0,
멸치볶음_풋고추,멸치볶음,볶음류,50g,190,13.3,20.62,500.0,433.0,5.24,164.72,1.72,4.8,17065.02,1324.94,437.14,109.48,,21.0,2.08,43.18,0.0,3.58,1.0,
멸치볶음_풋고추,멸치볶음,볶음류,20g,262,17.03,23.25,561.0,407.0,0.04,0.0,0.0,2.2,-,0.0,0.0,0.0,,37.0,6.856999999999999,0.0,0.0,0.0,,
멸치볶음,멸치볶음,볶음류,80ml,114,5.15,14.9,718.0,250.0,3.56,90.1,1.42,0.2,,,,,0.51,6.0,0.872,35.99,,0.06,1.14,0.4
멸치볶음_견과류,멸치볶음,볶음류,15ml,172,7.45,13.0,477.0,243.0,2.71,85.5,1.45,1.1,,,,,1.07,0.0,1.3559999999999999,46.82,,0.36,0.83,1.09
멸치볶음_꽈리고추,멸치볶음,볶음류,90ml,79,5.59,8.03,369.0,205.0,1.97,,,1.0,,,,,,14.0,0.793,42.57,,13.72,0.6,
멸치볶음,멸치볶음,볶음류,80ml,114,5.15,14.9,718.0,250.0,3.56,90.1,1.42,0.2,,,,,0.51,6.0,0.872,35.99,,0.06,1.14,0.4
멸치볶음_견과류,멸치볶음,볶음류,15ml,172,7.45,13.0,477.0,243.0,2.71,85.5,1.45,1.1,,,,,1.07,0.0,1.3559999999999999,46.82,,0.36,0.83,1.09
멸치볶음_견과류,멸치볶음,볶음류,15ml,172,7.45,13.0,477.0,243.0,2.71,85.5,1.45,1.1,,,,,1.07,0.0,1.3559999999999999,46.82,,0.36,0.83,1.09
멸치볶음,멸치볶음,볶음류,80ml,114,5.15,14.9,718.0,250.0,3.56,90.1,1.42,0.2,,,,,0.51,6.0,0.872,35.99,,0.06,1.14,0.4
멸치볶음_견과류,멸치볶음,볶음류,15ml,171,7.46,13.0,477.0,246.0,2.65,85.5,1.45,1.1,,,,,1.07,0.0,1.353,46.82,,0.36,0.83,1.09
멸치볶음(멸치만),멸치볶음(멸치만),볶음류,80ml,114,5.15,14.9,718.0,250.0,3.56,,,0.2,,,,,,6.0,0.872,35.99,,0.06,1.15,
멸치젓_양념,멸치젓,젓갈류,5g,90,7.4,11.4,543.0,364.0,2.2,185.8,1.4,2.6,10008,832.4,268.2,33.4,,54.0,3.6,27.6,3.4,2.4,0.0,
멸치조림,멸치조림,조림류,100g,318,8.93,40.92,1578.0,743.0,15.77,311.41,4.29,12.1,37694.61,2946.76,1092.18,103.79,,5.0,16.84,58.09,15.87,4.53,0.0,
멸치조림,멸치조림,조림류,60ml,150,6.5,15.0,212.0,209.0,0.43,117.96,1.69,0.1,,,,,1.18,0.0,1.128,37.57,,0.1,5.74,0.5
멸치조림,멸치조림,조림류,60ml,150,6.5,15.0,212.0,207.0,0.43,117.96,1.69,0.1,,,,,0.78,0.0,1.129,37.57,,0.14,5.74,0.5
멸치조림,멸치조림,조림류,60ml,150,6.5,15.0,212.0,209.0,0.43,117.96,1.69,0.1,,,,,1.18,0.0,1.128,37.57,,0.1,5.74,0.5
멸치조림,멸치조림,조림류,60ml,150,6.5,15.0,212.0,207.0,0.43,117.96,1.69,0.1,,,,,0.78,0.0,1.129,37.57,,0.14,5.74,0.5
명란젓_양념,명란젓,젓갈류,100g,147,3.98,17.96,83.0,199.0,0.82,,,1.1,,,,,,,51.623,,,84.51,0.0,
명란찌개,명란찌개,찌개 및 전골류,263.3ml,27,2.74,3.1,10.0,79.0,0.28,8.89,0.23,0.7,,,,,0.1,25.0,1.516,18.61,,1.69,1.67,1.34
명란찜,명란찜,찜류,125.2ml,61,3.1,7.1,30.0,228.0,0.64,18.49,1.0,0.6,,,,,0.33,21.0,3.245,28.47,,2.7,0.54,2.33
명태 매운탕,명태 매운탕,찌개 및 전골류,625ml,49,3.15,7.1,48.0,197.0,0.85,25.17,0.45,1.5,,,,,0.14,20.0,1.077,13.68,,2.51,0.14,0.78
모닝빵_바로만든모닝빵 (10입),모닝빵,빵 및 과자류,270g,329,,10.0,,,,,,,,,,,,,0.0,,,,,
모닝빵_야채모닝롤 (8입),모닝빵,빵 및 과자류,240g,366,,11.0,,,,,,,,,,,,,0.0,,,,,
모닝빵_순수한맛순우유롤 (봉),모닝빵,빵 및 과자류,184g,323,,9.24,,,,,,,,,,,,,0.0,,,,,
모닝빵_연유퐁당밀크 브레드 (소),모닝빵,빵 및 과자류,125g,436,,7.2,,,,,,,,,,,,,0.0,,,,,
모닝빵_폭신폭신우유 브레드,모닝빵,빵 및 과자류,170g,291,,8.82,,,,,,,,,,,,,0.0,,,,,
모닝빵_한겹한겹촉촉한밀크 브레드,모닝빵,빵 및 과자류,128g,348,,7.81,,,,,,,,,,,,,0.0,,,,,
모닝빵_굿모닝브리오슈,모닝빵,빵 및 과자류,180g,345,,9.1,,,,,,,,,,,,,0.0,,,,,
모닝빵_부드러운연유브레드,모닝빵,빵 및 과자류,320g,390,,7.0,,,,,,,,,,,,,0.0,,,,,
모닝빵_스위트밀크롤 (1개입),모닝빵,빵 및 과자류,22g,386,50.0,9.09,,,,,,,,,,,,,0.0,,,,,
모닝빵_스위트밀크롤 (2개입),모닝빵,빵 및 과자류,44g,386,50.0,9.09,,,,,,,,,,,,,0.0,,,,,
모닝빵_스위트밀크롤 (3개입),모닝빵,빵 및 과자류,66g,386,50.0,9.09,,,,,,,,,,,,,0.0,,,,,
모닝빵_스위트밀크롤 (4개입),모닝빵,빵 및 과자류,88g,381,48.86,9.09,,,,,,,,,,,,,0.0,,,,,
모닝빵_스위트밀크롤 (5개입),모닝빵,빵 및 과자류,110g,382,49.09,9.09,,,,,,,,,,,,,0.0,,,,,
모닝빵_스위트밀크롤 (6개입),모닝빵,빵 및 과자류,132g,383,49.24,8.33,,,,,,,,,,,,,0.0,,,,,
모닝빵_진한초코브레드,모닝빵,빵 및 과자류,137g,383,,7.3,,,,,,,,,,,,,0.0,,,,,
모닝빵_혼자서도즐기는연유브레드,모닝빵,빵 및 과자류,128g,391,,7.03,,,,,,,,,,,,,0.0,,,,,
모닝빵_우유듬뿍연유브레드,모닝빵,빵 및 과자류,187g,396,57.75,6.95,,,,,,,,,,,,,0.0,,,,,
모닝빵_우유듬뿍연유브레드 (대),모닝빵,빵 및 과자류,280g,396,57.5,6.79,,,,,,,,,,,,,0.0,,,,,
모닝빵_초코아몬드브레드,모닝빵,빵 및 과자류,129g,372,48.84,8.53,,,,,,,,,,,,,0.0,,,,,
모닝빵,모닝빵,빵 및 과자류,70g,314,52.17,9.5,30.0,115.0,0.56,21.9,0.91,2.4,9050.81,760.8,152.21,35.16,,48.0,1.283,41.79,0.24,0.0,0.0,
모듬 김밥,모듬 김밥,밥류,400ml,113,17.49,4.2,24.0,91.0,0.38,12.51,0.6,1.3,,,,,0.11,38.0,0.737,20.89,,3.98,0.24,0.45
모듬 초밥,모듬 초밥,밥류,245ml,189,28.65,10.0,35.0,129.0,1.09,25.22,1.13,0.7,,,,,0.46,103.0,1.5939999999999999,17.45,,0.68,2.53,1.55
모듬 초밥,모듬 초밥,밥류,245ml,188,28.9,9.8,36.0,156.0,1.46,25.22,1.13,0.4,,,,,0.46,103.0,1.683,16.23,,0.68,2.53,1.29
모듬 콩조림,모듬 콩조림,조림류,15ml,181,15.38,11.1,48.0,465.0,1.63,71.11,1.28,5.5,,,,,0.26,1.0,2.04,100.32,,1.11,0.0,1.6
모듬배추나물_된장,모듬배추나물,나물·숙채류,120ml,33,4.32,1.7,90.0,186.0,0.48,21.65,0.35,2.2,,,,,0.06,59.0,0.541,35.54,,13.59,0.0,0.36
모듬배추나물_된장,모듬배추나물,나물·숙채류,50ml,31,3.69,1.7,107.0,147.0,0.43,25.09,0.36,2.1,,,,,0.11,67.0,0.5249999999999999,30.07,,12.63,0.0,0.32
모듬배추나물_된장,모듬배추나물,나물·숙채류,50ml,31,3.69,1.7,107.0,147.0,0.43,25.09,0.36,2.1,,,,,0.11,67.0,0.5249999999999999,30.07,,12.63,0.0,0.32
모듬배추나물_된장,모듬배추나물,나물·숙채류,120ml,33,4.32,1.7,90.0,186.0,0.48,21.65,0.35,2.2,,,,,0.06,59.0,0.541,35.54,,13.59,0.0,0.36
모듬버섯볶음,모듬버섯볶음,채소볶음류,100ml,69,6.82,3.0,13.0,257.0,0.61,14.3,0.75,2.6,,,,,0.23,23.0,3.043,40.14,,3.99,0.0,0.45
모듬버섯볶음,모듬버섯볶음,채소볶음류,100ml,69,6.82,3.0,13.0,257.0,0.61,14.3,0.75,2.6,,,,,0.23,23.0,3.043,40.14,,3.99,0.0,0.45
모듬버섯볶음,모듬버섯볶음,채소볶음류,100ml,69,6.82,3.0,13.0,257.0,0.61,14.3,0.75,2.6,,,,,0.23,23.0,3.043,40.14,,3.99,0.0,0.45
모듬버섯볶음,모듬버섯볶음,채소볶음류,100ml,69,6.82,3.0,13.0,257.0,0.61,14.3,0.75,2.6,,,,,0.23,23.0,3.043,40.14,,3.99,0.0,0.45
모듬찰떡,모듬찰떡,빵 및 과자류,100g,218,42.27,6.78,19.0,191.0,0.75,36.22,1.01,3.8,6322.76,537.66,88.84,9.91,,1.0,0.17,33.99,0.0,1.85,0.0,
모듬찰떡,모듬찰떡,빵 및 과자류,,233,42.59,6.31,24.0,182.0,0.66,,,4.3,,,,,,2.0,0.636,,,0.0,0.0,
모듬채소전,모듬채소전,전·적 및 부침류,110ml,154,21.32,3.4,16.0,113.0,0.64,12.6,0.25,1.6,,,,,0.36,30.0,0.388,16.92,,2.71,0.03,0.72
모듬채소전골,모듬채소전골,찌개 및 전골류,450ml,20,2.1,1.8,11.0,85.0,0.29,14.46,0.27,0.9,,,,,0.04,12.0,0.32,7.04,,2.54,0.0,0.09
모듬회,모듬회,수·조·어·육류,150ml,133,5.15,22.5,42.0,327.0,1.09,35.05,0.7,0.3,,,,,0.51,18.0,5.22,13.81,,0.87,8.17,1.1
모밀국수,모밀국수,면 및 만두류,400ml,86,17.96,2.5,7.0,58.0,0.29,9.6,0.16,0.7,,,,,0.01,2.0,0.543,7.04,,0.53,0.0,0.07
모밀국수,모밀국수,면 및 만두류,228.1ml,126,25.31,4.8,15.0,121.0,0.99,30.82,0.61,1.8,,,,,0.01,7.0,0.744,15.14,,1.91,0.0,0.03
모밀국수,모밀국수,면 및 만두류,228.1ml,126,25.31,4.8,15.0,121.0,0.99,30.82,0.61,1.8,,,,,0.01,7.0,0.744,15.14,,1.91,0.0,0.03
모밀국수,모밀국수,면 및 만두류,340ml,154,31.06,6.0,16.0,140.0,1.22,37.77,0.73,2.2,,,,,0.01,8.0,0.938,16.84,,2.18,0.0,0.03
모싯잎송편_동부,모싯잎송편,빵 및 과자류,100g,190,40.29,5.65,88.0,142.0,0.99,,,4.0,,,,,,47.0,0.517,,,0.09,0.0,
모싯잎송편_동부(국내산),모싯잎송편,빵 및 과자류,100g,190,40.68,5.28,91.0,139.0,0.88,,,4.2,,,,,,57.0,0.49900000000000005,,,0.0,0.0,
모싯잎송편_동부(수입산),모싯잎송편,빵 및 과자류,100g,190,39.9,6.03,85.0,145.0,1.1,,,3.9,,,,,,37.0,0.532,,,0.19,0.0,
모자반무침,모자반무침,채소무침류,100ml,19,4.36,1.29,91.0,81.0,0.96,,,2.7,,,,,,7.0,0.241,33.61,,1.66,0.0,
모카빵,모카빵,빵 및 과자류,150g,339,57.96,8.55,89.0,173.0,0.97,23.51,0.56,3.6,7566.83,619.04,39.15,16.17,,34.0,0.767,33.49,0.14,0.97,0.0,
몸국,몸국,국 및 탕류,650ml,22,1.54,2.9,25.0,73.0,0.31,12.71,0.23,1.0,,,,,0.01,5.0,0.522,8.76,,0.89,0.03,0.22
무 된장국,무 된장국,된장국류,280ml,15,2.03,1.0,13.0,88.0,0.19,6.6,0.17,0.7,,,,,0.04,5.0,0.174,11.68,,2.17,0.03,0.06
무 된장국,무 된장국,된장국류,198.2ml,18,2.11,1.6,37.0,107.0,0.33,8.74,0.25,0.8,,,,,0.05,2.0,0.199,13.24,,1.99,0.01,0.11
무 된장국,무 된장국,된장국류,198.2ml,18,2.11,1.6,37.0,107.0,0.33,8.74,0.25,0.8,,,,,0.05,2.0,0.199,13.24,,1.99,0.01,0.11
무 된장국,무 된장국,된장국류,320ml,19,2.14,1.6,36.0,107.0,0.33,8.71,0.25,0.8,,,,,0.05,3.0,0.202,13.27,,1.98,0.01,0.11
무 북어국,무 북어국,국 및 탕류,300ml,27,1.05,4.1,20.0,98.0,0.37,10.02,0.25,0.3,,,,,0.07,6.0,0.457,10.06,,1.34,0.14,0.25
무 북어국,무 북어국,국 및 탕류,300ml,27,1.05,4.1,20.0,98.0,0.37,10.02,0.25,0.3,,,,,0.07,6.0,0.457,10.06,,1.34,0.14,0.25
무 북어국,무 북어국,국 및 탕류,210ml,18,0.95,2.4,14.0,99.0,0.16,7.41,0.15,0.3,,,,,0.07,3.0,0.41600000000000004,6.83,,1.29,0.08,0.09
무 북어국,무 북어국,국 및 탕류,300ml,27,1.05,4.1,20.0,98.0,0.37,10.02,0.25,0.3,,,,,0.07,6.0,0.457,10.06,,1.34,0.14,0.25
무 어묵조림,무 어묵조림,조림류,65.7ml,112,14.92,6.3,36.0,211.0,0.46,15.8,0.37,0.8,,,,,0.27,13.0,0.508,21.8,,4.25,0.0,0.26
무 어묵조림,무 어묵조림,조림류,107.8ml,109,14.58,6.3,39.0,216.0,0.45,15.99,0.38,0.6,,,,,0.27,12.0,0.43600000000000005,22.1,,3.51,0.0,0.26
무 파래무침,무 파래무침,채소무침류,130ml,23,4.86,1.1,26.0,146.0,1.22,18.21,0.21,1.2,,,,,0.02,6.0,0.32699999999999996,20.68,,12.58,0.0,0.2
무국_소고기,무국,국 및 탕류,400g,15,1.1,1.33,6.0,103.0,0.11,3.83,0.2,0.7,1119.44,105.8,14.94,2.29,,0.0,1.0150000000000001,3.23,0.12,0.0,0.0,
무국_홍합,무국,국 및 탕류,350g,25,0.86,0.79,17.0,113.0,0.22,5.57,0.17,0.8,707.12,53.6,11.35,4.75,,6.0,1.592,15.67,0.4,1.69,0.0,
무국_소고기,무국,국 및 탕류,400g,31,1.95,3.55,15.0,84.0,0.0,10.72,0.76,0.8,-,255.65,65.11,6.81,,1.0,0.821,8.0,0.45,0.0,,
무국,무국,국 및 탕류,320ml,7,1.2,0.3,8.0,96.0,0.09,6.45,0.09,0.4,,,,,0.01,0.0,0.274,9.47,,1.68,0.0,0.01
무국_들깨,무국,국 및 탕류,270ml,15,1.63,0.6,13.0,90.0,0.22,8.03,0.18,0.6,,,,,0.39,0.0,0.414,9.4,,1.92,0.0,0.07
무국_소고기,무국,국 및 탕류,300ml,24,1.33,1.7,8.0,90.0,0.22,5.96,0.47,0.3,,,,,0.01,1.0,0.268,9.1,,2.22,0.0,0.02
무국_소고기_콩나물,무국,국 및 탕류,300ml,36,2.16,2.9,11.0,129.0,0.43,10.15,0.71,0.8,,,,,0.02,8.0,0.5,12.41,,2.04,0.0,0.31
무국_소고기_느타리,무국,국 및 탕류,233.2ml,32,1.85,1.7,6.0,107.0,0.31,5.18,0.52,0.7,,,,,0.01,5.0,0.765,13.49,,1.91,0.0,0.11
무국_어묵,무국,국 및 탕류,320ml,21,2.53,1.9,43.0,94.0,0.28,8.11,0.22,0.2,,,,,0.05,2.0,0.081,10.29,,1.85,0.02,0.02
무국_들깨,무국,국 및 탕류,190ml,14,1.37,0.6,12.0,82.0,0.2,7.66,0.15,0.6,,,,,0.41,0.0,0.401,7.38,,1.44,0.0,0.07
무국_소고기,무국,국 및 탕류,170.6ml,26,0.99,1.9,8.0,108.0,0.24,8.5,0.49,0.4,,,,,0.0,2.0,0.304,9.83,,1.28,0.0,0.02
무국_소고기_콩나물,무국,국 및 탕류,300ml,36,2.16,2.9,11.0,129.0,0.43,10.15,0.71,0.8,,,,,0.02,8.0,0.5,12.41,,2.04,0.0,0.31
무국_소고기_당면,무국,국 및 탕류,168.7ml,45,5.36,1.9,10.0,66.0,0.47,5.44,0.52,0.2,,,,,0.0,1.0,0.291,4.72,,0.97,0.0,0.02
무국_어묵,무국,국 및 탕류,227.6ml,22,2.62,1.9,42.0,94.0,0.29,8.1,0.22,0.4,,,,,0.05,2.0,0.109,10.22,,2.16,0.02,0.02
무국_들깨,무국,국 및 탕류,190ml,15,1.6,0.7,14.0,108.0,0.24,9.54,0.17,0.7,,,,,0.42,1.0,0.636,8.44,,1.72,0.0,0.08
무국_소고기,무국,국 및 탕류,170.6ml,26,0.99,1.9,8.0,108.0,0.24,8.5,0.49,0.4,,,,,0.0,2.0,0.304,9.83,,1.28,0.0,0.02
무국_소고기_두부,무국,국 및 탕류,200ml,27,0.92,2.0,5.0,71.0,0.25,5.14,0.51,0.3,,,,,0.01,2.0,0.3,5.66,,1.45,0.0,0.03
무국_어묵,무국,국 및 탕류,227.6ml,22,2.62,1.9,42.0,94.0,0.29,8.1,0.22,0.4,,,,,0.05,2.0,0.109,10.22,,2.16,0.02,0.02
무국,무국,국 및 탕류,320ml,7,1.28,0.26,8.0,95.0,0.09,,,0.4,,,,,,0.0,0.285,9.47,,1.7,0.0,
무국_들깨,무국,국 및 탕류,270ml,15,1.63,0.6,13.0,90.0,0.22,8.03,0.18,0.6,,,,,0.39,0.0,0.414,9.4,,1.92,0.0,0.07
무국_소고기,무국,국 및 탕류,270ml,39,1.95,2.6,8.0,105.0,0.35,6.62,0.67,0.4,,,,,0.01,2.0,0.393,8.93,,2.2,0.0,0.04
무국_소고기_콩나물,무국,국 및 탕류,300ml,36,2.16,2.9,11.0,129.0,0.43,10.15,0.71,0.8,,,,,0.02,8.0,0.5,12.41,,2.04,0.0,0.31
무국_어묵,무국,국 및 탕류,320ml,22,2.62,1.9,42.0,94.0,0.29,8.08,0.22,0.4,,,,,0.05,2.0,0.109,10.21,,2.16,0.02,0.02
무국물,무국물,국 및 탕류,,3,0.55,0.16,2.0,16.0,0.09,,,0.0,,,,,,0.0,0.0,,,0.76,0.0,
무나물,무나물,나물·숙채류,60ml,28,3.86,0.7,22.0,225.0,0.21,8.94,0.38,1.0,,,,,0.41,0.0,0.27,28.56,,7.26,0.0,0.08
무나물,무나물,나물·숙채류,53.3ml,36,3.77,0.7,23.0,213.0,0.22,9.04,0.37,1.0,,,,,0.02,1.0,0.264,26.94,,6.7,0.0,0.12
무나물,무나물,나물·숙채류,53.3ml,36,3.77,0.7,23.0,213.0,0.22,9.04,0.37,1.0,,,,,0.02,1.0,0.264,26.94,,6.7,0.0,0.12
무나물,무나물,나물·숙채류,70ml,19,1.78,0.3,10.0,101.0,0.08,3.95,0.17,0.5,,,,,0.06,0.0,0.121,12.89,,3.25,0.0,0.1
무나물무침,무나물무침,나물·숙채류,50g,21,3.64,0.62,25.0,188.0,0.06,9.5,0.18,1.6,497.86,0.0,0.0,1.04,,0.0,0.22,15.24,0.0,0.24,0.0,
무말랭이무침,무말랭이무침,채소무침류,20g,121,22.5,4.2,276.0,405.0,12.7,53.3,2.85,9.1,2593.5,222.85,11.5,5.6,,35.0,0.2,31.2,0.0,4.7,0.0,
무말랭이무침,무말랭이무침,채소무침류,100g,131,29.24,2.25,87.0,266.0,1.83,,,7.6,,,,,,103.0,1.82,,,0.0,0.0,
무말랭이무침,무말랭이무침,채소무침류,100g,131,27.77,3.08,103.0,373.0,1.55,,,6.4,,,,,,,0.757,,,0.2,0.0,
무말랭이무침,무말랭이무침,채소무침류,85ml,88,16.82,3.3,64.0,596.0,1.14,37.72,0.58,5.8,,,,,0.04,33.0,1.099,17.26,,9.97,0.0,1.04
무말랭이무침_오징어,무말랭이무침,채소무침류,100ml,150,21.07,10.0,98.0,763.0,1.49,56.48,1.11,6.5,,,,,0.41,24.0,1.828,16.74,,12.39,2.24,0.83
무말랭이무침,무말랭이무침,채소무침류,34.6ml,124,24.6,2.8,61.0,528.0,1.0,33.41,0.52,5.1,,,,,0.03,27.0,0.888,14.21,,9.09,0.0,0.65
무말랭이무침,무말랭이무침,채소무침류,80ml,61,12.3,2.0,43.0,360.0,0.73,,,3.5,,,,,,25.0,0.7170000000000001,10.98,,5.88,0.0,
무말랭이무침_오징어,무말랭이무침,채소무침류,44.2ml,150,21.13,10.0,98.0,769.0,1.5,56.69,1.11,6.6,,,,,0.41,25.0,1.83,16.75,,12.47,2.23,0.85
무말랭이무침,무말랭이무침,채소무침류,85ml,88,16.82,3.3,64.0,596.0,1.14,37.72,0.58,5.8,,,,,0.04,33.0,1.099,17.26,,9.97,0.0,1.04
무말랭이장아찌,무말랭이장아찌,장아찌·절임류,94.2ml,117,18.34,4.1,97.0,730.0,1.41,48.67,0.74,6.8,,,,,0.03,7.0,1.1520000000000001,21.2,,13.28,0.0,0.47
무밥,무밥,밥류,246.2ml,177,36.68,3.7,13.0,141.0,0.28,19.68,1.0,1.3,,,,,0.11,0.0,0.747,19.04,,2.57,0.0,0.22
무생채,무생채,채소무침류,150g,49,7.33,2.43,102.0,259.0,0.53,52.13,0.41,4.9,2083.49,133.43,0.0,17.94,,11.0,0.7799999999999999,13.29,0.08,0.55,0.0,
무생채_굴,무생채,채소무침류,300g,50,5.92,3.68,30.0,231.0,1.21,34.49,2.54,2.6,3107.32,192.9,38.6,24.81,,49.0,4.477,21.51,3.99,33.28,0.0,
무생채_굴,무생채,채소무침류,100ml,40,6.17,2.8,33.0,176.0,0.96,18.28,3.45,1.1,,,,,0.16,15.0,1.314,23.84,,3.65,0.0,0.57
무생채_미나리,무생채,채소무침류,85ml,46,8.53,1.4,31.0,347.0,0.4,16.06,0.53,2.5,,,,,0.03,23.0,0.7130000000000001,36.98,,8.25,0.0,0.96
무생채,무생채,채소무침류,40ml,40,8.15,1.1,27.0,259.0,0.31,12.82,0.41,1.7,,,,,0.02,13.0,0.508,28.92,,6.8,0.0,0.56
무생채_식초,무생채,채소무침류,40ml,40,8.15,1.09,27.0,259.0,0.32,,,1.7,,,,,,13.0,0.509,28.96,,6.8,0.0,
무생채_액젓,무생채,채소무침류,40ml,38,7.08,1.3,28.0,275.0,0.32,15.93,0.43,1.9,,,,,0.02,14.0,0.574,29.93,,6.7,0.0,0.66
무생채,무생채,채소무침류,70ml,32,6.38,0.9,21.0,234.0,0.27,11.44,0.35,1.7,,,,,0.02,15.0,0.497,24.12,,5.41,0.0,0.69
무생채_식초,무생채,채소무침류,50ml,42,8.18,1.18,26.0,285.0,0.36,,,2.1,,,,,,19.0,0.606,30.05,,6.91,0.0,
무생채_미역,무생채,채소무침류,42ml,34,7.57,1.2,54.0,158.0,0.4,23.71,0.31,1.7,,,,,0.01,38.0,0.566,25.73,,8.49,0.0,0.2
무생채_액젓,무생채,채소무침류,50ml,42,8.18,1.2,26.0,285.0,0.36,13.56,0.44,2.1,,,,,0.08,19.0,0.606,29.99,,6.91,0.0,0.83
무생채,무생채,채소무침류,120ml,35,6.59,1.0,24.0,256.0,0.29,11.89,0.4,1.8,,,,,0.02,15.0,0.526,27.54,,6.27,0.0,0.68
무생채_굴,무생채,채소무침류,100ml,41,6.51,2.6,99.0,237.0,1.96,18.15,3.44,1.3,,,,,0.04,13.0,0.441,23.62,,3.72,0.0,0.57
무생채_식초,무생채,채소무침류,120ml,35,6.59,1.01,24.0,256.0,0.29,,,1.8,,,,,,15.0,0.526,27.54,,6.27,0.0,
무생채_미나리,무생채,채소무침류,85ml,46,8.53,1.4,31.0,347.0,0.4,16.06,0.53,2.5,,,,,0.03,23.0,0.7130000000000001,36.98,,8.25,0.0,0.96
무생채(무만),무생채(무만),채소무침류,120ml,30,5.77,1.03,22.0,253.0,0.32,,,1.8,,,,,,18.0,0.536,26.86,,6.0,0.0,
무숙장아찌,무숙장아찌,장아찌·절임류,94ml,93,4.78,3.7,26.0,207.0,0.66,16.12,1.01,1.0,,,,,0.03,13.0,0.729,21.84,,3.94,0.0,0.16
무장아찌,무장아찌,장아찌·절임류,30g,80,16.76,1.47,28.0,185.0,0.01,0.0,0.0,2.4,-,0.0,0.0,0.0,,2.0,3.1350000000000002,0.0,0.0,17.85,,
무장아찌,무장아찌,장아찌·절임류,15.7ml,116,14.25,2.5,59.0,449.0,0.96,28.41,0.8,2.4,,,,,0.05,20.0,0.7989999999999999,50.64,,8.76,0.0,1.21
무조림,무조림,조림류,150g,48,4.29,2.26,22.0,446.0,0.53,26.24,0.31,2.1,1653.87,107.47,10.66,8.66,,9.0,0.3,30.87,0.0,1.25,0.0,
무조림,무조림,조림류,79.3ml,47,8.57,2.4,35.0,372.0,0.58,23.73,0.63,2.2,,,,,0.02,17.0,0.994,38.65,,7.86,0.0,0.72
무조림,무조림,조림류,65.8ml,48,8.69,2.6,42.0,423.0,0.63,26.18,0.7,2.0,,,,,0.02,17.0,0.9239999999999999,43.2,,7.22,0.0,0.78
무조림,무조림,조림류,65.8ml,48,8.69,2.6,42.0,423.0,0.63,26.18,0.7,2.0,,,,,0.02,17.0,0.9239999999999999,43.2,,7.22,0.0,0.78
무조림,무조림,조림류,79.3ml,47,8.57,2.4,35.0,372.0,0.58,23.73,0.63,2.2,,,,,0.02,17.0,0.994,38.65,,7.86,0.0,0.72
무지개떡,무지개떡,빵 및 과자류,100g,229,53.01,3.53,10.0,32.0,0.0,0.0,0.0,0.2,-,0.0,0.0,0.0,,1.0,0.382,0.0,0.0,0.1,,
무짠지,무짠지,장아찌·절임류,50g,11,1.98,0.54,19.0,137.0,0.24,13.84,0.14,2.6,295.82,16.1,2.28,2.18,,0.0,0.06,5.0,0.0,0.0,0.0,
무청나물,무청나물,나물·숙채류,100ml,80,6.04,2.8,251.0,316.0,8.2,16.5,0.33,3.2,,,,,0.41,10.0,0.996,48.04,,50.64,0.0,0.73
무초절임(치킨무),무초절임(치킨무),장아찌·절임류,130g,17,3.05,0.52,17.0,94.0,0.14,6.32,0.11,1.5,1359.75,37.73,1.66,2.81,,0.0,0.0,8.56,0.0,0.0,0.0,
묵국_메밀묵,묵국,국 및 탕류,400g,22,3.57,1.0,10.0,76.0,0.26,9.06,0.16,0.8,673.53,54.26,10.23,1.43,,3.0,0.356,8.16,0.13,0.0,0.0,
묵말이_도토리묵,묵말이,국 및 탕류,1300g,36,6.9,0.52,13.0,40.0,0.0,6.06,0.09,1.1,-,21.01,3.88,2.81,,4.0,0.006,4.47,0.0,0.0,,
묵무침_도토리묵,묵무침,채소무침류,200g,74,10.92,0.93,17.0,99.0,0.29,12.05,0.13,2.0,683.07,50.38,5.56,2.88,,12.0,0.8300000000000001,10.85,0.0,0.55,0.0,
묵무침_도토리묵,묵무침,채소무침류,100g,46,10.38,0.29,13.0,34.0,0.0,4.25,0.07,0.9,-,21.61,4.37,0.0,,0.0,0.039,0.0,0.0,0.0,,
묵무침_청포묵,묵무침,채소무침류,250g,60,9.08,1.16,13.0,50.0,0.0,7.39,0.14,1.6,-,64.3,15.41,7.59,,16.0,0.04,10.48,,1.09,,
묵밥,묵밥,밥류,950g,68,13.54,1.56,11.0,60.0,0.0,15.69,0.32,1.0,-,109.52,28.02,2.67,,6.0,0.074,5.19,0.0,0.0,,
묵밥,묵밥,밥류,600ml,70,12.99,2.6,12.0,62.0,0.69,9.14,0.38,1.1,,,,,0.02,7.0,0.39799999999999996,12.01,,1.02,0.0,0.16
묵밥,묵밥,밥류,600ml,69,13.05,2.6,11.0,57.0,0.89,9.47,0.38,1.1,,,,,0.0,9.0,0.437,12.61,,1.27,0.0,0.13
묵밥,묵밥,밥류,600ml,70,12.99,2.6,12.0,62.0,0.69,9.14,0.38,1.1,,,,,0.02,7.0,0.39799999999999996,12.01,,1.02,0.0,0.16
문어무침,문어무침,무침류,130.5ml,63,4.91,7.2,23.0,281.0,0.47,32.41,0.89,1.4,,,,,0.07,21.0,1.234,21.38,,4.5,0.0,1.17
문어무침,문어무침,무침류,51.9ml,70,5.34,8.0,26.0,310.0,0.52,35.9,0.99,1.5,,,,,0.07,22.0,1.363,23.58,,5.01,0.0,1.28
문어볶음_고추장,문어볶음,볶음류,200g,88,8.62,10.97,18.0,253.0,0.29,42.65,1.11,1.4,10400.72,731.25,226.85,27.32,,35.0,0.8699999999999999,10.58,0.69,1.58,0.0,
문어볶음,문어볶음,볶음류,223.4ml,67,5.55,5.9,16.0,222.0,0.39,24.93,0.62,1.6,,,,,0.2,37.0,1.124,11.37,,4.22,0.0,1.35
물김치_돌나물,물김치,김치류,400g,5,0.75,0.31,21.0,45.0,0.12,12.54,0.06,0.4,229.1,16.62,0.56,2.99,,17.0,0.173,11.64,0.0,0.0,0.0,
물냉면,물냉면,면 및 만두류,780ml,96,18.22,3.6,10.0,97.0,0.65,10.96,0.25,0.8,,,,,0.01,3.0,0.625,10.15,,0.66,0.05,0.13
물냉면_열무,물냉면,면 및 만두류,578ml,95,16.41,4.7,20.0,96.0,0.83,23.76,0.73,1.4,,,,,0.02,11.0,0.544,11.84,,0.78,0.04,0.1
물냉면,물냉면,면 및 만두류,385.1ml,83,14.21,4.2,10.0,83.0,0.69,18.73,0.67,0.9,,,,,0.01,6.0,0.46599999999999997,7.9,,1.14,0.05,0.07
물냉면,물냉면,면 및 만두류,385.1ml,83,14.21,4.2,10.0,83.0,0.69,18.73,0.67,0.9,,,,,0.01,6.0,0.46599999999999997,7.9,,1.14,0.05,0.07
물냉면,물냉면,면 및 만두류,747.8ml,78,13.24,4.0,10.0,82.0,0.67,19.07,0.64,1.0,,,,,0.01,5.0,0.451,7.58,,1.11,0.04,0.07
물냉면_열무,물냉면,면 및 만두류,578ml,95,16.41,4.7,20.0,96.0,0.83,23.76,0.73,1.4,,,,,0.02,11.0,0.544,11.84,,0.78,0.04,0.1
물만두,물만두,면 및 만두류,350ml,92,10.5,6.1,22.0,103.0,0.6,28.23,0.54,1.3,,,,,0.11,1.0,0.629,15.04,,1.03,0.02,0.32
물만두,물만두,면 및 만두류,265ml,98,13.04,6.6,21.0,98.0,0.58,27.8,0.57,1.3,,,,,0.11,1.0,0.596,15.61,,0.95,0.02,0.28
물만두,물만두,면 및 만두류,265ml,98,13.04,6.6,21.0,98.0,0.58,27.8,0.57,1.3,,,,,0.11,1.0,0.596,15.61,,0.95,0.02,0.28
물만두,물만두,면 및 만두류,382.1ml,97,13.08,6.7,22.0,97.0,0.57,27.85,0.58,1.3,,,,,0.1,0.0,0.47300000000000003,15.62,,0.89,0.0,0.28
물회_오징어,물회,무침류,700g,49,3.26,6.19,7.0,147.0,0.12,18.73,0.58,1.5,6166.5,451.13,148.15,18.09,,4.0,10.802999999999999,10.47,1.2,6.89,0.0,
물회,물회,무침류,700g,76,7.9,4.91,30.0,160.0,0.0,17.11,0.31,2.2,-,362.44,109.96,11.1,,15.0,1.65,7.3,0.0,0.43,,
물회_생선,물회,무침류,800g,72,10.31,4.29,23.0,152.0,0.0,16.03,0.23,1.4,-,281.72,71.61,12.55,,24.0,0.835,8.86,0.54,2.01,,
미꾸라지튀김,미꾸라지튀김,튀김류,100g,387,28.85,10.89,537.0,173.0,0.0,29.5,1.35,3.5,-,822.01,230.07,0.0,,11.0,0.931,0.0,0.0,0.0,,
미나리 초무침,미나리 초무침,채소무침류,36.5ml,49,7.89,2.1,48.0,269.0,0.48,25.93,0.32,3.4,,,,,0.07,83.0,0.714,40.96,,3.22,0.0,0.35
미나리 초무침,미나리 초무침,채소무침류,36.5ml,49,7.89,2.1,48.0,269.0,0.48,25.93,0.32,3.4,,,,,0.07,83.0,0.714,40.96,,3.22,0.0,0.35
미나리 초무침,미나리 초무침,채소무침류,98.6ml,41,8.87,1.7,39.0,219.0,0.37,20.89,0.25,2.8,,,,,0.05,68.0,0.598,33.42,,2.63,0.0,0.23
미나리나물,미나리나물,나물·숙채류,50g,59,4.48,2.03,78.0,238.0,0.0,23.92,0.28,3.5,-,159.46,20.86,5.06,,149.0,0.07,48.4,0.0,0.0,,
미나리나물_고추장,미나리나물,나물·숙채류,50ml,25,4.83,1.2,26.0,161.0,0.28,14.6,0.17,2.1,,,,,0.09,52.0,0.41700000000000004,23.12,,2.12,0.0,0.33
미나리나물_모듬,미나리나물,나물·숙채류,50ml,20,2.97,1.0,23.0,123.0,0.23,11.86,0.14,1.6,,,,,0.05,37.0,0.286,19.88,,1.97,0.0,0.23
미나리나물_팽이버섯,미나리나물,나물·숙채류,50ml,16,1.96,0.8,22.0,106.0,0.2,10.46,0.12,1.3,,,,,0.04,30.0,0.222,18.57,,1.94,0.0,0.17
미나리나물_고추장,미나리나물,나물·숙채류,50ml,25,4.83,1.2,26.0,161.0,0.28,14.6,0.17,2.1,,,,,0.09,52.0,0.41700000000000004,23.12,,2.12,0.0,0.33
미나리나물_고추장,미나리나물,나물·숙채류,50ml,25,4.83,1.2,26.0,161.0,0.28,14.6,0.17,2.1,,,,,0.09,52.0,0.41700000000000004,23.12,,2.12,0.0,0.33
미나리나물_소금,미나리나물,나물·숙채류,70ml,27,3.18,1.2,34.0,139.0,0.3,13.52,0.18,1.7,,,,,0.05,43.0,0.20400000000000001,25.5,,4.13,0.0,0.44
미나리나물_팽이버섯,미나리나물,나물·숙채류,50ml,16,1.96,0.8,22.0,106.0,0.2,10.46,0.12,1.3,,,,,0.04,30.0,0.222,18.57,,1.94,0.0,0.17
미나리무침,미나리무침,채소무침류,90g,46,5.41,1.31,41.0,321.0,0.38,26.72,0.28,3.1,1031.37,73.3,16.36,5.89,,26.0,0.077,10.43,0.0,0.48,0.0,
미나리무침,미나리무침,채소무침류,50ml,20,2.85,1.0,25.0,126.0,0.23,12.44,0.14,1.6,,,,,0.06,37.0,0.28,20.91,,2.14,0.0,0.23
미나리무침_고추장,미나리무침,채소무침류,100ml,20,3.57,0.9,19.0,112.0,0.2,10.81,0.12,1.4,,,,,0.03,33.0,0.293,16.0,,1.91,0.0,0.19
미나리무침_고추장,미나리무침,채소무침류,100ml,19,3.54,0.8,19.0,111.0,0.2,10.82,0.12,1.4,,,,,0.03,33.0,0.298,16.03,,1.92,0.0,0.19
미나리무침,미나리무침,채소무침류,50ml,20,2.87,1.0,25.0,125.0,0.23,12.45,0.14,1.6,,,,,0.06,37.0,0.285,20.93,,2.14,0.0,0.23
미나리무침_고추장,미나리무침,채소무침류,100ml,20,3.57,0.9,19.0,112.0,0.2,10.81,0.12,1.4,,,,,0.03,33.0,0.293,16.0,,1.91,0.0,0.19
미나리전,미나리전,전·적 및 부침류,150g,151,22.82,3.49,22.0,132.0,0.0,12.73,0.22,2.5,-,219.27,45.7,6.27,,12.0,0.33999999999999997,17.81,0.0,0.0,,
미더덕찜,미더덕찜,찜류,118.9ml,77,8.05,7.7,60.0,177.0,3.66,56.14,4.49,1.2,,,,,0.28,13.0,2.251,47.97,,3.69,0.51,1.3
미소된장국,미소된장국,된장국류,150g,25,1.87,1.87,18.0,59.0,0.0,10.07,0.22,0.5,-,127.86,19.23,3.98,,7.0,0.314,3.39,,0.39,,
미소된장국,미소된장국,된장국류,300ml,8,0.93,0.6,6.0,56.0,0.13,5.33,0.06,0.4,,,,,0.02,1.0,0.5780000000000001,2.98,,0.37,0.0,0.04
미소된장국,미소된장국,된장국류,130ml,23,2.12,1.85,21.0,110.0,0.36,,,1.1,,,,,,2.0,0.613,8.27,,0.47,0.0,
미소된장국,미소된장국,된장국류,150ml,26,2.35,1.99,23.0,119.0,0.4,,,1.1,,,,,,1.0,0.807,8.5,,0.4,0.0,
미소된장국,미소된장국,된장국류,230ml,21,2.04,1.58,17.0,145.0,0.27,,,1.1,,,,,,1.0,0.913,6.34,,0.29,0.0,
미숫가루_미숫가루 아이스,미숫가루,음료 및 차류,591g,75,,2.03,,,,,,,,,,,,,0.0,,,,,
미숫가루_제주 보리개역 아이스,미숫가루,음료 및 차류,473g,77,,2.2,,,,,,,,,,,,,0.0,,,,,
미숫가루_제주 보리개역 핫,미숫가루,음료 및 차류,473g,84,,2.83,,,,,,,,,,,,,0.0,,,,,
미숫가루_미숫가루,미숫가루,음료 및 차류,635g,49,,1.42,,,,,,,,,,,,,0.0,,,,,
미숫가루_오곡 미숫가루,미숫가루,음료 및 차류,100g,68,,1.83,,,,,,,,,,,,,0.0,,,,,
미숫가루_미숫가루 아이스,미숫가루,음료 및 차류,355g,139,,4.79,,,,,,,,,,,,,0.0,,,,,
미숫가루,미숫가루,음료 및 차류,300g,70,10.42,2.08,27.0,105.0,0.73,25.64,0.48,2.2,1814.18,155.23,15.85,0.54,,0.0,0.373,13.64,0.0,0.25,0.0,
미숫가루(선식)음료,미숫가루(선식)음료,음료 및 차류,100ml,128,27.73,2.9,11.0,126.0,0.81,23.93,0.56,2.6,,,,,0.09,0.0,0.7300000000000001,25.4,,0.0,0.0,0.2
미숫가루(선식)음료,미숫가루(선식)음료,음료 및 차류,100ml,128,27.73,2.9,11.0,126.0,0.81,23.93,0.56,2.6,,,,,0.09,0.0,0.7300000000000001,25.4,,0.0,0.0,0.2
미숫가루(선식)음료,미숫가루(선식)음료,음료 및 차류,100ml,128,27.73,2.9,11.0,126.0,0.81,23.93,0.56,2.6,,,,,0.09,0.0,0.7300000000000001,25.4,,0.0,0.0,0.2
미숫가루(선식)음료,미숫가루(선식)음료,음료 및 차류,100ml,128,27.73,2.9,11.0,126.0,0.81,23.93,0.56,2.6,,,,,0.09,0.0,0.7300000000000001,25.4,,0.0,0.0,0.2
미역 된장국,미역 된장국,된장국류,280ml,15,1.81,1.2,21.0,123.0,0.3,19.74,0.16,1.1,,,,,0.12,7.0,0.22499999999999998,12.33,,0.54,0.0,0.07
미역 된장국,미역 된장국,된장국류,170ml,12,1.44,1.2,18.0,147.0,0.32,16.36,0.12,0.9,,,,,0.03,3.0,0.983,8.07,,0.36,0.0,0.07
미역 오이무침,미역 오이무침,채소무침류,100ml,61,12.32,1.8,87.0,113.0,0.7,44.81,0.22,2.8,,,,,0.03,130.0,0.908,19.6,,11.99,0.0,0.42
미역 오이무침,미역 오이무침,채소무침류,42.9ml,57,14.77,1.9,80.0,132.0,0.7,43.94,0.24,2.9,,,,,0.03,114.0,0.985,19.08,,11.11,0.0,0.67
미역 오이무침,미역 오이무침,채소무침류,100ml,61,12.32,1.8,87.0,113.0,0.7,44.81,0.22,2.8,,,,,0.03,130.0,0.908,19.6,,11.99,0.0,0.42
미역국,미역국,국 및 탕류,400g,12,0.87,0.65,19.0,81.0,0.27,14.12,0.08,0.4,514.25,53.29,7.06,7.77,,5.0,0.181,2.2,0.12,0.0,0.0,
미역국_대합,미역국,국 및 탕류,400g,11,0.56,1.23,37.0,365.0,5.17,39.81,1.89,0.8,1181.74,116.12,23.42,37.64,,2.0,0.923,1.81,0.87,0.52,0.0,
미역국_새우,미역국,국 및 탕류,400g,16,1.83,1.09,9.0,19.0,0.39,3.5,0.81,0.7,1079.52,109.75,28.24,0.87,,2.0,0.318,2.3,0.09,1.05,0.0,
미역국_소고기,미역국,국 및 탕류,400g,13,0.82,1.86,18.0,36.0,0.43,12.22,0.24,0.6,1573.3,149.23,24.61,2.66,,3.0,0.34800000000000003,2.83,0.07,0.0,0.0,
미역국_굴,미역국,국 및 탕류,100g,17,1.37,1.43,26.0,32.0,0.84,,,0.8,,,,,,,0.40800000000000003,,,0.09,0.0,
미역국_바지락,미역국,국 및 탕류,100g,9,0.95,0.89,31.0,20.0,0.94,,,0.8,,,,,,,0.258,,,0.18,0.0,
미역국_북어,미역국,국 및 탕류,100g,19,1.04,2.46,31.0,36.0,0.35,,,0.8,,,,,,,2.596,,,0.16,0.0,
미역국_참치,미역국,국 및 탕류,100g,19,0.9,2.62,25.0,39.0,0.21,,,0.7,,,,,,,2.001,,,0.14,0.0,
미역국_홍합,미역국,국 및 탕류,650g,26,1.78,3.03,35.0,38.0,0.0,27.03,0.48,1.5,-,180.53,61.55,25.47,,11.0,2.451,10.21,2.31,0.22,,
미역국,미역국,국 및 탕류,240.2ml,11,0.92,1.6,59.0,162.0,0.44,29.54,0.18,0.8,,,,,0.03,7.0,0.164,12.81,,0.43,0.02,0.04
미역국_북어,미역국,국 및 탕류,300ml,11,0.77,1.8,22.0,118.0,0.24,19.75,0.1,0.6,,,,,0.11,5.0,0.251,8.32,,0.31,0.04,0.1
미역국,미역국,국 및 탕류,88ml,7,0.94,0.8,32.0,140.0,0.28,24.17,0.1,0.8,,,,,0.01,6.0,0.14800000000000002,11.12,,0.44,0.0,0.03
미역국_바지락,미역국,국 및 탕류,190ml,8,1.11,0.9,14.0,94.0,0.71,,,0.4,,,,,,3.0,0.482,5.79,,0.3,0.0,
미역국_북어,미역국,국 및 탕류,300ml,11,0.77,1.8,22.0,118.0,0.24,19.75,0.1,0.6,,,,,0.11,5.0,0.251,8.32,,0.31,0.04,0.1
미역국_소고기,미역국,국 및 탕류,190ml,23,1.28,1.69,10.0,89.0,0.25,,,0.4,,,,,,3.0,0.396,4.74,,0.28,0.0,
미역국,미역국,국 및 탕류,122ml,7,0.88,0.8,31.0,129.0,0.26,22.45,0.1,0.7,,,,,0.01,6.0,0.136,10.27,,0.4,0.01,0.03
미역국_들깨,미역국,국 및 탕류,180ml,17,1.29,0.75,19.0,99.0,0.29,,,0.8,,,,,,3.0,0.381,7.59,,0.32,0.0,
미역국_북어,미역국,국 및 탕류,300ml,11,0.81,1.8,22.0,117.0,0.26,19.75,0.1,0.6,,,,,0.11,5.0,0.264,8.58,,0.33,0.04,0.1
미역국_소고기,미역국,국 및 탕류,200ml,23,0.67,1.84,12.0,102.0,0.3,,,0.4,,,,,,4.0,0.478,5.35,,0.31,0.0,
미역국,미역국,국 및 탕류,200ml,10,0.88,0.8,30.0,125.0,0.26,21.65,0.1,0.7,,,,,0.02,6.0,0.132,10.07,,0.4,0.01,0.05
미역국_북어,미역국,국 및 탕류,300ml,11,0.77,1.8,22.0,118.0,0.24,19.75,0.1,0.6,,,,,0.11,5.0,0.251,8.32,,0.31,0.04,0.1
미역국_소고기,미역국,국 및 탕류,320ml,17,0.7,1.45,11.0,84.0,0.25,,,0.4,,,,,,4.0,0.241,5.83,,0.31,0.0,
미역국_홍합,미역국,국 및 탕류,320ml,9,0.85,1.11,13.0,66.0,0.47,,,0.4,,,,,,5.0,0.293,8.47,,0.47,0.0,
미역냉국_오이,미역냉국,국 및 탕류,300ml,11,2.7,0.5,19.0,94.0,0.18,15.36,0.07,0.6,,,,,0.01,9.0,0.14200000000000002,7.77,,1.66,0.0,0.03
미역냉국_오이_고추,미역냉국,국 및 탕류,300ml,11,2.55,0.5,19.0,99.0,0.18,15.73,0.08,0.7,,,,,0.01,9.0,0.15,8.19,,2.01,0.0,0.04
미역냉국,미역냉국,국 및 탕류,160ml,26,2.58,0.9,21.0,135.0,0.28,20.09,0.15,1.2,,,,,0.02,11.0,0.289,11.15,,2.29,0.0,0.39
미역냉국_오이,미역냉국,국 및 탕류,300ml,11,2.7,0.5,19.0,94.0,0.18,15.36,0.07,0.6,,,,,0.01,9.0,0.14200000000000002,7.77,,1.66,0.0,0.03
미역냉국_오이_고추,미역냉국,국 및 탕류,200ml,14,3.11,0.6,19.0,121.0,0.2,,,0.8,,,,,,10.0,0.189,9.8,,3.62,0.0,
미역줄기볶음,미역줄기볶음,채소볶음류,80g,77,4.85,0.96,63.0,63.0,0.34,15.46,0.31,4.3,773.41,72.64,1.88,17.19,,2.0,0.6180000000000001,8.08,0.13,0.0,0.0,
미역줄기볶음,미역줄기볶음,채소볶음류,100g,89,3.65,1.03,61.0,57.0,0.33,,,3.8,,,,,,,0.093,,,0.26,0.0,
미역줄기볶음,미역줄기볶음,채소볶음류,110ml,26,2.85,0.8,44.0,282.0,0.23,31.64,0.09,2.2,,,,,0.33,8.0,0.22899999999999998,7.64,,1.87,0.0,0.18
미역줄기볶음_미역줄기,미역줄기볶음,채소볶음류,70ml,39,3.14,1.23,67.0,957.0,0.28,,,2.5,,,,,,15.0,0.617,22.38,,6.24,0.0,
미역줄기볶음,미역줄기볶음,채소볶음류,30ml,95,6.56,2.5,103.0,1352.0,0.47,56.52,0.23,3.8,,,,,0.92,39.0,0.9339999999999999,32.88,,10.71,0.0,0.85
미역줄기볶음,미역줄기볶음,채소볶음류,65ml,60,4.4,1.8,85.0,1149.0,0.32,46.83,0.18,3.0,,,,,0.27,28.0,0.7969999999999999,26.4,,8.53,0.0,0.53
미역줄기볶음_미역줄기_채소,미역줄기볶음,채소볶음류,70ml,35,3.27,0.72,39.0,66.0,0.24,,,2.4,,,,,,19.0,0.155,4.05,,1.32,0.0,
미역줄기볶음,미역줄기볶음,채소볶음류,100ml,51,4.02,1.3,75.0,1170.0,0.3,45.56,0.17,3.0,,,,,0.28,19.0,0.691,26.71,,8.04,0.0,0.45
미역줄기볶음_미역줄기,미역줄기볶음,채소볶음류,140ml,31,2.71,0.59,36.0,45.0,0.19,,,2.1,,,,,,2.0,0.089,2.24,,0.22,0.0,
미역초무침,미역초무침,채소무침류,50g,35,5.24,1.18,79.0,170.0,0.32,52.34,0.24,3.9,883.88,109.32,5.1,6.44,,10.0,0.56,6.98,0.34,0.0,0.0,
미역초무침,미역초무침,채소무침류,100g,63,12.57,2.19,122.0,163.0,1.22,,,2.9,,,,,,,0.533,,,0.26,0.0,
미역초무침,미역초무침,채소무침류,120ml,31,6.85,1.48,71.0,199.0,0.61,,,2.6,,,,,,60.0,0.613,22.86,,5.31,0.0,
미역튀각,미역튀각,튀김류,50g,443,21.14,13.24,616.0,282.0,6.54,459.7,1.64,31.1,12246.38,1135.58,376.18,51.92,,99.0,3.14,51.1,3.08,0.0,0.0,
미역튀각,미역튀각,튀김류,15.3ml,363,28.31,14.4,672.0,3619.0,6.29,607.38,2.21,23.2,,,,,1.92,181.0,4.151,295.42,,11.76,0.0,3.31
미음,미음,죽 및 스프류,100g,19,4.7,0.3,0.0,4.0,0.0,,,0.0,,,,,,0.0,0.0,,,0.0,0.0,
미음_칠분도미,미음,죽 및 스프류,100g,20,4.6,0.3,1.0,4.0,0.0,,,0.0,,,,,,0.0,0.11,,,0.0,0.0,
미음_현미,미음,죽 및 스프류,100g,19,4.4,0.4,1.0,12.0,0.1,,,0.2,,,,,,0.0,0.42000000000000004,,,0.0,0.0,
미트 스파게티,미트 스파게티,면 및 만두류,350ml,109,18.58,4.3,13.0,183.0,0.52,16.56,0.46,1.4,,,,,0.07,21.0,1.1199999999999999,10.7,,2.04,0.03,0.36
미트 스파게티,미트 스파게티,면 및 만두류,350ml,109,18.58,4.3,13.0,183.0,0.52,16.56,0.46,1.4,,,,,0.07,21.0,1.1199999999999999,10.7,,2.04,0.03,0.36
미트 스파게티,미트 스파게티,면 및 만두류,350ml,109,18.59,4.3,14.0,183.0,0.52,16.59,0.46,1.4,,,,,0.07,21.0,1.108,10.71,,2.1,0.03,0.36
미트볼조림_샤샤삭슈카,미트볼조림,조림류,370g,108,10.7,4.7,,,,,,,,,,,,,0.0,,,,,
미트볼조림,미트볼조림,조림류,150g,221,12.95,18.15,24.0,405.0,0.91,32.85,1.19,2.9,16174.67,1341.26,424.17,18.59,,13.0,11.327,10.23,0.28,2.03,0.0,
미트볼조림,미트볼조림,조림류,105.2ml,126,11.5,5.1,16.0,191.0,0.43,15.99,0.48,6.5,,,,,0.14,24.0,1.186,15.12,,3.15,0.04,0.95
미트볼조림,미트볼조림,조림류,72.8ml,156,16.1,5.8,15.0,166.0,0.52,18.27,0.47,7.1,,,,,0.15,23.0,1.453,15.74,,1.21,0.05,0.89
미트볼조림,미트볼조림,조림류,72.8ml,156,16.1,5.8,15.0,166.0,0.52,18.27,0.47,7.1,,,,,0.15,23.0,1.453,15.74,,1.21,0.05,0.89
미트볼조림,미트볼조림,조림류,105.2ml,126,11.5,5.1,16.0,191.0,0.43,15.99,0.48,6.5,,,,,0.14,24.0,1.186,15.12,,3.15,0.04,0.95
민들레무침,민들레무침,나물·숙채류,50ml,27,4.56,1.2,47.0,230.0,1.7,18.0,0.36,1.6,,,,,0.24,82.0,0.497,31.01,,1.46,0.0,2.19
민들레잎무침,민들레잎무침,채소무침류,90g,81,12.32,2.69,76.0,380.0,1.11,32.02,0.53,5.0,2755.39,200.81,47.64,2.09,,108.0,0.144,23.94,0.0,1.96,0.0,
민어 매운탕,민어 매운탕,찌개 및 전골류,450ml,35,2.98,4.5,19.0,91.0,0.35,18.48,0.35,1.0,,,,,0.08,16.0,0.906,14.33,,1.31,0.45,0.39
민어구이,민어구이,생선구이류,100ml,106,0.38,12.6,16.0,3.0,0.21,20.08,0.42,0.0,,,,,0.44,6.0,2.828,4.2,,0.7,2.03,0.83
밀면_물밀면,밀면,면 및 만두류,100g,71,14.19,2.46,12.0,44.0,0.25,,,1.3,,,,,,,0.379,,,0.21,0.0,
밀크쉐이크_바닐라,밀크쉐이크,유제품류 및 빙과류,100g,113,17.01,2.43,98.0,114.0,0.0,,,0.3,,,,,,,0.265,,,0.36,0.0,
밀크티_흑당밀크 아이스,밀크티,음료 및 차류,591ml,63,8.21,1.27,,,,,,,,,,,,,0.0,,,,,
밀크티_블랙,밀크티,음료 및 차류,100g,49,5.3,1.0,32.0,82.0,0.0,,,0.4,,,,,,,0.381,,,0.55,0.0,
밀크티_초콜릿,밀크티,음료 및 차류,100g,76,9.61,1.23,11.0,273.0,1.73,,,1.3,,,,,,,0.258,,,0.43,0.0,
밀크티_타로,밀크티,음료 및 차류,100g,102,11.95,0.37,30.0,99.0,0.0,,,0.0,,,,,,,0.327,,,0.86,0.0,
밀크티_흑당,밀크티,음료 및 차류,100g,94,15.37,2.38,93.0,144.0,0.19,,,1.4,,,,,,,0.488,,,0.55,0.0,
밀크티/버블티_골든펄 돌체 밀크티,밀크티/버블티,음료 및 차류,473g,61,,1.06,,,,,,,,,,,,,0.0,,,,,
밀크티/버블티_납작복숭아 쥬얼리 밀크티,밀크티/버블티,음료 및 차류,473g,60,,1.27,,,,,,,,,,,,,0.0,,,,,
밀크티/버블티_딸기 듬뿍 밀크티,밀크티/버블티,음료 및 차류,473g,60,,1.27,,,,,,,,,,,,,0.0,,,,,
밀크티/버블티_딸기 쥬얼리 밀크티 아이스,밀크티/버블티,음료 및 차류,473g,48,,1.06,,,,,,,,,,,,,0.0,,,,,
밀크티/버블티_리얼 딸기 쥬얼리 밀크티,밀크티/버블티,음료 및 차류,473g,60,,1.27,,,,,,,,,,,,,0.0,,,,,
밀크티/버블티_브라운 슈가 쥬얼리 밀크티 아이스,밀크티/버블티,음료 및 차류,473g,69,,1.48,,,,,,,,,,,,,0.0,,,,,
밀크티/버블티_브라운 슈가 쥬얼리 밀크티 핫,밀크티/버블티,음료 및 차류,414g,105,,2.66,,,,,,,,,,,,,0.0,,,,,
밀크티/버블티_블랙 밀크티 아이스,밀크티/버블티,음료 및 차류,651g,41,,0.31,,,,,,,,,,,,,0.0,,,,,
밀크티/버블티_블랙 밀크티 아이스,밀크티/버블티,음료 및 차류,473g,41,,0.21,,,,,,,,,,,,,0.0,,,,,
밀크티/버블티_블랙 밀크티 핫,밀크티/버블티,음료 및 차류,473g,29,,1.48,,,,,,,,,,,,,0.0,,,,,
밀크티/버블티_블랙 밀크티 핫,밀크티/버블티,음료 및 차류,414g,29,,1.45,,,,,,,,,,,,,0.0,,,,,
밀크티/버블티_블랙 밀크티+펄 아이스,밀크티/버블티,음료 및 차류,651g,58,,0.31,,,,,,,,,,,,,0.0,,,,,
밀크티/버블티_블랙 밀크티+펄 아이스,밀크티/버블티,음료 및 차류,473g,59,,0.21,,,,,,,,,,,,,0.0,,,,,
밀크티/버블티_블랙 밀크티+펄 핫,밀크티/버블티,음료 및 차류,473g,52,,1.48,,,,,,,,,,,,,0.0,,,,,
밀크티/버블티_블랙 밀크티+펄 핫,밀크티/버블티,음료 및 차류,414g,49,,1.45,,,,,,,,,,,,,0.0,,,,,
밀크티/버블티_얼그레이 밀크티 아이스,밀크티/버블티,음료 및 차류,651g,42,,0.31,,,,,,,,,,,,,0.0,,,,,
밀크티/버블티_얼그레이 밀크티 아이스,밀크티/버블티,음료 및 차류,473g,42,,0.21,,,,,,,,,,,,,0.0,,,,,
밀크티/버블티_얼그레이 밀크티 핫,밀크티/버블티,음료 및 차류,473g,25,,1.27,,,,,,,,,,,,,0.0,,,,,
밀크티/버블티_얼그레이 밀크티 핫,밀크티/버블티,음료 및 차류,414g,25,,1.21,,,,,,,,,,,,,0.0,,,,,
밀크티/버블티_우롱 밀크티 아이스,밀크티/버블티,음료 및 차류,651g,33,,0.15,,,,,,,,,,,,,0.0,,,,,
밀크티/버블티_우롱 밀크티 아이스,밀크티/버블티,음료 및 차류,473g,33,,0.21,,,,,,,,,,,,,0.0,,,,,
밀크티/버블티_우롱 밀크티 핫,밀크티/버블티,음료 및 차류,473g,26,,1.27,,,,,,,,,,,,,0.0,,,,,
밀크티/버블티_우롱 밀크티 핫,밀크티/버블티,음료 및 차류,414g,26,,1.21,,,,,,,,,,,,,0.0,,,,,
밀크티/버블티_자스민 그린 밀크티 아이스,밀크티/버블티,음료 및 차류,651g,39,,0.31,,,,,,,,,,,,,0.0,,,,,
밀크티/버블티_자스민 그린 밀크티 아이스,밀크티/버블티,음료 및 차류,473g,39,,0.21,,,,,,,,,,,,,0.0,,,,,
밀크티/버블티_자스민 그린 밀크티 핫,밀크티/버블티,음료 및 차류,473g,26,,1.27,,,,,,,,,,,,,0.0,,,,,
밀크티/버블티_자스민 그린 밀크티 핫,밀크티/버블티,음료 및 차류,414g,26,,1.21,,,,,,,,,,,,,0.0,,,,,
밀크티/버블티_제주 그린 밀크티+펄 아이스,밀크티/버블티,음료 및 차류,651g,56,,1.54,,,,,,,,,,,,,0.0,,,,,
밀크티/버블티_제주 그린 밀크티+펄 아이스,밀크티/버블티,음료 및 차류,473g,56,,1.69,,,,,,,,,,,,,0.0,,,,,
밀크티/버블티_제주 그린 밀크티+펄 핫,밀크티/버블티,음료 및 차류,473g,94,,2.96,,,,,,,,,,,,,0.0,,,,,
밀크티/버블티_제주 그린 밀크티+펄 핫,밀크티/버블티,음료 및 차류,414g,91,,2.9,,,,,,,,,,,,,0.0,,,,,
밀크티/버블티_제주 그린 밀크티 아이스,밀크티/버블티,음료 및 차류,651g,39,,1.54,,,,,,,,,,,,,0.0,,,,,
밀크티/버블티_제주 그린 밀크티 아이스,밀크티/버블티,음료 및 차류,473g,39,,1.48,,,,,,,,,,,,,0.0,,,,,
밀크티/버블티_제주 그린 밀크티 핫,밀크티/버블티,음료 및 차류,473g,71,,2.96,,,,,,,,,,,,,0.0,,,,,
밀크티/버블티_제주 그린 밀크티 핫,밀크티/버블티,음료 및 차류,414g,71,,2.9,,,,,,,,,,,,,0.0,,,,,
밀크티/버블티_초당옥수수 밀크티+펄,밀크티/버블티,음료 및 차류,473g,65,,1.48,,,,,,,,,,,,,0.0,,,,,
밀크티/버블티_초콜렛 밀크티 아이스,밀크티/버블티,음료 및 차류,651g,53,,0.92,,,,,,,,,,,,,0.0,,,,,
밀크티/버블티_초콜렛 밀크티 아이스,밀크티/버블티,음료 및 차류,473g,53,,0.85,,,,,,,,,,,,,0.0,,,,,
밀크티/버블티_초콜렛 밀크티 핫,밀크티/버블티,음료 및 차류,473g,83,,1.48,,,,,,,,,,,,,0.0,,,,,
밀크티/버블티_초콜렛 밀크티 핫,밀크티/버블티,음료 및 차류,414g,83,,1.45,,,,,,,,,,,,,0.0,,,,,
밀크티/버블티_타로 밀크티 아이스,밀크티/버블티,음료 및 차류,651g,63,,0.31,,,,,,,,,,,,,0.0,,,,,
밀크티/버블티_타로 밀크티 아이스,밀크티/버블티,음료 및 차류,473g,63,,0.21,,,,,,,,,,,,,0.0,,,,,
밀크티/버블티_타로 밀크티 핫,밀크티/버블티,음료 및 차류,473g,95,,0.42,,,,,,,,,,,,,0.0,,,,,
밀크티/버블티_타로 밀크티 핫,밀크티/버블티,음료 및 차류,414g,95,,0.24,,,,,,,,,,,,,0.0,,,,,
밀크티/버블티_타로 밀크티+펄 아이스,밀크티/버블티,음료 및 차류,651g,79,,0.31,,,,,,,,,,,,,0.0,,,,,
밀크티/버블티_타로 밀크티+펄 아이스,밀크티/버블티,음료 및 차류,473g,80,,0.21,,,,,,,,,,,,,0.0,,,,,
밀크티/버블티_타로 밀크티+펄 핫,밀크티/버블티,음료 및 차류,473g,118,,0.42,,,,,,,,,,,,,0.0,,,,,
밀크티/버블티_타로 밀크티+펄 핫,밀크티/버블티,음료 및 차류,414g,115,,0.48,,,,,,,,,,,,,0.0,,,,,
밀크티/버블티_피스타치오 밀크티 아이스,밀크티/버블티,음료 및 차류,651g,50,,1.54,,,,,,,,,,,,,0.0,,,,,
밀크티/버블티_피스타치오 밀크티 아이스,밀크티/버블티,음료 및 차류,473g,50,,1.69,,,,,,,,,,,,,0.0,,,,,
밀크티/버블티_피스타치오 밀크티 핫,밀크티/버블티,음료 및 차류,473g,84,,2.75,,,,,,,,,,,,,0.0,,,,,
밀크티/버블티_피스타치오 밀크티 핫,밀크티/버블티,음료 및 차류,414g,84,,2.9,,,,,,,,,,,,,0.0,,,,,
밀크티/버블티_피스타치오 밀크티+펄 아이스,밀크티/버블티,음료 및 차류,651g,67,,1.69,,,,,,,,,,,,,0.0,,,,,
밀크티/버블티_피스타치오 밀크티+펄 아이스(ICED)),밀크티/버블티,음료 및 차류,473g,67,,1.69,,,,,,,,,,,,,0.0,,,,,
밀크티/버블티_피스타치오 밀크티+펄 핫,밀크티/버블티,음료 및 차류,473g,107,,2.75,,,,,,,,,,,,,0.0,,,,,
밀크티/버블티_피스타치오 밀크티+펄 핫,밀크티/버블티,음료 및 차류,414g,104,,2.9,,,,,,,,,,,,,0.0,,,,,
밀크티/버블티_하동 호지 밀크티 아이스,밀크티/버블티,음료 및 차류,651g,52,,1.69,,,,,,,,,,,,,0.0,,,,,
밀크티/버블티_하동 호지 밀크티 아이스,밀크티/버블티,음료 및 차류,473g,52,,1.69,,,,,,,,,,,,,0.0,,,,,
밀크티/버블티_하동 호지 밀크티 핫,밀크티/버블티,음료 및 차류,473g,80,,3.17,,,,,,,,,,,,,0.0,,,,,
밀크티/버블티_하동 호지 밀크티 핫,밀크티/버블티,음료 및 차류,414g,80,,3.14,,,,,,,,,,,,,0.0,,,,,
밀크티/버블티_돌체 블랙 밀크티 아이스,밀크티/버블티,음료 및 차류,528.2g,64,,1.27,,,,,,,,,,,,,0.0,,,,,
밀크티/버블티_돌체 블랙 밀크티 핫,밀크티/버블티,음료 및 차류,358.2g,86,,2.32,,,,,,,,,,,,,0.0,,,,,
밀크티/버블티_민트 밀크티 아이스,밀크티/버블티,음료 및 차류,475g,67,,1.39,,,,,,,,,,,,,0.0,,,,,
밀크티/버블티_민트 밀크티 아이스,밀크티/버블티,음료 및 차류,660g,78,,1.45,,,,,,,,,,,,,0.0,,,,,
밀크티/버블티_민트 밀크티 핫,밀크티/버블티,음료 및 차류,335g,88,,2.51,,,,,,,,,,,,,0.0,,,,,
밀크티/버블티_민트 밀크티 핫,밀크티/버블티,음료 및 차류,500g,94,,2.52,,,,,,,,,,,,,0.0,,,,,
밀크티/버블티_버터스카치폼 밀크티 아이스,밀크티/버블티,음료 및 차류,431g,68,,0.97,,,,,,,,,,,,,0.0,,,,,
밀크티/버블티_블랙 밀크티 아이스,밀크티/버블티,음료 및 차류,506.4g,61,,0.12,,,,,,,,,,,,,0.0,,,,,
밀크티/버블티_블랙 밀크티 아이스,밀크티/버블티,음료 및 차류,638.1g,70,,0.14,,,,,,,,,,,,,0.0,,,,,
밀크티/버블티_블랙 밀크티 핫,밀크티/버블티,음료 및 차류,363.1g,73,,0.19,,,,,,,,,,,,,0.0,,,,,
밀크티/버블티_블랙 밀크티 핫,밀크티/버블티,음료 및 차류,491.3g,78,,0.18,,,,,,,,,,,,,0.0,,,,,
밀크티/버블티_얼그레이 밀크티 아이스,밀크티/버블티,음료 및 차류,506.4g,61,,0.16,,,,,,,,,,,,,0.0,,,,,
밀크티/버블티_얼그레이 밀크티 아이스,밀크티/버블티,음료 및 차류,638.1g,70,,0.17,,,,,,,,,,,,,0.0,,,,,
밀크티/버블티_얼그레이 밀크티 핫,밀크티/버블티,음료 및 차류,363.1g,73,,0.25,,,,,,,,,,,,,0.0,,,,,
밀크티/버블티_얼그레이 밀크티 핫,밀크티/버블티,음료 및 차류,491.3g,79,,0.24,,,,,,,,,,,,,0.0,,,,,
밀크티/버블티_우롱 밀크티 아이스,밀크티/버블티,음료 및 차류,506.4g,61,,0.12,,,,,,,,,,,,,0.0,,,,,
밀크티/버블티_우롱 밀크티 아이스,밀크티/버블티,음료 및 차류,638.1g,70,,0.14,,,,,,,,,,,,,0.0,,,,,
밀크티/버블티_우롱 밀크티 핫,밀크티/버블티,음료 및 차류,363.1g,73,,0.19,,,,,,,,,,,,,0.0,,,,,
밀크티/버블티_우롱 밀크티 핫,밀크티/버블티,음료 및 차류,491.3g,78,,0.18,,,,,,,,,,,,,0.0,,,,,
밀크티/버블티_자스민 그린 밀크티 아이스,밀크티/버블티,음료 및 차류,476.4g,65,,0.13,,,,,,,,,,,,,0.0,,,,,
밀크티/버블티_자스민 그린 밀크티 아이스,밀크티/버블티,음료 및 차류,638.1g,70,,0.16,,,,,,,,,,,,,0.0,,,,,
밀크티/버블티_자스민 그린 밀크티 핫,밀크티/버블티,음료 및 차류,358.1g,97,,0.25,,,,,,,,,,,,,0.0,,,,,
밀크티/버블티_자스민 그린 밀크티 핫,밀크티/버블티,음료 및 차류,486.3g,96,,0.25,,,,,,,,,,,,,0.0,,,,,
밀크티/버블티_제주 말차 밀크티 아이스,밀크티/버블티,음료 및 차류,527.4g,73,,0.28,,,,,,,,,,,,,0.0,,,,,
밀크티/버블티_제주 말차 밀크티 아이스,밀크티/버블티,음료 및 차류,642.1g,81,,0.34,,,,,,,,,,,,,0.0,,,,,
밀크티/버블티_제주 말차 밀크티 핫,밀크티/버블티,음료 및 차류,402.1g,105,,0.52,,,,,,,,,,,,,0.0,,,,,
밀크티/버블티_제주 말차 밀크티 핫,밀크티/버블티,음료 및 차류,642.1g,81,,0.44,,,,,,,,,,,,,0.0,,,,,
밀크티/버블티_초코 밀크티 아이스,밀크티/버블티,음료 및 차류,524.2g,73,,0.44,,,,,,,,,,,,,0.0,,,,,
밀크티/버블티_초코 밀크티 아이스,밀크티/버블티,음료 및 차류,643.8g,83,,0.53,,,,,,,,,,,,,0.0,,,,,
밀크티/버블티_초코 밀크티 핫,밀크티/버블티,음료 및 차류,410.4g,111,,0.8,,,,,,,,,,,,,0.0,,,,,
밀크티/버블티_초코 밀크티 핫,밀크티/버블티,음료 및 차류,533.4g,104,,0.82,,,,,,,,,,,,,0.0,,,,,
밀크티/버블티_타로 밀크티 아이스,밀크티/버블티,음료 및 차류,492g,66,,1.24,,,,,,,,,,,,,0.0,,,,,
밀크티/버블티_타로 밀크티 아이스,밀크티/버블티,음료 및 차류,638g,82,,1.43,,,,,,,,,,,,,0.0,,,,,
밀크티/버블티_타로 밀크티 핫,밀크티/버블티,음료 및 차류,378g,103,,2.41,,,,,,,,,,,,,0.0,,,,,
밀크티/버블티_타로 밀크티 핫,밀크티/버블티,음료 및 차류,504g,113,,2.4,,,,,,,,,,,,,0.0,,,,,
밀크티/버블티_흑당 밀크티 아이스,밀크티/버블티,음료 및 차류,472g,77,,1.29,,,,,,,,,,,,,0.0,,,,,
밀크티/버블티_흑당 밀크티 아이스,밀크티/버블티,음료 및 차류,618g,85,,1.38,,,,,,,,,,,,,0.0,,,,,
밀크티/버블티_흑당 밀크티 핫,밀크티/버블티,음료 및 차류,358g,120,,2.37,,,,,,,,,,,,,0.0,,,,,
밀크티/버블티_흑당 밀크티 핫,밀크티/버블티,음료 및 차류,484g,119,,2.38,,,,,,,,,,,,,0.0,,,,,
밀푀유나베_간편조리세트_매콤 밀푀유나베,밀푀유나베,찌개 및 전골류,1269g,55,2.52,4.13,14.0,170.0,0.54,,,0.9,,,,,,,0.896,,,0.1,0.0,
밀푀유나베_간편조리세트_밀푀유나베,밀푀유나베,찌개 및 전골류,1473g,47,5.94,3.53,18.0,131.0,0.35,,,1.4,,,,,,,0.787,,,0.12,0.0,
밀푀유나베_간편조리세트_밀푀유나베,밀푀유나베,찌개 및 전골류,1657g,36,1.8,3.45,8.0,127.0,0.38,,,0.7,,,,,,,0.6990000000000001,,,0.06,0.0,
밀푀유나베_간편조리세트_밀푀유나베,밀푀유나베,찌개 및 전골류,1655g,41,3.83,3.66,16.0,119.0,0.38,,,1.4,,,,,,,0.399,,,0.26,0.0,
바게트_바게트_바게트볼,바게트,빵 및 과자류,100g,390,45.0,7.0,,,,,,,,,,,,,0.0,,,,,
바게트_마늘바게뜨,바게트,빵 및 과자류,205g,330,,7.0,,,,,,,,,,,,,0.0,,,,,
바게트_반미마늘스틱,바게트,빵 및 과자류,44g,405,,4.55,,,,,,,,,,,,,0.0,,,,,
바게트_반미바게뜨,바게트,빵 및 과자류,78g,246,,5.13,,,,,,,,,,,,,0.0,,,,,
바게트_크랜베리윌넛,바게트,빵 및 과자류,42g,414,,4.76,,,,,,,,,,,,,0.0,,,,,
바게트_통검정보리브레드,바게트,빵 및 과자류,510g,217,,6.0,,,,,,,,,,,,,0.0,,,,,
바게트_통밀깜파뉴,바게트,빵 및 과자류,350g,241,,7.0,,,,,,,,,,,,,0.0,,,,,
바게트_피자바게트,바게트,빵 및 과자류,248g,213,,10.0,,,,,,,,,,,,,0.0,,,,,
바게트_피자 바게트,바게트,빵 및 과자류,160g,297,,7.5,,,,,,,,,,,,,0.0,,,,,
바게트_꿀버터 바게트,바게트,빵 및 과자류,120g,363,,5.83,,,,,,,,,,,,,0.0,,,,,
바게트_쌀모닝 바게트 (2개입),바게트,빵 및 과자류,101g,327,,8.91,,,,,,,,,,,,,0.0,,,,,
바게트_마늘 바게트,바게트,빵 및 과자류,130g,377,,7.9,,,,,,,,,,,,,0.0,,,,,
바게트_마롱깜파뉴,바게트,빵 및 과자류,220g,243,,6.82,,,,,,,,,,,,,0.0,,,,,
바게트_무화과크림 바게트,바게트,빵 및 과자류,140g,405,44.9,5.8,,,,,,,,,,,,,0.0,,,,,
바게트_미엘프로마쥬,바게트,빵 및 과자류,245g,278,,7.76,,,,,,,,,,,,,0.0,,,,,
바게트_순수바게트,바게트,빵 및 과자류,250g,264,,8.1,,,,,,,,,,,,,0.0,,,,,
바게트_크랜베리 로프,바게트,빵 및 과자류,350g,249,,7.14,,,,,,,,,,,,,0.0,,,,,
바게트_스위트깜빠뉴,바게트,빵 및 과자류,290g,264,39.8,7.2,,,,,,,,,,,,,0.0,,,,,
바게트_갈릭 치즈 부기브레드,바게트,빵 및 과자류,170g,369,,9.41,,,,,,,,,,,,,0.0,,,,,
바게트_토마토 치즈 부기브레드,바게트,빵 및 과자류,170g,247,,10.0,,,,,,,,,,,,,0.0,,,,,
바게트_갈릭 바게트볼,바게트,빵 및 과자류,90g,327,,7.78,,,,,,,,,,,,,0.0,,,,,
바게트_대파 바게트볼,바게트,빵 및 과자류,90g,424,,7.78,,,,,,,,,,,,,0.0,,,,,
바게트_마늘 바게트,바게트,빵 및 과자류,135g,425,,8.0,,,,,,,,,,,,,0.0,,,,,
바게트_허니버터 바게트볼,바게트,빵 및 과자류,480g,66,,1.25,,,,,,,,,,,,,0.0,,,,,
바게트_달콤한 연유바게뜨,바게트,빵 및 과자류,150g,373,,6.67,,,,,,,,,,,,,0.0,,,,,
바게트_마늘모닝바게뜨,바게트,빵 및 과자류,210g,324,51.9,8.57,,,,,,,,,,,,,0.0,,,,,
바게트_마늘빵 (5개입),바게트,빵 및 과자류,70g,350,,7.14,,,,,,,,,,,,,0.0,,,,,
바게트_모닝바게뜨,바게트,빵 및 과자류,190g,258,,8.95,,,,,,,,,,,,,0.0,,,,,
바게트_자꾸 생각나는 갈릭바게뜨,바게트,빵 및 과자류,45g,444,,6.67,,,,,,,,,,,,,0.0,,,,,
바게트_치즈바게뜨,바게트,빵 및 과자류,250g,305,,11.0,,,,,,,,,,,,,0.0,,,,,
바게트_크림치즈모닝바게뜨 (H),바게트,빵 및 과자류,132g,292,46.21,9.85,,,,,,,,,,,,,0.0,,,,,
바게트_크림치즈모닝바게뜨,바게트,빵 및 과자류,264g,292,,9.85,,,,,,,,,,,,,0.0,,,,,
바게트_파리의 갈릭바게뜨,바게트,빵 및 과자류,120g,429,,7.5,,,,,,,,,,,,,0.0,,,,,
바게트_파리의 바게뜨,바게트,빵 및 과자류,200g,265,,9.0,,,,,,,,,,,,,0.0,,,,,
바게트_프렌치마늘바게뜨,바게트,빵 및 과자류,161g,323,45.96,6.83,,,,,,,,,,,,,0.0,,,,,
바게트_프렌치바게뜨,바게트,빵 및 과자류,248g,252,50.4,8.87,,,,,,,,,,,,,0.0,,,,,
바게트_NEW 모닝바게뜨,바게트,빵 및 과자류,190g,258,51.58,8.95,,,,,,,,,,,,,0.0,,,,,
바게트_NEW마늘바게뜨,바게트,빵 및 과자류,265g,308,51.7,8.3,,,,,,,,,,,,,0.0,,,,,
바게트_갈릭바게뜨,바게트,빵 및 과자류,80g,375,45.0,7.5,,,,,,,,,,,,,0.0,,,,,
바게트_달콤바삭연유바게뜨,바게트,빵 및 과자류,182g,374,48.35,6.59,,,,,,,,,,,,,0.0,,,,,
바게트_명란바게뜨,바게트,빵 및 과자류,80g,350,41.25,7.5,,,,,,,,,,,,,0.0,,,,,
바게트_정통바게뜨,바게트,빵 및 과자류,270g,255,51.0,9.0,,,,,,,,,,,,,0.0,,,,,
바게트_콘에그바게뜨,바게트,빵 및 과자류,172g,265,22.67,8.14,,,,,,,,,,,,,0.0,,,,,
바게트_허니바게트볼,바게트,빵 및 과자류,255g,370,,7.03,,,,,,,,,,,,,0.0,,,,,
바지락 된장국,바지락 된장국,된장국류,300ml,16,1.78,1.6,25.0,90.0,0.45,13.62,0.32,0.8,,,,,0.05,29.0,0.251,14.05,,3.9,0.0,0.12
바지락 미역국,바지락 미역국,국 및 탕류,300ml,13,1.22,1.9,29.0,130.0,0.52,26.39,0.2,0.7,,,,,0.06,7.0,0.24000000000000002,13.09,,0.73,0.0,0.07
바지락 미역국_떡,바지락 미역국,국 및 탕류,190ml,8,1.14,0.9,13.0,90.0,0.23,12.99,0.09,0.4,,,,,0.01,2.0,0.372,5.78,,0.29,0.0,0.03
바지락 미역국,바지락 미역국,국 및 탕류,300ml,13,1.22,1.9,29.0,130.0,0.52,26.39,0.2,0.7,,,,,0.06,7.0,0.24000000000000002,13.09,,0.73,0.0,0.07
바지락 미역국,바지락 미역국,국 및 탕류,300ml,13,1.22,1.9,29.0,130.0,0.52,26.39,0.2,0.7,,,,,0.06,7.0,0.24000000000000002,13.09,,0.73,0.0,0.07
바지락 수제비_감자,바지락 수제비,면 및 만두류,1000ml,31,5.08,1.3,6.0,48.0,0.2,6.47,0.11,0.4,,,,,0.01,3.0,0.097,5.93,,0.78,0.02,0.08
바지락 수제비_감자,바지락 수제비,면 및 만두류,1072.7ml,43,7.52,1.7,6.0,47.0,0.22,6.64,0.13,0.4,,,,,0.01,3.0,0.107,5.9,,0.73,0.02,0.1
바지락국,바지락국,국 및 탕류,203.3ml,17,0.74,2.2,14.0,28.0,0.45,13.5,0.25,0.3,,,,,0.06,0.0,0.07400000000000001,5.66,,0.26,0.0,0.11
바지락국,바지락국,국 및 탕류,203.3ml,17,0.74,2.2,14.0,28.0,0.45,13.5,0.25,0.3,,,,,0.06,0.0,0.07400000000000001,5.66,,0.26,0.0,0.11
바지락국,바지락국,국 및 탕류,320ml,17,0.74,2.2,14.0,28.0,0.45,13.44,0.25,0.3,,,,,0.06,0.0,0.075,5.67,,0.27,0.0,0.11
바지락찜,바지락찜,찜류,146.8ml,83,9.15,8.0,49.0,205.0,1.82,41.5,0.89,1.6,,,,,0.14,23.0,0.765,27.12,,1.62,0.0,1.23
바지락찜,바지락찜,찜류,146.8ml,83,9.15,8.0,49.0,205.0,1.82,41.5,0.89,1.6,,,,,0.14,23.0,0.765,27.12,,1.62,0.0,1.23
밤밥,밤밥,밥류,209.8ml,152,32.65,3.4,6.0,147.0,0.76,19.13,0.78,1.5,,,,,0.01,0.0,0.791,16.5,,1.42,0.0,0.13
밤밥,밤밥,밥류,209.8ml,152,32.65,3.4,6.0,147.0,0.76,19.13,0.78,1.5,,,,,0.01,0.0,0.791,16.5,,1.42,0.0,0.13
방풍나물_고추장,방풍나물,나물·숙채류,50ml,37,7.19,1.5,89.0,278.0,0.4,12.61,0.57,2.7,,,,,0.11,54.0,0.5940000000000001,52.88,,21.46,0.0,0.58
방풍나물_된장,방풍나물,나물·숙채류,50ml,31,4.9,1.6,83.0,255.0,0.38,11.63,0.53,2.5,,,,,0.09,42.0,0.529,50.09,,19.87,0.0,0.45
방풍나물_소금,방풍나물,나물·숙채류,50ml,23,3.68,1.1,76.0,217.0,0.3,9.26,0.46,2.1,,,,,0.09,37.0,0.425,44.55,,18.48,0.0,0.35
방풍나물_고추장,방풍나물,나물·숙채류,50ml,37,7.19,1.5,89.0,278.0,0.4,12.61,0.57,2.7,,,,,0.11,54.0,0.5940000000000001,52.88,,21.46,0.0,0.58
방풍나물무침,방풍나물무침,나물·숙채류,80g,76,10.74,4.39,178.0,456.0,0.83,16.8,0.58,6.7,4082.33,314.05,53.36,2.71,,167.0,0.5880000000000001,204.46,0.0,0.0,0.0,
배추 겉절이,배추 겉절이,채소무침류,100g,43,6.51,2.18,57.0,333.0,0.63,,,2.5,,,,,,,1.1099999999999999,,,0.33,0.0,
배추 겉절이,배추 겉절이,채소무침류,160ml,23,4.52,1.26,26.0,203.0,0.43,,,2.0,,,,,,25.0,0.6950000000000001,17.76,,5.64,0.01,
배추 겉절이,배추 겉절이,채소무침류,160ml,24,4.68,1.3,32.0,210.0,0.39,15.46,0.23,1.9,,,,,0.03,28.0,0.654,20.73,,6.93,0.01,0.95
배추 겉절이,배추 겉절이,채소무침류,56.9ml,30,5.29,1.5,46.0,291.0,0.47,15.96,0.33,2.2,,,,,0.03,26.0,0.707,31.71,,12.26,0.0,0.79
배추 겉절이,배추 겉절이,채소무침류,50ml,40,7.13,1.95,44.0,313.0,0.68,,,2.9,,,,,,35.0,0.994,29.0,,10.23,0.0,
배추 겉절이,배추 겉절이,채소무침류,50ml,41,7.35,2.0,54.0,328.0,0.61,23.97,0.39,2.7,,,,,0.04,40.0,0.9319999999999999,34.13,,12.43,0.0,1.13
배추 겉절이,배추 겉절이,채소무침류,148.1ml,30,4.04,1.5,45.0,231.0,0.43,18.2,0.3,2.0,,,,,0.03,24.0,0.638,24.13,,8.42,0.0,0.83
배추 된장국,배추 된장국,된장국류,280ml,11,1.52,0.8,14.0,69.0,0.37,6.2,0.13,0.7,,,,,0.02,2.0,0.187,10.28,,2.92,0.0,0.05
배추 된장국_바지락,배추 된장국,된장국류,320ml,25,2.14,3.0,55.0,132.0,1.42,15.43,0.36,1.0,,,,,0.07,2.0,0.492,15.56,,2.89,0.02,0.09
배추 된장국_소고기,배추 된장국,된장국류,350ml,40,1.88,2.9,11.0,96.0,0.77,8.07,0.69,0.7,,,,,0.02,4.0,0.515,10.2,,2.31,0.0,0.15
배추 된장국,배추 된장국,된장국류,188.6ml,17,2.05,1.7,41.0,118.0,0.36,9.84,0.22,0.9,,,,,0.04,4.0,0.251,15.6,,4.56,0.01,0.06
배추 된장국_소고기,배추 된장국,된장국류,219.3ml,29,1.92,2.0,10.0,73.0,0.59,6.53,0.44,0.7,,,,,0.02,4.0,0.37,8.45,,1.8,0.0,0.1
배추 된장국,배추 된장국,된장국류,200ml,13,1.8,0.9,22.0,67.0,0.2,7.55,0.14,0.8,,,,,0.03,13.0,0.201,10.68,,2.99,0.0,0.13
배추 된장국_소고기,배추 된장국,된장국류,219.3ml,30,1.92,2.0,10.0,73.0,0.59,6.57,0.44,0.7,,,,,0.02,4.0,0.37,8.45,,1.8,0.0,0.11
배추 된장국,배추 된장국,된장국류,260ml,17,2.28,1.3,19.0,130.0,0.34,10.31,0.17,1.1,,,,,0.04,5.0,0.55,14.24,,3.46,0.0,0.16
배추 된장국_소고기,배추 된장국,된장국류,270ml,30,2.18,2.9,24.0,108.0,1.1,13.64,0.36,1.0,,,,,0.03,10.0,0.739,15.61,,3.01,0.0,0.19
배추국_소고기,배추국,국 및 탕류,400g,16,1.14,1.84,14.0,84.0,0.21,5.61,0.41,0.5,1784.35,145.31,31.88,1.4,,1.0,0.35800000000000004,15.51,0.08,0.0,0.0,
배추국_들깨,배추국,국 및 탕류,320ml,20,1.77,1.0,20.0,74.0,0.36,11.28,0.23,1.1,,,,,0.77,0.0,0.273,8.75,,2.26,0.0,0.13
배추국,배추국,국 및 탕류,165.6ml,9,0.89,1.3,43.0,74.0,0.28,8.1,0.16,0.3,,,,,0.03,2.0,0.11299999999999999,9.24,,2.92,0.02,0.01
배추국_들깨,배추국,국 및 탕류,165.8ml,21,1.85,1.1,25.0,82.0,0.34,11.26,0.23,1.0,,,,,0.78,3.0,0.23299999999999998,11.48,,3.43,0.0,0.13
배추국,배추국,국 및 탕류,165.6ml,9,0.89,1.3,43.0,74.0,0.28,8.1,0.16,0.3,,,,,0.03,2.0,0.11299999999999999,9.24,,2.92,0.02,0.01
배추국_들깨,배추국,국 및 탕류,165.8ml,21,1.85,1.1,25.0,82.0,0.34,11.26,0.23,1.0,,,,,0.78,3.0,0.23299999999999998,11.48,,3.43,0.0,0.13
배추국,배추국,국 및 탕류,320ml,9,0.89,1.3,43.0,74.0,0.27,8.04,0.16,0.3,,,,,0.03,2.0,0.11199999999999999,9.19,,2.92,0.02,0.01
배추김치,배추김치,김치류,100g,38,6.49,1.98,43.0,334.0,0.43,,,2.5,,,,,,35.0,0.621,,,3.59,0.0,
배추김치_가을재배,배추김치,김치류,100g,37,6.1,1.85,50.0,313.0,0.51,,,4.6,,,,,,15.0,0.858,,,3.15,0.0,
배추김치_봄재배,배추김치,김치류,100g,39,5.95,2.22,53.0,430.0,0.56,,,3.6,,,,,,48.0,0.8740000000000001,,,4.04,0.0,
배추김치_여름재배,배추김치,김치류,100g,38,6.56,1.84,51.0,324.0,0.45,,,4.6,,,,,,25.0,0.422,,,3.64,0.0,
배추나물,배추나물,나물·숙채류,80g,61,8.45,2.01,38.0,246.0,0.56,19.88,0.45,2.7,1952.94,111.33,19.25,2.21,,5.0,0.063,50.86,0.0,7.96,0.0,
배추나물,배추나물,나물·숙채류,100ml,38,4.76,2.2,58.0,285.0,0.54,19.26,0.39,1.8,,,,,0.04,12.0,0.6619999999999999,37.69,,13.95,0.0,0.14
배추나물_간장,배추나물,나물·숙채류,86.7ml,31,4.07,1.8,58.0,270.0,0.54,17.57,0.35,1.5,,,,,0.02,12.0,0.605,35.05,,14.23,0.0,0.1
배추나물,배추나물,나물·숙채류,48.2ml,53,7.95,2.4,57.0,325.0,0.64,22.27,0.44,2.5,,,,,0.05,23.0,0.884,38.03,,13.12,0.0,0.68
배추나물_된장,배추나물,나물·숙채류,50ml,31,3.68,1.67,106.0,146.0,0.43,,,2.1,,,,,,67.0,0.5289999999999999,29.69,,12.48,0.0,
배추나물,배추나물,나물·숙채류,48.2ml,53,7.95,2.4,57.0,325.0,0.64,22.27,0.44,2.5,,,,,0.05,23.0,0.884,38.03,,13.12,0.0,0.68
배추나물,배추나물,나물·숙채류,100ml,38,4.76,2.2,58.0,285.0,0.54,19.26,0.39,1.8,,,,,0.04,12.0,0.6619999999999999,37.69,,13.95,0.0,0.14
배추나물_간장_소금,배추나물,나물·숙채류,140ml,18,2.45,1.01,109.0,132.0,0.31,,,1.7,,,,,,66.0,0.46,26.31,,13.45,0.0,
배추나물_된장,배추나물,나물·숙채류,120ml,32,4.25,1.72,87.0,182.0,0.5,,,2.2,,,,,,58.0,0.5609999999999999,33.91,,12.93,0.0,
배추숙주나물,배추숙주나물,나물·숙채류,44ml,22,3.58,1.5,22.0,179.0,0.43,13.52,0.28,2.1,,,,,0.01,13.0,0.748,28.85,,6.32,0.0,0.62
배추전,배추전,전·적 및 부침류,150g,160,23.68,3.44,32.0,121.0,0.0,14.66,0.3,3.0,-,196.4,37.11,6.46,,3.0,0.609,21.31,0.0,0.0,,
배추전,배추전,전·적 및 부침류,96.5ml,111,10.38,3.3,46.0,214.0,0.54,13.64,0.37,1.3,,,,,0.37,21.0,0.46199999999999997,32.23,,11.01,0.11,0.72
배추전,배추전,전·적 및 부침류,96.5ml,109,10.29,3.2,29.0,189.0,0.63,13.64,0.37,1.5,,,,,0.35,14.0,0.5860000000000001,25.5,,7.27,0.19,0.71
배추전,배추전,전·적 및 부침류,96.5ml,109,10.29,3.2,29.0,189.0,0.63,13.64,0.37,1.5,,,,,0.35,14.0,0.5860000000000001,25.5,,7.27,0.19,0.71
백김치,백김치,김치류,100g,16,3.0,0.95,35.0,187.0,0.24,,,1.9,,,,,,2.0,0.317,,,15.98,0.0,
백설기,백설기,빵 및 과자류,100g,230,50.4,3.71,6.0,31.0,0.08,13.81,0.51,2.0,2995.98,289.48,33.76,9.87,,0.0,0.24,18.71,0.0,0.0,0.0,
백설기,백설기,빵 및 과자류,100g,224,50.28,3.78,13.0,28.0,0.21,,,0.5,,,,,,,0.33299999999999996,,,0.47,0.0,
백설기_검정콩,백설기,빵 및 과자류,100g,229,48.31,5.75,19.0,116.0,0.63,,,2.5,,,,,,0.0,0.249,,,0.0,0.0,
백합죽,백합죽,죽 및 스프류,700g,65,12.1,2.36,16.0,42.0,0.0,9.95,0.42,0.5,-,167.59,51.38,8.92,,2.0,0.151,12.71,0.0,0.0,,
밴댕이무침,밴댕이무침,무침류,400g,150,11.5,7.45,102.0,290.0,0.0,36.41,0.61,4.1,-,547.48,145.27,15.44,,86.0,0.118,16.32,0.0,0.0,,
뱅쇼_뱅쇼,뱅쇼,음료 및 차류,385g,42,,0.26,,,,,,,,,,,,,0.0,,,,,
뱅쇼_화이트 뱅쇼,뱅쇼,음료 및 차류,415g,23,,0.0,,,,,,,,,,,,,0.0,,,,,
뱅쇼_히비스커스 뱅쇼 아이스,뱅쇼,음료 및 차류,390g,28,,0.0,,,,,,,,,,,,,0.0,,,,,
뱅쇼_히비스커스 뱅쇼 핫,뱅쇼,음료 및 차류,260g,58,,0.0,,,,,,,,,,,,,0.0,,,,,
뱅어포구이,뱅어포구이,생선구이류,70g,374,25.07,34.37,1038.0,366.0,2.11,112.01,3.89,7.6,34867.09,2826.83,891.09,131.41,,57.0,5.4430000000000005,41.21,4.9,0.0,10.2,
뱅어포구이,뱅어포구이,생선구이류,42ml,277,18.12,31.2,480.0,807.0,2.21,119.68,3.13,2.7,,,,,1.51,72.0,3.3259999999999996,144.62,,0.49,2.2,5.48
뱅어포무침,뱅어포무침,무침류,29ml,371,10.32,43.7,714.0,901.0,2.65,153.87,4.28,0.9,,,,,2.24,20.0,3.658,200.55,,0.0,3.29,6.59
뱅어포무침,뱅어포무침,무침류,13ml,411,11.5,48.3,789.0,996.0,2.93,170.19,4.73,1.0,,,,,2.47,22.0,4.047,221.56,,0.0,3.64,7.29
뱅어포튀김,뱅어포튀김,튀김류,10.2ml,732,34.04,41.2,604.0,757.0,2.14,124.0,3.67,1.2,,,,,4.46,0.0,2.858,175.71,,0.07,2.9,9.11
버거_모짜렐라인더 버거 베이컨,버거,빵 및 과자류,221g,324,,13.57,,,,,,,,,,,,,0.0,,,,,
버거_불고기 버거,버거,빵 및 과자류,188g,253,,10.64,,,,,,,,,,,,,0.0,,,,,
버거_빅불 버거,버거,빵 및 과자류,270g,282,,13.33,,,,,,,,,,,,,0.0,,,,,
버거_사각새우 더블 버거,버거,빵 및 과자류,208g,267,,8.17,,,,,,,,,,,,,0.0,,,,,
버거_새우 버거,버거,빵 및 과자류,179g,275,,8.38,,,,,,,,,,,,,0.0,,,,,
버거_치킨 버거,버거,빵 및 과자류,141g,252,,10.64,,,,,,,,,,,,,0.0,,,,,
버거_클래식치즈 버거,버거,빵 및 과자류,143g,338,,13.99,,,,,,,,,,,,,0.0,,,,,
버거_한우불고기 버거,버거,빵 및 과자류,263g,217,,9.13,,,,,,,,,,,,,0.0,,,,,
버거_핫크리스피 버거,버거,빵 및 과자류,190g,265,,11.58,,,,,,,,,,,,,0.0,,,,,
버거_더블 데리버거,버거,빵 및 과자류,170g,262,,11.18,,,,,,,,,,,,,0.0,,,,,
버거_더블 치킨 버거,버거,빵 및 과자류,205g,233,,11.71,,,,,,,,,,,,,0.0,,,,,
버거_더블 클래식 치즈 버거 버터번,버거,빵 및 과자류,213g,343,,11.74,,,,,,,,,,,,,0.0,,,,,
버거_더블 한우불고기 버거,버거,빵 및 과자류,352g,228,,13.64,,,,,,,,,,,,,0.0,,,,,
버거_베이컨햄 에그번,버거,빵 및 과자류,117g,404,,16.24,,,,,,,,,,,,,0.0,,,,,
버거_불고기 베이컨 버거,버거,빵 및 과자류,220g,237,,10.0,,,,,,,,,,,,,0.0,,,,,
버거_새우베이컨 버거,버거,빵 및 과자류,211g,255,,8.06,,,,,,,,,,,,,0.0,,,,,
버거_클래식치즈 버거 버터번,버거,빵 및 과자류,146g,337,,10.96,,,,,,,,,,,,,0.0,,,,,
버거_티렉스버거 T-REX 버거,버거,빵 및 과자류,213g,217,,12.21,,,,,,,,,,,,,0.0,,,,,
버거_간장마늘싸이 버거,버거,빵 및 과자류,238g,248,,11.34,,,,,,,,,,,,,0.0,,,,,
버거_내슈빌핫치킨 버거,버거,빵 및 과자류,267g,251,,11.24,,,,,,,,,,,,,0.0,,,,,
버거_딥치즈 버거,버거,빵 및 과자류,281g,215,16.01,14.95,,,,,,,,,,,,,0.0,,,,,
버거_불고기 버거,버거,빵 및 과자류,164g,246,28.05,8.54,,,,,,,,,,,,,0.0,,,,,
버거_불싸이 버거,버거,빵 및 과자류,230g,236,23.91,12.17,,,,,,,,,,,,,0.0,,,,,
버거_살사리코 버거,버거,빵 및 과자류,279g,235,,11.11,,,,,,,,,,,,,0.0,,,,,
버거_새우불고기 버거,버거,빵 및 과자류,252g,238,26.59,7.54,,,,,,,,,,,,,0.0,,,,,
버거_싸이 버거,버거,빵 및 과자류,230g,258,19.13,12.17,,,,,,,,,,,,,0.0,,,,,
버거_싸이플렉스 버거,버거,빵 및 과자류,406g,244,19.21,10.84,,,,,,,,,,,,,0.0,,,,,
버거_양념치킨싸이 버거,버거,빵 및 과자류,260g,253,,11.15,,,,,,,,,,,,,0.0,,,,,
버거_언빌리버블 버거,버거,빵 및 과자류,338g,228,17.16,13.31,,,,,,,,,,,,,0.0,,,,,
버거_에그불고기 버거,버거,빵 및 과자류,211g,236,,9.48,,,,,,,,,,,,,0.0,,,,,
버거_인크레더블 버거,버거,빵 및 과자류,312g,240,19.23,12.18,,,,,,,,,,,,,0.0,,,,,
버거_치즈베이컨 버거,버거,빵 및 과자류,320g,201,,13.75,,,,,,,,,,,,,0.0,,,,,
버거_치즈홀릭 버거 체다,버거,빵 및 과자류,354g,226,,14.69,,,,,,,,,,,,,0.0,,,,,
버거_텍사스바비큐치킨 버거,버거,빵 및 과자류,285g,211,,11.58,,,,,,,,,,,,,0.0,,,,,
버거_통새우 버거,버거,빵 및 과자류,178g,252,30.34,6.74,,,,,,,,,,,,,0.0,,,,,
버거_할라피뇨통살 버거,버거,빵 및 과자류,267g,236,18.73,10.11,,,,,,,,,,,,,0.0,,,,,
버거_햄치즈휠렛 버거,버거,빵 및 과자류,321g,210,,14.64,,,,,,,,,,,,,0.0,,,,,
버거_화이트갈릭 버거,버거,빵 및 과자류,298g,235,16.78,15.1,,,,,,,,,,,,,0.0,,,,,
버거_휠렛 버거,버거,빵 및 과자류,288g,203,15.63,13.54,,,,,,,,,,,,,0.0,,,,,
버거_갈릭바베큐치킨 버거,버거,빵 및 과자류,287g,232,18.47,11.15,,,,,,,,,,,,,0.0,,,,,
버거_골든맥앤치즈비프 버거,버거,빵 및 과자류,236g,250,19.49,12.29,,,,,,,,,,,,,0.0,,,,,
버거_골든맥앤치즈치킨 버거,버거,빵 및 과자류,289g,217,23.53,10.03,,,,,,,,,,,,,0.0,,,,,
버거_그릴드더블비프 버거,버거,빵 및 과자류,329g,251,12.16,15.2,,,,,,,,,,,,,0.0,,,,,
버거_그릴드비프 버거,버거,빵 및 과자류,233g,242,16.74,12.02,,,,,,,,,,,,,0.0,,,,,
버거_디럭스불고기 버거,버거,빵 및 과자류,236g,260,23.31,10.17,,,,,,,,,,,,,0.0,,,,,
버거_딥치즈싸이 버거,버거,빵 및 과자류,246g,266,19.92,12.2,,,,,,,,,,,,,0.0,,,,,
버거_마라싸이 버거,버거,빵 및 과자류,224g,289,24.55,12.5,,,,,,,,,,,,,0.0,,,,,
버거_비프스테이크 버거,버거,빵 및 과자류,270g,274,18.15,13.33,,,,,,,,,,,,,0.0,,,,,
버거_쉬림프싸이플렉스 버거,버거,빵 및 과자류,301g,285,24.92,9.63,,,,,,,,,,,,,0.0,,,,,
버거_트리플딥치즈비프 버거,버거,빵 및 과자류,251g,251,15.54,13.55,,,,,,,,,,,,,0.0,,,,,
버거_트리플딥치즈싸이 버거,버거,빵 및 과자류,272g,242,19.85,11.4,,,,,,,,,,,,,0.0,,,,,
버거_화이트갈릭싸이 버거,버거,빵 및 과자류,263g,289,19.01,14.07,,,,,,,,,,,,,0.0,,,,,
버거_1955 버거,버거,빵 및 과자류,264g,217,18.18,10.98,,,,,,,,,,,,,0.0,,,,,
버거_맥치킨 버거,버거,빵 및 과자류,206g,254,23.3,10.19,,,,,,,,,,,,,0.0,,,,,
버거_맥치킨모짜렐라 버거,버거,빵 및 과자류,293g,254,25.94,10.58,,,,,,,,,,,,,0.0,,,,,
버거_베이컨토마토디럭스 버거,버거,빵 및 과자류,247g,231,21.86,11.74,,,,,,,,,,,,,0.0,,,,,
버거_불고기 버거,버거,빵 및 과자류,167g,245,26.35,8.38,,,,,,,,,,,,,0.0,,,,,
버거_빅맥 버거,버거,빵 및 과자류,223g,261,22.42,12.11,,,,,,,,,,,,,0.0,,,,,
버거_슈비 버거,버거,빵 및 과자류,269g,201,23.79,7.43,,,,,,,,,,,,,0.0,,,,,
버거_슈슈 버거,버거,빵 및 과자류,224g,183,26.79,5.36,,,,,,,,,,,,,0.0,,,,,
버거_에그불고기 버거,버거,빵 및 과자류,222g,221,19.82,9.46,,,,,,,,,,,,,0.0,,,,,
버거_치즈 버거,버거,빵 및 과자류,115g,277,30.43,13.91,,,,,,,,,,,,,0.0,,,,,
버거_쿼터파운더치즈 버거,버거,빵 및 과자류,198g,271,21.21,15.66,,,,,,,,,,,,,0.0,,,,,
버거_맥스파이시상하이 버거,버거,빵 및 과자류,246g,204,21.54,9.76,,,,,,,,,,,,,0.0,,,,,
버거_케이준비프 스낵랩,버거,빵 및 과자류,102g,302,22.55,10.78,,,,,,,,,,,,,0.0,,,,,
버거_트리플치즈 버거,버거,빵 및 과자류,219g,283,19.63,16.44,,,,,,,,,,,,,0.0,,,,,
버거_햄버거,버거,빵 및 과자류,101g,263,32.67,12.87,,,,,,,,,,,,,0.0,,,,,
버거_더블와퍼 버거,버거,빵 및 과자류,360g,234,,12.5,,,,,,,,,,,,,0.0,,,,,
버거_롱치킨 버거,버거,빵 및 과자류,210g,272,,11.9,,,,,,,,,,,,,0.0,,,,,
버거_몬스터와퍼 버거,버거,빵 및 과자류,417g,253,,12.47,,,,,,,,,,,,,0.0,,,,,
버거_바비큐킹치킨 버거,버거,빵 및 과자류,168g,278,,11.31,,,,,,,,,,,,,0.0,,,,,
버거_베이컨치즈와퍼 버거,버거,빵 및 과자류,315g,248,,11.75,,,,,,,,,,,,,0.0,,,,,
버거_불고기 버거,버거,빵 및 과자류,140g,265,,12.14,,,,,,,,,,,,,0.0,,,,,
버거_스태커2와퍼 버거,버거,빵 및 과자류,424g,255,,13.68,,,,,,,,,,,,,0.0,,,,,
버거_와퍼 버거,버거,빵 및 과자류,278g,223,,10.43,,,,,,,,,,,,,0.0,,,,,
버거_직화버섯소불고기 버거,버거,빵 및 과자류,193g,239,,7.77,,,,,,,,,,,,,0.0,,,,,
버거_직화소불고기버거,버거,빵 및 과자류,178g,257,,7.87,,,,,,,,,,,,,0.0,,,,,
버거_치즈 버거,버거,빵 및 과자류,134g,288,,12.69,,,,,,,,,,,,,0.0,,,,,
버거_콰트로치즈와퍼 버거,버거,빵 및 과자류,309g,249,,12.94,,,,,,,,,,,,,0.0,,,,,
버거_킹치킨 버거,버거,빵 및 과자류,178g,299,,11.24,,,,,,,,,,,,,0.0,,,,,
버거_통새우와퍼 버거,버거,빵 및 과자류,328g,226,,10.37,,,,,,,,,,,,,0.0,,,,,
버거_할라피뇨와퍼 버거,버거,빵 및 과자류,298g,210,,9.73,,,,,,,,,,,,,0.0,,,,,
버거_갈릭불고기와퍼 버거,버거,빵 및 과자류,299g,232,,10.7,,,,,,,,,,,,,0.0,,,,,
버거_바비큐치킨 버거,버거,빵 및 과자류,168g,278,,11.31,,,,,,,,,,,,,0.0,,,,,
버거_비프&슈림프 버거,버거,빵 및 과자류,244g,235,,9.84,,,,,,,,,,,,,0.0,,,,,
버거_슈림프 버거,버거,빵 및 과자류,173g,254,,8.09,,,,,,,,,,,,,0.0,,,,,
버거_치킨 버거,버거,빵 및 과자류,178g,302,,10.11,,,,,,,,,,,,,0.0,,,,,
버거_통새우슈림프 버거,버거,빵 및 과자류,189g,243,,8.47,,,,,,,,,,,,,0.0,,,,,
버거_불고기 버거,버거,빵 및 과자류,180g,247,11.67,8.33,,,,,,,,,,,,,0.0,,,,,
버거_징거 더블다운맥스 버거,버거,빵 및 과자류,349g,216,8.97,16.62,,,,,,,,,,,,,0.0,,,,,
버거_징거 버거,버거,빵 및 과자류,235g,201,5.23,13.19,,,,,,,,,,,,,0.0,,,,,
버거_타워 버거,버거,빵 및 과자류,286g,220,18.18,11.89,,,,,,,,,,,,,0.0,,,,,
버거_핫치즈징거 버거,버거,빵 및 과자류,271g,192,,12.55,,,,,,,,,,,,,0.0,,,,,
버거_징거 BLT 버거,버거,빵 및 과자류,259g,210,15.06,13.51,,,,,,,,,,,,,0.0,,,,,
버섯 덮밥,버섯 덮밥,밥류,572ml,101,18.47,2.6,5.0,77.0,0.26,9.21,0.69,0.9,,,,,0.01,9.0,0.866,8.72,,0.9,0.0,0.1
버섯 덮밥,버섯 덮밥,밥류,572ml,101,18.47,2.6,5.0,77.0,0.26,9.21,0.69,0.9,,,,,0.01,9.0,0.866,8.72,,0.9,0.0,0.1
버섯 매운탕,버섯 매운탕,찌개 및 전골류,800ml,45,6.93,2.4,9.0,199.0,0.51,14.21,0.59,2.0,,,,,0.01,16.0,1.166,16.32,,2.72,0.0,0.25
버섯 매운탕,버섯 매운탕,찌개 및 전골류,800ml,45,6.93,2.4,9.0,199.0,0.51,14.21,0.59,2.0,,,,,0.01,16.0,1.166,16.32,,2.72,0.0,0.25
버섯 샤브샤브,버섯 샤브샤브,찌개 및 전골류,488ml,27,2.46,2.0,6.0,121.0,0.36,6.58,0.52,1.0,,,,,0.01,4.0,0.975,14.55,,3.05,0.0,0.08
버섯 잡채,버섯 잡채,채소볶음류,200ml,149,6.28,4.8,80.0,186.0,1.74,32.2,1.26,2.9,,,,,0.29,43.0,2.089,26.74,,1.1,0.06,0.66
버섯구이,버섯구이,육류 및 채소구이류,80g,52,4.78,5.16,2.0,399.0,0.73,13.64,1.8,3.6,3035.14,233.31,8.95,13.88,,0.0,2.126,28.08,0.0,0.0,0.0,
버섯구이_새송이버섯,버섯구이,육류 및 채소구이류,80g,84,11.66,4.29,1.0,374.0,0.6,17.38,1.18,5.7,2833.4,220.44,16.11,10.73,,0.0,2.538,38.38,0.0,0.0,0.0,
버섯구이표고버섯,버섯구이표고버섯,육류 및 채소구이류,80g,100,18.14,4.34,3.0,439.0,0.68,21.98,2.19,11.1,3143.91,225.36,18.93,5.66,,0.0,0.514,35.85,0.0,0.0,0.0,
버섯국,버섯국,국 및 탕류,320ml,42,2.71,3.3,11.0,189.0,0.56,13.05,0.83,1.4,,,,,0.02,3.0,1.416,25.19,,1.09,0.0,0.05
버섯무침_느타리버섯,버섯무침,채소무침류,150g,59,3.44,2.74,8.0,117.0,0.36,13.99,1.16,4.7,2379.29,194.94,37.61,2.05,,0.0,1.493,6.72,0.0,0.0,0.0,
버섯볶음_느타리,버섯볶음,채소볶음류,50g,94,6.78,2.8,5.0,187.0,0.48,16.74,0.68,4.5,1873.6,136.88,22.52,1.74,,0.0,0.7,14.38,0.0,3.62,0.0,
버섯볶음_새송이버섯,버섯볶음,채소볶음류,120g,121,9.29,2.95,2.0,313.0,0.44,14.41,0.92,4.1,2219.52,154.09,34.01,4.73,,13.0,5.125,27.15,0.0,1.83,0.0,
버섯볶음_양송이버섯,버섯볶음,채소볶음류,150g,91,7.33,3.0,12.0,325.0,0.0,15.26,0.57,3.1,-,132.39,21.45,20.19,,10.0,0.54,14.0,,1.2,,
버섯볶음_표고버섯,버섯볶음,채소볶음류,150g,95,10.53,3.0,14.0,211.0,0.0,16.61,0.84,6.2,-,133.79,24.67,5.78,,9.0,0.533,13.37,,1.0,,
버섯전_표고버섯,버섯전,전·적 및 부침류,150g,181,12.74,10.13,27.0,302.0,1.26,24.53,1.79,7.4,6317.09,462.01,80.41,9.43,,5.0,3.0440000000000005,45.61,0.43,2.76,0.0,
버섯전,버섯전,전·적 및 부침류,150g,160,10.8,7.02,28.0,256.0,0.0,18.37,1.04,3.6,-,575.79,101.9,13.02,,9.0,1.6380000000000001,19.53,0.0,0.0,,
버섯전,버섯전,전·적 및 부침류,49.5ml,202,25.31,6.7,14.0,262.0,0.97,18.15,0.79,2.7,,,,,0.49,17.0,3.475,44.4,,0.11,0.15,1.03
버섯전,버섯전,전·적 및 부침류,40ml,141,12.64,4.6,20.0,140.0,0.7,10.46,0.51,1.5,,,,,0.47,48.0,1.5750000000000002,32.13,,0.86,0.32,0.99
버섯전,버섯전,전·적 및 부침류,49.5ml,202,25.31,6.7,14.0,262.0,0.97,18.15,0.79,2.7,,,,,0.49,17.0,3.475,44.4,,0.11,0.15,1.03
버섯전,버섯전,전·적 및 부침류,86.5ml,164,20.54,5.4,11.0,212.0,0.79,14.69,0.64,2.2,,,,,0.4,14.0,2.8179999999999996,35.98,,0.09,0.12,0.84
버섯전골,버섯전골,찌개 및 전골류,300g,78,4.78,5.14,10.0,129.0,1.03,9.97,2.2,2.9,4607.51,403.16,72.05,3.0,,4.0,0.6599999999999999,1.9,0.48,0.81,0.0,
버섯전골,버섯전골,찌개 및 전골류,488ml,28,2.89,2.1,7.0,144.0,0.42,7.26,0.55,1.3,,,,,0.01,4.0,1.076,18.79,,3.05,0.0,0.08
버섯전골_소고기,버섯전골,찌개 및 전골류,400ml,59,4.69,4.11,11.0,159.0,0.86,,,1.2,,,,,,17.0,1.332,16.65,,1.19,0.0,
버섯전골,버섯전골,찌개 및 전골류,272ml,36,3.22,2.6,17.0,149.0,0.47,18.59,0.57,1.3,,,,,0.04,18.0,0.943,18.63,,1.85,0.0,0.17
버섯전골,버섯전골,찌개 및 전골류,272ml,36,3.22,2.6,17.0,149.0,0.47,18.59,0.57,1.3,,,,,0.04,18.0,0.943,18.63,,1.85,0.0,0.17
버섯전골_간편조리세트_남도식 들깨 버섯전골,버섯전골,찌개 및 전골류,968g,40,4.54,2.14,26.0,105.0,0.9,,,1.9,,,,,,,0.7,,,0.75,0.0,
버섯조림,버섯조림,조림류,150g,60,6.23,4.38,10.0,308.0,0.78,19.69,1.45,4.0,2940.97,234.21,31.75,5.27,,0.0,0.8799999999999999,22.48,0.0,0.0,0.0,
버섯조림,버섯조림,조림류,60ml,33,6.83,2.04,6.0,172.0,0.33,,,1.6,,,,,,5.0,2.677,27.18,,0.71,0.01,
버섯찌개,버섯찌개,찌개 및 전골류,400g,42,3.85,3.68,18.0,164.0,0.0,14.22,0.75,2.0,-,257.5,63.44,6.16,,10.0,0.543,17.61,0.17,0.17,,
버섯찌개,버섯찌개,찌개 및 전골류,270ml,60,8.54,4.0,24.0,316.0,0.88,27.49,0.9,3.2,,,,,0.07,33.0,2.605,31.04,,3.27,0.0,0.83
버섯찌개,버섯찌개,찌개 및 전골류,257.4ml,32,4.46,2.2,8.0,149.0,0.36,8.24,0.56,1.7,,,,,0.01,19.0,1.2770000000000001,15.86,,2.12,0.0,0.16
버섯찌개,버섯찌개,찌개 및 전골류,257.4ml,32,4.27,2.2,7.0,145.0,0.38,8.18,0.56,1.5,,,,,0.01,19.0,1.233,15.75,,2.15,0.0,0.16
버섯찌개,버섯찌개,찌개 및 전골류,270ml,60,8.54,4.0,24.0,316.0,0.88,27.49,0.9,3.2,,,,,0.07,33.0,2.605,31.04,,3.27,0.0,0.83
버터빵_버터 소금빵,버터빵,빵 및 과자류,75g,365,,8.0,,,,,,,,,,,,,0.0,,,,,
버터빵_고메소금빵,버터빵,빵 및 과자류,53g,374,,9.43,,,,,,,,,,,,,0.0,,,,,
버터빵_소금버터롤,버터빵,빵 및 과자류,62g,363,,11.29,,,,,,,,,,,,,0.0,,,,,
버터빵_뺑오플레르,버터빵,빵 및 과자류,50g,339,,8.2,,,,,,,,,,,,,0.0,,,,,
버터빵_소금빵,버터빵,빵 및 과자류,65g,432,,15.38,,,,,,,,,,,,,0.0,,,,,
버터빵_버터롤,버터빵,빵 및 과자류,100g,320,48.0,8.0,,,,,,,,,,,,,0.0,,,,,
버터빵_약과 버터바,버터빵,빵 및 과자류,148g,432,,4.05,,,,,,,,,,,,,0.0,,,,,
버터크림빵,버터크림빵,빵 및 과자류,60g,383,46.23,8.18,40.0,113.0,0.0,0.0,0.0,2.6,-,0.0,0.0,0.0,,47.0,3.113,0.0,0.0,0.0,,
번_모카빵,번,빵 및 과자류,207g,355,,8.0,,,,,,,,,,,,,0.0,,,,,
번_쁘띠모카빵,번,빵 및 과자류,144g,351,,8.33,,,,,,,,,,,,,0.0,,,,,
번_아몬드모카빵,번,빵 및 과자류,190g,352,,9.0,,,,,,,,,,,,,0.0,,,,,
번_커피번,번,빵 및 과자류,69g,387,,7.25,,,,,,,,,,,,,0.0,,,,,
번_카페모카빵 (대),번,빵 및 과자류,260g,362,,8.08,,,,,,,,,,,,,0.0,,,,,
번_카페모카빵 (소),번,빵 및 과자류,130g,362,,8.46,,,,,,,,,,,,,0.0,,,,,
번_딸기번,번,빵 및 과자류,95g,424,62.11,8.42,,,,,,,,,,,,,0.0,,,,,
번_로띠번,번,빵 및 과자류,95g,369,53.68,9.47,,,,,,,,,,,,,0.0,,,,,
번_바닐라번,번,빵 및 과자류,95g,360,53.68,8.42,,,,,,,,,,,,,0.0,,,,,
번_초코번,번,빵 및 과자류,95g,396,53.68,8.42,,,,,,,,,,,,,0.0,,,,,
번_크림치즈번,번,빵 및 과자류,105g,359,55.24,8.57,,,,,,,,,,,,,0.0,,,,,
번_플레이번 모카,번,빵 및 과자류,87g,337,54.02,9.2,,,,,,,,,,,,,0.0,,,,,
번_플레이번 바닐라,번,빵 및 과자류,87g,343,54.02,9.2,,,,,,,,,,,,,0.0,,,,,
번_호두카야번,번,빵 및 과자류,105g,401,55.24,8.57,,,,,,,,,,,,,0.0,,,,,
번_악마의 초코번,번,빵 및 과자류,106g,304,40.57,5.66,,,,,,,,,,,,,0.0,,,,,
번_악마의 크림번,번,빵 및 과자류,105g,304,40.95,5.71,,,,,,,,,,,,,0.0,,,,,
번_오리지널 핫 번,번,빵 및 과자류,60g,400,,6.67,,,,,,,,,,,,,0.0,,,,,
번_핫 치즈번,번,빵 및 과자류,60g,392,,6.67,,,,,,,,,,,,,0.0,,,,,
번_커피콩빵,번,빵 및 과자류,100g,374,,5.84,,,,,,,,,,,,,0.0,,,,,
번_쿠키&크림 번버거,번,빵 및 과자류,201g,295,,4.18,,,,,,,,,,,,,0.0,,,,,
번_티라미수 번버거,번,빵 및 과자류,191g,282,,4.61,,,,,,,,,,,,,0.0,,,,,
번_모카번,번,빵 및 과자류,60g,400,,6.67,,,,,,,,,,,,,0.0,,,,,
번_치즈번,번,빵 및 과자류,60g,392,,6.67,,,,,,,,,,,,,0.0,,,,,
번_모카번,번,빵 및 과자류,80g,391,,6.25,,,,,,,,,,,,,0.0,,,,,
번_커피콩빵,번,빵 및 과자류,70g,423,,8.57,,,,,,,,,,,,,0.0,,,,,
번_모카빵 (소),번,빵 및 과자류,109g,335,,6.42,,,,,,,,,,,,,0.0,,,,,
번_미니모카빵,번,빵 및 과자류,55g,336,,7.27,,,,,,,,,,,,,0.0,,,,,
번_모카크림 치즈번,번,빵 및 과자류,95g,337,28.42,7.37,,,,,,,,,,,,,0.0,,,,,
번_아다지오생크림커피번,번,빵 및 과자류,125g,404,44.0,5.6,,,,,,,,,,,,,0.0,,,,,
번_아다지오커피번,번,빵 및 과자류,100g,405,55.0,6.0,,,,,,,,,,,,,0.0,,,,,
번_옥수수콘크림번,번,빵 및 과자류,87g,316,37.93,5.75,,,,,,,,,,,,,0.0,,,,,
번_카페모카빵,번,빵 및 과자류,216g,331,59.72,7.41,,,,,,,,,,,,,0.0,,,,,
번_카페모카빵 (소),번,빵 및 과자류,108g,329,60.19,7.41,,,,,,,,,,,,,0.0,,,,,
번데기탕,번데기탕,찌개 및 전골류,200ml,23,0.42,2.2,8.0,26.0,0.29,22.71,0.84,0.2,,,,,0.01,2.0,0.33499999999999996,9.57,,0.73,0.0,0.17
베이글_어니언 베이글,베이글,빵 및 과자류,100g,293,,10.0,,,,,,,,,,,,,0.0,,,,,
베이글_플레인 리코타 치즈 베이글,베이글,빵 및 과자류,120g,242,,8.33,,,,,,,,,,,,,0.0,,,,,
베이글_플레인 베이글,베이글,빵 및 과자류,100g,298,,10.0,,,,,,,,,,,,,0.0,,,,,
베이글_깜빠뉴 베이글,베이글,빵 및 과자류,110g,328,52.73,10.91,,,,,,,,,,,,,0.0,,,,,
베이글_블루베리 베이글,베이글,빵 및 과자류,110g,318,52.73,10.0,,,,,,,,,,,,,0.0,,,,,
베이글_플레인 베이글,베이글,빵 및 과자류,110g,273,54.55,10.0,,,,,,,,,,,,,0.0,,,,,
베이글_바질 베이글,베이글,빵 및 과자류,110g,268,50.91,10.0,,,,,,,,,,,,,0.0,,,,,
베이글_소시지 인 치즈 베이글,베이글,빵 및 과자류,108g,283,,12.96,,,,,,,,,,,,,0.0,,,,,
베이글_트러플치즈 베이글,베이글,빵 및 과자류,110g,273,50.0,10.0,,,,,,,,,,,,,0.0,,,,,
베이글_블루베리 베이글,베이글,빵 및 과자류,100g,306,,11.0,,,,,,,,,,,,,0.0,,,,,
베이글_어니언 베이글,베이글,빵 및 과자류,100g,293,,10.0,,,,,,,,,,,,,0.0,,,,,
베이글_크림치즈 베이글,베이글,빵 및 과자류,172g,319,,9.0,,,,,,,,,,,,,0.0,,,,,
베이글_플레인 베이글,베이글,빵 및 과자류,100g,298,,10.0,,,,,,,,,,,,,0.0,,,,,
베이글_데일리블루베리 베이글,베이글,빵 및 과자류,105g,288,,8.57,,,,,,,,,,,,,0.0,,,,,
베이글_데일리월넛 베이글,베이글,빵 및 과자류,105g,370,,9.52,,,,,,,,,,,,,0.0,,,,,
베이글_무화과 크림치즈 베이글,베이글,빵 및 과자류,144g,285,45.7,6.7,,,,,,,,,,,,,0.0,,,,,
베이글_베이컨갈릭크림치즈,베이글,빵 및 과자류,220g,325,34.4,11.0,,,,,,,,,,,,,0.0,,,,,
베이글_어니언치즈크림,베이글,빵 및 과자류,300g,299,,2.9,,,,,,,,,,,,,0.0,,,,,
베이글_쪽파 베이컨 크림치즈 베이글,베이글,빵 및 과자류,136g,297,35.0,9.2,,,,,,,,,,,,,0.0,,,,,
베이글_블루베리 베이글,베이글,빵 및 과자류,110g,325,,10.91,,,,,,,,,,,,,0.0,,,,,
베이글_플레인 베이글,베이글,빵 및 과자류,110g,316,,10.91,,,,,,,,,,,,,0.0,,,,,
베이글_바질 베이글,베이글,빵 및 과자류,100g,339,59.0,10.0,,,,,,,,,,,,,0.0,,,,,
베이글_버터 베이글,베이글,빵 및 과자류,100g,353,58.0,10.0,,,,,,,,,,,,,0.0,,,,,
베이글_어니언 베이글,베이글,빵 및 과자류,100g,280,52.0,11.0,,,,,,,,,,,,,0.0,,,,,
베이글_플레인 베이글,베이글,빵 및 과자류,100g,260,51.0,12.0,,,,,,,,,,,,,0.0,,,,,
베이글_리얼 블루베리 베이글,베이글,빵 및 과자류,100g,261,,10.0,,,,,,,,,,,,,0.0,,,,,
베이글_리얼 치즈 베이글,베이글,빵 및 과자류,110g,273,,10.91,,,,,,,,,,,,,0.0,,,,,
베이글_블루베리 베이글,베이글,빵 및 과자류,113g,305,,10.58,,,,,,,,,,,,,0.0,,,,,
베이글_어니언 베이글,베이글,빵 및 과자류,113g,290,,9.7,,,,,,,,,,,,,0.0,,,,,
베이글_플레인 베이글,베이글,빵 및 과자류,113g,280,,10.58,,,,,,,,,,,,,0.0,,,,,
베이글_블루베리 베이글,베이글,빵 및 과자류,100g,280,,7.0,,,,,,,,,,,,,0.0,,,,,
베이글_어니언 베이글,베이글,빵 및 과자류,100g,280,,7.0,,,,,,,,,,,,,0.0,,,,,
베이글_플레인 베이글,베이글,빵 및 과자류,100g,295,,11.0,,,,,,,,,,,,,0.0,,,,,
베이글_블루베리 베이글,베이글,빵 및 과자류,110g,251,,10.0,,,,,,,,,,,,,0.0,,,,,
베이글_어니언 베이글,베이글,빵 및 과자류,110g,258,,9.09,,,,,,,,,,,,,0.0,,,,,
베이글_플레인 베이글,베이글,빵 및 과자류,110g,251,,10.0,,,,,,,,,,,,,0.0,,,,,
베이글_플레인 베이글,베이글,빵 및 과자류,110g,277,,10.0,,,,,,,,,,,,,0.0,,,,,
베이글_블루베리 베이글,베이글,빵 및 과자류,110g,325,,10.0,,,,,,,,,,,,,0.0,,,,,
베이글_어니언 베이글,베이글,빵 및 과자류,110g,324,,10.91,,,,,,,,,,,,,0.0,,,,,
베이글_플레인 베이글,베이글,빵 및 과자류,110g,316,,10.91,,,,,,,,,,,,,0.0,,,,,
베이글_어니언 베이글,베이글,빵 및 과자류,110g,290,,10.0,,,,,,,,,,,,,0.0,,,,,
베이글_치즈 베이글,베이글,빵 및 과자류,120g,279,,10.83,,,,,,,,,,,,,0.0,,,,,
베이글_크림치즈 프레즐,베이글,빵 및 과자류,100g,279,,8.0,,,,,,,,,,,,,0.0,,,,,
베이글_플레인 베이글,베이글,빵 및 과자류,110g,281,,10.91,,,,,,,,,,,,,0.0,,,,,
베이글_블루베리 베이글,베이글,빵 및 과자류,113g,305,,10.58,,,,,,,,,,,,,0.0,,,,,
베이글_어니언 베이글,베이글,빵 및 과자류,113g,290,,9.7,,,,,,,,,,,,,0.0,,,,,
베이글_플레인 베이글,베이글,빵 및 과자류,113g,280,,10.58,,,,,,,,,,,,,0.0,,,,,
베이글_컬러 베이글,베이글,빵 및 과자류,110g,241,,5.73,,,,,,,,,,,,,0.0,,,,,
베이글_베이컨 파 크림치즈 베이글,베이글,빵 및 과자류,180g,294,,7.22,,,,,,,,,,,,,0.0,,,,,
베이글_에그 햄 치즈 베이글,베이글,빵 및 과자류,210g,227,33.33,11.43,,,,,,,,,,,,,0.0,,,,,
베이글_블루베리 베이글,베이글,빵 및 과자류,110g,255,,9.09,,,,,,,,,,,,,0.0,,,,,
베이글_어니언 베이글,베이글,빵 및 과자류,110g,258,,9.09,,,,,,,,,,,,,0.0,,,,,
베이글_치즈 베이글,베이글,빵 및 과자류,110g,324,,10.0,,,,,,,,,,,,,0.0,,,,,
베이글_플레인 베이글,베이글,빵 및 과자류,110g,251,,10.0,,,,,,,,,,,,,0.0,,,,,
베이글_베이글 먹물치즈,베이글,빵 및 과자류,105g,249,49.52,9.52,,,,,,,,,,,,,0.0,,,,,
베이글_베이글 블루베리,베이글,빵 및 과자류,105g,267,54.29,9.52,,,,,,,,,,,,,0.0,,,,,
베이글_베이글 초코,베이글,빵 및 과자류,105g,276,50.48,13.33,,,,,,,,,,,,,0.0,,,,,
베이글_베이글 크랜베리·호두,베이글,빵 및 과자류,105g,286,47.62,13.33,,,,,,,,,,,,,0.0,,,,,
베이글_베이글 플레인,베이글,빵 및 과자류,105g,200,,20.95,,,,,,,,,,,,,0.0,,,,,
베이글_블루베리 베이글,베이글,빵 및 과자류,110g,291,58.18,9.09,,,,,,,,,,,,,0.0,,,,,
베이글_어니언 베이글,베이글,빵 및 과자류,110g,291,58.18,10.0,,,,,,,,,,,,,0.0,,,,,
베이글_플레인 베이글,베이글,빵 및 과자류,110g,277,55.45,9.09,,,,,,,,,,,,,0.0,,,,,
베이글_메이플 크림치즈 베이글,베이글,빵 및 과자류,170g,301,,10.59,,,,,,,,,,,,,0.0,,,,,
베이글_바질&토마토 크림치즈 베이글,베이글,빵 및 과자류,183g,292,,9.29,,,,,,,,,,,,,0.0,,,,,
베이글_월넛 크림치즈 베이글,베이글,빵 및 과자류,180g,322,,10.0,,,,,,,,,,,,,0.0,,,,,
베이글_플레인베이글,베이글,빵 및 과자류,110g,264,,9.09,,,,,,,,,,,,,0.0,,,,,
베이글_호두베이글,베이글,빵 및 과자류,110g,277,,10.91,,,,,,,,,,,,,0.0,,,,,
베이글_블루베리 베이글허니월넛크림치즈,베이글,빵 및 과자류,95g,284,,7.37,,,,,,,,,,,,,0.0,,,,,
베이글_크림치즈 베이글,베이글,빵 및 과자류,95g,268,,7.37,,,,,,,,,,,,,0.0,,,,,
베이글_플레인 베이글피자,베이글,빵 및 과자류,90g,239,,7.78,,,,,,,,,,,,,0.0,,,,,
베이글_플레인 베이글허니월넛크림치즈,베이글,빵 및 과자류,95g,305,,7.37,,,,,,,,,,,,,0.0,,,,,
베이글_갈릭크림치즈 베이글,베이글,빵 및 과자류,136g,320,45.59,7.35,,,,,,,,,,,,,0.0,,,,,
베이글_갈릭크림치즈 베이글(파베이크),베이글,빵 및 과자류,140g,329,44.29,7.14,,,,,,,,,,,,,0.0,,,,,
베이글_멀티그레인 베이글,베이글,빵 및 과자류,122g,303,45.9,9.02,,,,,,,,,,,,,0.0,,,,,
베이글_멀티그레인 베이글&허니월넛크림치즈,베이글,빵 및 과자류,167g,296,46.11,8.38,,,,,,,,,,,,,0.0,,,,,
베이글_메이플피칸 베이글,베이글,빵 및 과자류,116g,276,44.83,7.76,,,,,,,,,,,,,0.0,,,,,
베이글_블랙올리브 베이글&어니언부추크림치즈,베이글,빵 및 과자류,199g,279,34.17,7.54,,,,,,,,,,,,,0.0,,,,,
베이글_블랙올리브 베이글&어니언부추크림치즈(파베이크),베이글,빵 및 과자류,192g,292,37.5,7.29,,,,,,,,,,,,,0.0,,,,,
베이글_블랙올리브 베이글(파베이크),베이글,빵 및 과자류,120g,288,50.0,7.5,,,,,,,,,,,,,0.0,,,,,
베이글_블랙올리브치즈 베이글,베이글,빵 및 과자류,126g,274,44.44,7.94,,,,,,,,,,,,,0.0,,,,,
베이글_블루베리 베이글,베이글,빵 및 과자류,116g,272,50.0,6.9,,,,,,,,,,,,,0.0,,,,,
베이글_블루베리 베이글&허니월넛크림치즈,베이글,빵 및 과자류,161g,273,49.07,6.83,,,,,,,,,,,,,0.0,,,,,
베이글_시금치바질&토마토크림치즈,베이글,빵 및 과자류,205g,271,38.54,7.32,,,,,,,,,,,,,0.0,,,,,
베이글_시금치바질 베이글&플레인크림치즈,베이글,빵 및 과자류,200g,273,38.5,7.5,,,,,,,,,,,,,0.0,,,,,
베이글_시금치바질 베이글&플레인크림치즈(파베이크),베이글,빵 및 과자류,199g,284,38.69,7.54,,,,,,,,,,,,,0.0,,,,,
베이글_시금치바질 베이글(파베이크),베이글,빵 및 과자류,124g,286,51.61,8.06,,,,,,,,,,,,,0.0,,,,,
베이글_씨앗 베이글,베이글,빵 및 과자류,123g,289,47.97,8.94,,,,,,,,,,,,,0.0,,,,,
베이글_씨앗 베이글&솔티드카라멜크림치즈,베이글,빵 및 과자류,200g,305,40.0,8.0,,,,,,,,,,,,,0.0,,,,,
베이글_어니언 베이글,베이글,빵 및 과자류,116g,280,48.28,7.76,,,,,,,,,,,,,0.0,,,,,
베이글_어니언 베이글&고추장아찌크림치즈,베이글,빵 및 과자류,200g,258,35.5,7.0,,,,,,,,,,,,,0.0,,,,,
베이글_쫀득쫀득소시지 베이글,베이글,빵 및 과자류,111g,284,20.72,12.61,,,,,,,,,,,,,0.0,,,,,
베이글_콘치즈피자 베이글,베이글,빵 및 과자류,144g,226,28.47,8.33,,,,,,,,,,,,,0.0,,,,,
베이글_플레인 베이글,베이글,빵 및 과자류,116g,267,50.0,7.76,,,,,,,,,,,,,0.0,,,,,
베이글_플레인 베이글&솔티드카라멜크림치즈,베이글,빵 및 과자류,195g,300,36.92,7.18,,,,,,,,,,,,,0.0,,,,,
베이글_플레인 베이글&솔티드카라멜크림치즈(파베이크),베이글,빵 및 과자류,199g,327,39.7,7.54,,,,,,,,,,,,,0.0,,,,,
베이글_플레인 베이글&허니월넛크림치즈(파베이크),베이글,빵 및 과자류,164g,290,51.22,7.93,,,,,,,,,,,,,0.0,,,,,
베이글_플레인 베이글(파베이크),베이글,빵 및 과자류,120g,300,54.17,8.33,,,,,,,,,,,,,0.0,,,,,
베이글_뉴욕 치즈 타르트,베이글,빵 및 과자류,50g,310,,6.0,,,,,,,,,,,,,0.0,,,,,
베이글_블루베리베이글&크림치즈,베이글,빵 및 과자류,100g,306,,11.0,,,,,,,,,,,,,0.0,,,,,
베이글_뺑오레젱,베이글,빵 및 과자류,68g,375,,5.88,,,,,,,,,,,,,0.0,,,,,
베이글_어니언베이글&크림치즈,베이글,빵 및 과자류,100g,293,,10.0,,,,,,,,,,,,,0.0,,,,,
베이글_크로플 with 젤라또,베이글,빵 및 과자류,190g,329,,4.74,,,,,,,,,,,,,0.0,,,,,
베이글_플레인 베이글&크림치즈,베이글,빵 및 과자류,100g,298,,10.0,,,,,,,,,,,,,0.0,,,,,
베이글_블루베리 베이글&크림치즈,베이글,빵 및 과자류,138g,269,,8.7,,,,,,,,,,,,,0.0,,,,,
베이글_플레인 베이글&크림치즈,베이글,빵 및 과자류,138g,265,,9.42,,,,,,,,,,,,,0.0,,,,,
베이글,베이글,빵 및 과자류,120g,306,53.48,10.0,119.0,109.0,0.76,27.83,0.86,2.7,9086.51,625.59,114.1,18.63,,0.0,0.449,11.97,0.0,0.0,0.0,
베이컨떡말이구이,베이컨떡말이구이,육류 및 채소구이류,126.6ml,240,29.95,6.3,19.0,190.0,0.51,17.49,0.97,1.6,,,,,0.47,113.0,1.398,18.16,,15.51,0.14,0.87
베이컨떡말이구이,베이컨떡말이구이,육류 및 채소구이류,64ml,239,29.9,6.3,19.0,190.0,0.51,17.47,0.97,1.6,,,,,0.46,113.0,1.4,18.14,,15.54,0.14,0.87
베이컨떡말이구이,베이컨떡말이구이,육류 및 채소구이류,64ml,239,29.9,6.3,19.0,190.0,0.51,17.47,0.97,1.6,,,,,0.46,113.0,1.4,18.14,,15.54,0.14,0.87
베이컨떡말이구이,베이컨떡말이구이,육류 및 채소구이류,126.6ml,240,29.95,6.3,19.0,190.0,0.51,17.49,0.97,1.6,,,,,0.47,113.0,1.398,18.16,,15.51,0.14,0.87
베이컨채소볶음,베이컨채소볶음,볶음류,129ml,142,10.06,6.3,24.0,274.0,0.41,16.21,0.69,2.2,,,,,0.27,126.0,1.974,21.5,,28.14,0.19,0.61
베이컨채소볶음,베이컨채소볶음,볶음류,129ml,142,10.06,6.3,24.0,274.0,0.41,16.21,0.69,2.2,,,,,0.27,126.0,1.974,21.5,,28.14,0.19,0.61
병어구이,병어구이,생선구이류,49.7ml,244,0.45,21.4,30.0,476.0,0.53,33.66,0.65,0.0,,,,,1.95,82.0,4.7219999999999995,9.15,,1.31,6.54,2.6
병어조림,병어조림,조림류,100g,112,4.87,12.46,61.0,255.0,0.63,28.97,1.16,0.9,9708.19,837.24,179.33,33.1,,11.0,4.04,12.49,1.99,1.55,0.0,
병어조림,병어조림,조림류,191ml,72,3.43,7.8,18.0,284.0,0.39,19.07,0.41,1.0,,,,,0.46,35.0,1.8900000000000001,16.07,,3.68,2.09,0.92
병어찌개,병어찌개,찌개 및 전골류,298.8ml,54,3.4,5.3,20.0,181.0,0.39,22.07,0.35,1.0,,,,,0.3,36.0,1.087,13.33,,1.57,1.17,0.67
보리밥,보리밥,밥류,200g,161,36.77,2.9,7.0,28.0,0.2,7.18,0.76,2.4,2393.98,212.12,53.97,0.76,,0.0,0.08499999999999999,4.98,0.0,0.02,0.0,
보리밥,보리밥,밥류,300ml,117,25.22,2.6,6.0,52.0,0.38,14.58,0.67,1.9,,,,,0.01,0.0,0.40599999999999997,8.86,,0.03,0.0,0.18
보리밥,보리밥,밥류,190ml,118,25.69,2.26,3.0,59.0,0.52,,,0.7,,,,,,0.0,0.48200000000000004,6.29,,0.01,0.0,
보리밥,보리밥,밥류,280ml,120,26.31,2.2,3.0,59.0,0.48,,,0.5,,,,,,0.0,0.502,4.74,,0.0,0.0,
보리밥,보리밥,밥류,380ml,118,25.78,2.2,3.0,60.0,0.47,,,0.7,,,,,,0.0,0.496,4.48,,0.0,0.0,
보신탕,보신탕,찌개 및 전골류,600ml,42,2.12,3.0,19.0,103.0,0.72,12.74,0.74,1.1,,,,,0.15,33.0,0.508,14.19,,1.2,0.0,0.34
보쌈김치,보쌈김치,김치류,90g,30,3.73,2.19,38.0,261.0,0.58,21.42,0.58,2.3,1671.97,103.21,23.18,8.0,,10.0,0.421,24.82,0.31,0.54,0.0,
보쌈김치,보쌈김치,김치류,69.9ml,47,6.64,2.5,89.0,229.0,1.38,24.45,1.57,1.4,,,,,0.07,8.0,0.6789999999999999,28.38,,9.19,0.12,0.2
보쌈김치,보쌈김치,김치류,69.9ml,47,6.64,2.5,89.0,229.0,1.38,24.45,1.57,1.4,,,,,0.07,8.0,0.6789999999999999,28.38,,9.19,0.12,0.2
복 매운탕,복 매운탕,찌개 및 전골류,600ml,31,2.25,5.1,16.0,109.0,0.76,17.12,0.39,1.0,,,,,0.05,13.0,1.71,13.52,,1.31,1.25,0.43
복숭아홍차_피치얼그레이 아이스,복숭아홍차,음료 및 차류,414g,2,,0.0,,,,,,,,,,,,,0.0,,,,,
복숭아홍차_피치얼그레이 핫,복숭아홍차,음료 및 차류,414g,2,,0.0,,,,,,,,,,,,,0.0,,,,,
복숭아홍차_피치얼그레이티 아이스,복숭아홍차,음료 및 차류,591g,46,,0.0,,,,,,,,,,,,,0.0,,,,,
복숭아홍차_피치얼그레이티 핫,복숭아홍차,음료 및 차류,650g,42,,0.0,,,,,,,,,,,,,0.0,,,,,
복숭아홍차_복숭아 얼그레이 아이스,복숭아홍차,음료 및 차류,354g,31,,0.0,,,,,,,,,,,,,0.0,,,,,
복숭아홍차_복숭아 얼그레이 핫,복숭아홍차,음료 및 차류,354g,31,,0.0,,,,,,,,,,,,,0.0,,,,,
복어튀김,복어튀김,튀김류,100g,320,22.88,13.84,27.0,165.0,0.37,,,2.2,,,,,,,6.197,,,2.86,0.0,
복어튀김,복어튀김,튀김류,58.9ml,277,13.55,29.5,39.0,53.0,0.86,36.6,2.06,0.5,,,,,0.7,21.0,5.275,16.01,,0.03,7.31,1.85
복죽,복죽,죽 및 스프류,259ml,107,16.84,2.7,13.0,37.0,0.58,13.61,0.55,0.3,,,,,0.02,0.0,0.65,3.62,,0.18,0.0,0.22
복지리,복지리,찌개 및 전골류,600ml,30,1.49,5.6,19.0,101.0,0.78,17.05,0.41,0.6,,,,,0.05,6.0,2.197,13.0,,1.2,1.38,0.17
복찜,복찜,찜류,510ml,36,4.11,3.55,22.0,116.0,0.46,,,1.2,,,,,,12.0,0.928,20.24,,1.06,0.49,
볶음 우동,볶음 우동,면 및 만두류,707ml,59,6.42,2.0,19.0,32.0,0.19,4.38,0.12,0.4,,,,,0.15,4.0,0.209,4.67,,0.09,0.04,0.34
볶음 우동,볶음 우동,면 및 만두류,268.8ml,80,9.69,3.3,33.0,68.0,0.37,9.58,0.22,0.7,,,,,0.15,11.0,0.308,11.01,,0.2,0.09,0.43
볶음 우동,볶음 우동,면 및 만두류,268.8ml,80,9.69,3.3,33.0,68.0,0.37,9.58,0.22,0.7,,,,,0.15,11.0,0.308,11.01,,0.2,0.09,0.43
볶음 우동,볶음 우동,면 및 만두류,748.5ml,57,5.99,2.1,23.0,45.0,0.24,6.79,0.14,0.4,,,,,0.15,6.0,0.2,6.92,,0.16,0.04,0.34
볶음면_간편조리세트_소고기 야끼소바,볶음면,면 및 만두류,470g,190,13.81,6.55,23.0,121.0,0.59,,,3.5,,,,,,,0.696,,,0.33,0.0,
볶음밥_달걀듬뿍 볶음밥,볶음밥,밥류,100g,170,,5.38,,,,,,,,,,,,,0.0,,,,,
볶음밥_닭갈비 볶음밥,볶음밥,밥류,100g,180,,5.0,,,,,,,,,,,,,0.0,,,,,
볶음밥_의성마늘 볶음밥,볶음밥,밥류,100g,199,,3.41,,,,,,,,,,,,,0.0,,,,,
볶음밥_갈비천왕 치즈 치밥,볶음밥,밥류,100g,208,22.04,10.97,,,,,,,,,,,,,0.0,,,,,
볶음밥_볼케이노 치즈 치밥,볶음밥,밥류,100g,198,20.66,12.81,,,,,,,,,,,,,0.0,,,,,
볶음밥,볶음밥,밥류,350g,183,33.97,5.56,13.0,99.0,0.52,6.72,1.0,1.7,4648.48,387.4,92.61,7.04,,40.0,0.263,13.91,0.0,4.13,0.0,
볶음밥_계란,볶음밥,밥류,260g,225,24.23,6.62,18.0,159.0,0.44,11.75,0.79,1.8,5202.32,448.53,122.08,8.39,,47.0,0.312,27.44,0.15,31.12,0.0,
볶음밥_김치,볶음밥,밥류,330g,167,15.74,5.32,30.0,168.0,0.7,15.52,0.57,2.8,4416.82,362.61,98.55,14.81,,25.0,0.662,25.65,0.28,4.17,0.0,
볶음밥_새우,볶음밥,밥류,370g,172,22.85,6.31,12.0,65.0,0.35,7.64,0.59,1.6,5574.54,475.56,146.8,11.43,,38.0,1.359,36.54,0.24,4.12,0.0,
볶음밥_소고기,볶음밥,밥류,260g,176,21.76,7.59,18.0,167.0,0.62,13.13,1.42,2.1,6679.11,571.14,152.99,8.31,,31.0,7.354,22.57,0.37,4.8,0.0,
볶음밥_참치,볶음밥,밥류,230g,180,32.9,4.62,15.0,66.0,0.11,8.62,0.76,1.6,4113.65,354.87,67.33,10.97,,7.0,0.463,6.1,0.22,0.18,0.0,
볶음밥_채소,볶음밥,밥류,260g,182,28.74,4.72,17.0,156.0,0.42,12.94,1.45,2.3,4280.72,357.0,79.99,7.15,,32.0,0.44999999999999996,20.64,0.35,0.76,0.0,
볶음밥_표고버섯,볶음밥,밥류,300g,184,31.79,3.36,5.0,167.0,0.3,8.93,0.74,2.6,2586.31,242.52,24.1,3.76,,0.0,0.16599999999999998,6.98,0.0,0.0,0.0,
볶음밥,볶음밥,밥류,100g,193,22.5,6.92,51.0,194.0,0.46,,,0.8,,,,,,,1.061,,,0.13,0.0,
볶음밥_김치,볶음밥,밥류,100g,167,23.21,4.18,27.0,128.0,0.53,,,1.5,,,,,,,1.441,,,0.38,0.0,
볶음밥_삼선,볶음밥,밥류,400g,172,21.44,6.56,23.0,80.0,0.0,11.02,0.65,2.3,-,498.09,161.46,0.0,,27.0,1.676,0.0,0.0,0.47,,
볶음밥_새우,볶음밥,밥류,100g,175,28.2,4.5,18.0,67.0,3.3,,,1.3,,,,,,21.0,0.8799999999999999,,,0.0,,
볶음밥_해물,볶음밥,밥류,400g,176,22.61,6.28,20.0,84.0,0.0,12.31,0.71,2.9,-,508.08,144.69,0.0,,18.0,0.457,0.0,0.0,0.0,,
볶음밥_계란,볶음밥,밥류,300ml,164,26.2,5.8,18.0,87.0,0.78,18.15,0.97,1.6,,,,,0.13,31.0,0.5640000000000001,21.92,,0.02,0.26,0.61
볶음밥_김치_돼지고기,볶음밥,밥류,438ml,110,18.62,3.4,9.0,96.0,0.17,12.04,0.59,1.0,,,,,0.09,4.0,0.628,11.61,,0.6,0.02,0.34
볶음밥_돼지고기,볶음밥,밥류,461ml,113,17.88,3.8,7.0,76.0,0.22,10.12,0.59,0.7,,,,,0.11,32.0,0.6,8.5,,0.53,0.07,0.36
볶음밥_배추김치_참치,볶음밥,밥류,510ml,105,14.6,5.11,16.0,91.0,1.1,,,1.0,,,,,,21.0,1.242,21.2,,1.1,0.73,
볶음밥_새우,볶음밥,밥류,480ml,105,15.44,4.86,13.0,54.0,0.75,,,0.7,,,,,,25.0,0.761,12.8,,1.28,0.12,
볶음밥_소고기,볶음밥,밥류,442ml,114,18.38,2.5,5.0,79.0,0.27,10.56,0.67,0.9,,,,,0.09,18.0,0.5,7.75,,1.53,0.0,0.26
볶음밥_참치,볶음밥,밥류,510ml,120,16.4,6.58,12.0,91.0,1.43,,,0.8,,,,,,22.0,1.862,11.41,,1.4,1.02,
볶음밥_채소,볶음밥,밥류,300ml,115,21.37,2.9,8.0,104.0,0.27,13.39,0.59,1.2,,,,,0.12,17.0,0.541,10.49,,2.64,0.03,0.26
볶음밥_해물,볶음밥,밥류,500ml,106,15.38,5.32,13.0,76.0,0.71,,,0.7,,,,,,27.0,0.5640000000000001,18.23,,0.93,0.57,
볶음밥_맛살,볶음밥,밥류,400ml,134,24.28,3.5,37.0,63.0,0.26,11.68,0.63,0.9,,,,,0.1,24.0,0.505,11.22,,0.74,0.05,0.35
볶음밥_계란,볶음밥,밥류,300ml,164,26.2,5.8,18.0,87.0,0.78,18.15,0.97,1.6,,,,,0.13,31.0,0.5640000000000001,21.92,,0.02,0.26,0.61
볶음밥_김치_돼지고기,볶음밥,밥류,168.48ml,193,34.92,5.2,21.0,170.0,0.4,23.55,1.11,2.1,,,,,0.1,15.0,1.255,24.06,,2.34,0.05,0.52
볶음밥_배추김치_돼지고기,볶음밥,밥류,260ml,116,20.24,3.68,15.0,138.0,0.59,,,1.1,,,,,,19.0,0.8260000000000001,16.96,,2.52,0.1,
볶음밥_배추김치_소고기,볶음밥,밥류,250ml,118,20.55,3.45,14.0,126.0,0.62,,,1.0,,,,,,16.0,0.777,15.44,,2.81,0.13,
볶음밥_새우,볶음밥,밥류,444.5ml,85,14.55,3.0,10.0,89.0,0.29,10.16,0.42,0.8,,,,,0.07,17.0,0.595,10.69,,2.0,0.0,0.32
볶음밥_소고기,볶음밥,밥류,359.2ml,121,17.39,3.2,7.0,88.0,0.33,10.46,0.85,0.8,,,,,0.07,18.0,0.624,6.97,,0.97,0.0,0.25
볶음밥_참치_김치,볶음밥,밥류,281.2ml,155,22.64,6.4,12.0,114.0,0.38,16.44,0.74,1.1,,,,,0.29,11.0,2.249,15.11,,0.5,1.05,0.69
볶음밥_채소,볶음밥,밥류,300ml,115,21.37,2.9,8.0,104.0,0.27,13.39,0.59,1.2,,,,,0.12,17.0,0.541,10.49,,2.64,0.03,0.26
볶음밥_해물,볶음밥,밥류,500ml,105,14.78,5.1,13.0,75.0,0.52,11.6,0.64,0.6,,,,,0.15,27.0,0.43300000000000005,18.63,,1.05,0.51,0.39
볶음밥_햄,볶음밥,밥류,160.21ml,204,37.61,5.1,8.0,150.0,0.27,20.54,0.99,1.5,,,,,0.13,29.0,1.167,12.85,,4.56,0.0,0.46
볶음밥_계란,볶음밥,밥류,300ml,164,27.0,5.7,18.0,108.0,1.03,18.15,0.97,1.4,,,,,0.14,35.0,0.742,27.5,,0.02,0.46,0.52
볶음밥_김치_돼지고기,볶음밥,밥류,238.85ml,193,35.17,5.2,21.0,170.0,0.4,23.67,1.11,2.1,,,,,0.1,15.0,1.252,24.19,,2.32,0.05,0.52
볶음밥_배추김치_돼지고기,볶음밥,밥류,400ml,113,19.46,4.05,16.0,144.0,0.56,,,1.1,,,,,,20.0,0.9470000000000001,16.91,,2.58,0.06,
볶음밥_새우,볶음밥,밥류,444.5ml,85,14.55,3.0,10.0,89.0,0.29,10.16,0.42,0.8,,,,,0.07,17.0,0.595,10.69,,2.0,0.0,0.32
볶음밥_소고기,볶음밥,밥류,359.2ml,119,17.54,3.1,7.0,104.0,0.54,10.46,0.85,0.6,,,,,0.07,18.0,0.71,6.17,,0.97,0.0,0.2
볶음밥_참치_김치,볶음밥,밥류,281.2ml,150,22.82,7.2,16.0,131.0,1.82,16.44,0.74,0.6,,,,,0.18,11.0,2.2460000000000004,15.48,,0.87,1.18,0.64
볶음밥_채소,볶음밥,밥류,300ml,115,21.37,2.9,8.0,104.0,0.27,13.39,0.59,1.2,,,,,0.12,17.0,0.541,10.49,,2.64,0.03,0.26
볶음밥_해물,볶음밥,밥류,500ml,106,15.37,5.3,13.0,75.0,0.71,11.55,0.64,0.7,,,,,0.15,27.0,0.568,18.22,,0.93,0.57,0.39
볶음밥_햄,볶음밥,밥류,221.34ml,218,38.65,4.8,10.0,150.0,0.29,21.05,1.02,1.5,,,,,0.15,28.0,0.997,12.79,,5.37,0.0,0.47
볶음밥_계란,볶음밥,밥류,300ml,164,26.2,5.8,18.0,87.0,0.78,18.15,0.97,1.6,,,,,0.13,31.0,0.5640000000000001,21.92,,0.02,0.26,0.61
볶음밥_김치_돼지고기,볶음밥,밥류,450ml,121,22.36,3.2,13.0,104.0,0.24,14.4,0.69,1.3,,,,,0.06,9.0,0.74,14.91,,1.38,0.03,0.31
볶음밥_새우,볶음밥,밥류,464.9ml,91,15.92,3.1,10.0,88.0,0.35,11.07,0.48,0.9,,,,,0.08,17.0,0.619,12.87,,1.63,0.0,0.33
볶음밥_참치_김치,볶음밥,밥류,441.7ml,142,23.26,6.2,15.0,141.0,1.63,16.87,0.71,1.0,,,,,0.15,14.0,2.129,13.79,,1.33,0.94,0.54
볶음밥_채소,볶음밥,밥류,300ml,115,21.37,2.9,8.0,104.0,0.27,13.39,0.59,1.2,,,,,0.12,17.0,0.541,10.49,,2.64,0.03,0.26
볶음밥_해물,볶음밥,밥류,500ml,104,14.77,5.2,13.0,75.0,0.51,11.54,0.64,0.6,,,,,0.15,27.0,0.45899999999999996,18.61,,0.91,0.51,0.4
볶음밥_햄,볶음밥,밥류,460ml,126,23.6,3.0,5.0,83.0,0.15,12.17,0.61,0.9,,,,,0.08,15.0,0.6659999999999999,7.53,,2.42,0.0,0.27
볶음밥_간편조리세트_돼지불백깍둑볶음누룽밥,볶음밥,밥류,598g,186,17.92,10.82,82.0,197.0,0.52,,,1.1,,,,,,,3.661,,,0.9,0.0,
볼락 매운탕,볼락 매운탕,찌개 및 전골류,356.2ml,30,2.87,3.5,14.0,94.0,0.19,9.83,0.22,0.8,,,,,0.07,21.0,0.704,10.41,,1.9,0.59,0.43
부대찌개_간편조리세트_의정부식부대찌개,부대찌개,찌개 및 전골류,1276g,106,10.7,3.36,19.0,94.0,0.31,,,1.5,,,,,,,1.5070000000000001,,,0.22,0.0,
부대찌개_간편조리세트_오뎅식당 부대찌개,부대찌개,찌개 및 전골류,1173g,145,6.77,6.27,43.0,140.0,0.68,,,1.0,,,,,,,0.772,,,1.27,0.0,
부대찌개,부대찌개,찌개 및 전골류,600g,123,10.27,5.86,20.0,170.0,0.63,22.21,0.57,2.3,4824.87,387.72,73.98,6.18,,8.0,0.41000000000000003,5.32,0.21,0.48,0.0,
부대찌개,부대찌개,찌개 및 전골류,600g,67,6.62,3.07,15.0,117.0,0.0,11.6,0.39,1.5,-,191.42,45.27,4.28,,4.0,0.035,6.18,0.0,0.0,,
부대찌개,부대찌개,찌개 및 전골류,644ml,55,5.52,3.2,19.0,96.0,0.26,11.06,0.31,1.0,,,,,0.04,10.0,0.6799999999999999,6.94,,2.89,0.03,0.4
부대찌개,부대찌개,찌개 및 전골류,145.45ml,63,7.21,3.6,18.0,122.0,0.46,13.59,0.47,1.2,,,,,0.06,12.0,0.852,12.96,,3.9,0.06,0.37
부대찌개,부대찌개,찌개 및 전골류,200ml,57,5.33,4.83,18.0,171.0,0.41,,,1.2,,,,,,10.0,1.57,15.44,,6.11,0.04,
부대찌개,부대찌개,찌개 및 전골류,270ml,68,6.12,4.83,22.0,148.0,0.42,,,1.4,,,,,,15.0,1.23,15.62,,6.92,0.04,
부대찌개_간편조리세트_햄듬뿍부대찌개,부대찌개,찌개 및 전골류,897g,94,8.62,4.87,23.0,117.0,0.0,,,0.8,,,,,,,1.347,,,3.58,0.0,
부추 겉절이,부추 겉절이,채소무침류,50ml,24,3.38,1.3,18.0,91.0,0.99,25.67,0.18,1.8,,,,,0.13,24.0,0.5599999999999999,19.92,,2.82,0.0,0.58
부추 겉절이,부추 겉절이,채소무침류,50ml,23,3.65,1.3,20.0,93.0,1.14,26.74,0.18,2.0,,,,,0.1,30.0,0.606,25.05,,2.86,0.0,0.56
부추 채소무침,부추 채소무침,채소무침류,50ml,22,4.01,1.1,18.0,85.0,0.65,10.42,0.16,1.2,,,,,0.08,22.0,0.398,15.66,,3.88,0.0,0.36
부추 초무침,부추 초무침,채소무침류,50ml,23,3.66,1.1,14.0,63.0,1.21,10.69,0.16,1.9,,,,,0.07,15.0,0.556,19.66,,1.73,0.0,0.67
부추 초무침,부추 초무침,채소무침류,50ml,23,3.66,1.1,14.0,63.0,1.21,10.69,0.16,1.9,,,,,0.07,15.0,0.556,19.66,,1.73,0.0,0.67
부추 초무침,부추 초무침,채소무침류,50ml,23,3.66,1.1,14.0,63.0,1.21,10.69,0.16,1.9,,,,,0.07,15.0,0.556,19.66,,1.73,0.0,0.67
부추김치,부추김치,김치류,50g,47,6.36,2.68,37.0,435.0,0.5,33.1,0.42,3.8,2030.26,154.8,35.14,8.96,,204.0,1.92,60.72,0.0,0.42,0.0,
부추김치,부추김치,김치류,100g,71,8.42,3.03,63.0,422.0,0.93,,,2.9,,,,,,,0.68,,,0.19,0.0,
부추김치,부추김치,김치류,100ml,36,5.47,2.8,80.0,112.0,2.81,25.11,0.35,3.8,,,,,0.18,31.0,1.3880000000000001,41.35,,3.56,0.26,1.24
부추김치,부추김치,김치류,43.3ml,58,6.82,3.1,90.0,103.0,3.01,28.91,0.39,4.0,,,,,0.19,30.0,1.5,44.71,,3.63,0.26,1.34
부추김치,부추김치,김치류,100ml,36,5.47,2.8,80.0,112.0,2.81,25.11,0.35,3.8,,,,,0.18,31.0,1.3880000000000001,41.35,,3.56,0.26,1.24
부추나물,부추나물,나물·숙채류,50ml,18,1.99,1.2,20.0,12.0,1.14,8.52,0.14,1.6,,,,,0.06,31.0,0.41700000000000004,23.16,,7.22,0.0,0.24
부추나물,부추나물,나물·숙채류,50ml,18,1.99,1.2,20.0,12.0,1.14,8.52,0.14,1.6,,,,,0.06,31.0,0.41700000000000004,23.16,,7.22,0.0,0.24
부추나물,부추나물,나물·숙채류,50ml,18,1.99,1.2,20.0,12.0,1.14,8.52,0.14,1.6,,,,,0.06,31.0,0.41700000000000004,23.16,,7.22,0.0,0.24
부추무침,부추무침,채소무침류,100g,92,6.25,3.5,68.0,492.0,0.74,39.31,0.58,5.6,2506.56,189.19,32.28,10.43,,227.0,1.56,58.71,0.0,0.57,0.0,
부추무침_양파,부추무침,채소무침류,100g,44,6.81,1.83,27.0,231.0,0.33,17.05,0.23,2.1,1318.94,80.91,13.07,1.88,,37.0,1.01,20.23,0.0,1.31,0.0,
부추무침_부추만,부추무침,채소무침류,100g,70,11.58,3.25,90.0,475.0,0.84,,,3.1,,,,,,,0.822,,,0.25,0.0,
부추무침_양파,부추무침,채소무침류,50ml,19,3.09,1.1,16.0,44.0,1.47,10.86,0.16,1.9,,,,,0.05,9.0,0.527,23.73,,2.32,0.0,0.45
부추무침_채소,부추무침,채소무침류,50ml,24,3.38,1.3,18.0,91.0,0.99,25.67,0.18,1.8,,,,,0.13,24.0,0.5599999999999999,19.92,,2.82,0.0,0.58
부추무침,부추무침,채소무침류,35.6ml,59,8.31,2.9,45.0,105.0,3.19,29.8,0.41,4.4,,,,,0.12,23.0,1.296,52.79,,4.43,0.0,1.19
부추무침,부추무침,채소무침류,35.6ml,59,8.31,2.9,45.0,105.0,3.19,29.8,0.41,4.4,,,,,0.12,23.0,1.296,52.79,,4.43,0.0,1.19
부추무침_부추_채소,부추무침,채소무침류,70ml,24,3.73,1.02,14.0,74.0,0.84,,,1.6,,,,,,26.0,0.496,15.89,,2.05,0.0,
부추무침_양파,부추무침,채소무침류,50ml,19,3.14,1.1,16.0,45.0,1.47,10.89,0.16,2.0,,,,,0.05,9.0,0.538,24.22,,2.3,0.0,0.45
부추무침,부추무침,채소무침류,90.8ml,42,6.9,2.4,37.0,87.0,2.67,24.15,0.34,3.7,,,,,0.1,19.0,1.078,44.4,,3.74,0.0,0.96
부추무침_부추,부추무침,채소무침류,110ml,24,3.95,1.02,13.0,69.0,1.0,,,1.8,,,,,,13.0,0.507,17.09,,1.63,0.0,
부추무침_부추_채소,부추무침,채소무침류,120ml,30,4.43,1.16,15.0,93.0,0.94,,,1.9,,,,,,31.0,0.584,17.32,,1.55,0.0,
부추무침_양파,부추무침,채소무침류,110ml,24,3.95,1.0,13.0,69.0,0.99,10.05,0.15,1.8,,,,,0.04,13.0,0.505,16.93,,1.63,0.0,0.65
부추무침_채소,부추무침,채소무침류,120ml,30,4.43,1.2,15.0,93.0,0.94,11.79,0.17,1.9,,,,,0.04,31.0,0.583,17.11,,1.55,0.0,0.8
부추잡채,부추잡채,볶음류,86.5ml,75,3.89,4.9,13.0,113.0,0.85,12.11,0.38,1.1,,,,,0.2,32.0,1.0470000000000002,14.17,,1.72,0.04,0.47
부추잡채,부추잡채,볶음류,86.5ml,75,3.89,4.9,13.0,113.0,0.85,12.11,0.38,1.1,,,,,0.2,32.0,1.0470000000000002,14.17,,1.72,0.04,0.47
부추잡채,부추잡채,볶음류,111.7ml,108,2.68,7.9,17.0,143.0,1.3,17.67,0.61,1.2,,,,,0.33,3.0,1.591,20.04,,1.81,0.07,0.69
부추전,부추전,전·적 및 부침류,150g,167,27.86,4.63,21.0,173.0,0.51,12.95,0.27,2.9,4465.55,326.75,49.45,4.21,,54.0,0.34,37.45,0.0,0.17,0.0,
부추전,부추전,전·적 및 부침류,150ml,142,21.35,3.48,16.0,56.0,0.93,,,1.6,,,,,,17.0,0.45699999999999996,19.43,,2.51,0.06,
부추전,부추전,전·적 및 부침류,100ml,240,34.14,6.8,31.0,101.0,2.36,22.56,0.52,3.3,,,,,0.65,30.0,0.952,42.87,,4.51,0.3,1.14
부추전_해물,부추전,전·적 및 부침류,89.3ml,166,18.6,7.5,17.0,90.0,1.65,26.45,0.53,1.5,,,,,0.58,3.0,0.347,23.38,,1.92,1.01,0.89
부추전_해물,부추전,전·적 및 부침류,70ml,215,25.53,9.42,28.0,164.0,1.68,,,1.9,,,,,,35.0,0.9139999999999999,27.19,,4.24,1.29,
부추전,부추전,전·적 및 부침류,80ml,260,34.35,5.39,26.0,98.0,1.54,,,2.8,,,,,,38.0,0.754,30.78,,3.64,0.06,
북어강정_고추장양념,북어강정,튀김류,100g,379,25.82,19.22,119.0,342.0,0.87,,,1.1,,,,,,,23.238,,,7.85,0.0,
북어강정,북어강정,튀김류,32.1ml,478,42.51,20.9,61.0,371.0,1.02,55.31,0.89,2.9,,,,,1.59,65.0,2.404,13.27,,0.04,0.53,4.23
북어강정,북어강정,튀김류,26.7ml,320,28.5,13.9,41.0,252.0,0.69,37.36,0.6,2.0,,,,,1.07,44.0,1.624,9.12,,0.03,0.35,2.87
북어강정,북어강정,튀김류,26.7ml,320,28.5,13.9,41.0,252.0,0.69,37.36,0.6,2.0,,,,,1.07,44.0,1.624,9.12,,0.03,0.35,2.87
북어강정,북어강정,튀김류,32.1ml,478,42.51,20.9,61.0,371.0,1.02,55.31,0.89,2.9,,,,,1.59,65.0,2.404,13.27,,0.04,0.53,4.23
북어구이,북어구이,생선구이류,41.2ml,287,10.53,46.5,206.0,873.0,1.62,93.12,1.64,2.1,,,,,0.83,51.0,2.596,30.12,,0.39,1.35,1.92
북어구이,북어구이,생선구이류,41.2ml,287,10.53,46.5,206.0,873.0,1.62,93.12,1.64,2.1,,,,,0.83,51.0,2.596,30.12,,0.39,1.35,1.92
북어국,북어국,국 및 탕류,400g,28,0.84,3.89,15.0,111.0,0.25,9.02,0.16,1.1,3400.51,296.15,67.47,4.95,,2.0,1.121,14.69,0.17,0.23,0.0,
북어국_무,북어국,국 및 탕류,300ml,30,0.97,4.5,21.0,94.0,0.41,10.42,0.27,0.3,,,,,0.07,7.0,0.454,10.42,,1.1,0.16,0.28
북어국_콩나물,북어국,국 및 탕류,300ml,30,0.99,4.6,22.0,96.0,0.43,10.83,0.27,0.3,,,,,0.06,8.0,0.517,11.07,,0.9,0.16,0.27
북어국_달걀,북어국,국 및 탕류,300ml,32,0.89,4.9,22.0,88.0,0.44,10.56,0.28,0.3,,,,,0.07,9.0,0.419,10.4,,0.98,0.17,0.3
북어국_무,북어국,국 및 탕류,300ml,30,0.97,4.5,21.0,94.0,0.41,10.42,0.27,0.3,,,,,0.07,7.0,0.454,10.42,,1.1,0.16,0.28
북어국_무_두부,북어국,국 및 탕류,170ml,17,0.82,2.2,16.0,51.0,0.22,6.58,0.15,0.3,,,,,0.04,5.0,0.159,5.69,,0.8,0.06,0.15
북어국_콩나물,북어국,국 및 탕류,190ml,14,0.96,2.02,13.0,92.0,0.18,,,0.3,,,,,,2.0,0.604,7.67,,0.86,0.06,
북어국_달걀,북어국,국 및 탕류,300ml,32,0.89,4.9,22.0,88.0,0.44,10.56,0.28,0.3,,,,,0.07,9.0,0.419,10.4,,0.98,0.17,0.3
북어국_무,북어국,국 및 탕류,210ml,18,1.07,2.23,13.0,94.0,0.18,,,0.3,,,,,,3.0,0.513,7.16,,1.3,0.09,
북어국_무_두부,북어국,국 및 탕류,214ml,20,0.65,2.6,13.0,66.0,0.17,8.78,0.18,0.3,,,,,0.05,3.0,0.133,6.35,,0.83,0.08,0.11
북어국_콩나물,북어국,국 및 탕류,190ml,18,1.09,2.42,15.0,92.0,0.22,,,0.3,,,,,,3.0,0.532,9.51,,0.92,0.08,
북어국_달걀,북어국,국 및 탕류,300ml,32,0.89,4.9,22.0,88.0,0.44,10.56,0.28,0.3,,,,,0.07,9.0,0.419,10.4,,0.98,0.17,0.3
북어국_무,북어국,국 및 탕류,300ml,30,0.97,4.5,21.0,94.0,0.41,10.42,0.27,0.3,,,,,0.07,7.0,0.454,10.42,,1.1,0.16,0.28
북어국_무_두부,북어국,국 및 탕류,270ml,25,1.01,3.4,17.0,82.0,0.36,10.96,0.23,0.4,,,,,0.05,5.0,0.396,7.94,,1.03,0.1,0.21
북어국_콩나물,북어국,국 및 탕류,350ml,15,0.99,1.85,12.0,72.0,0.18,,,0.3,,,,,,2.0,0.354,8.5,,1.0,0.06,
북어국_달걀,북어국,국 및 탕류,300ml,32,0.89,4.9,22.0,88.0,0.44,10.56,0.28,0.3,,,,,0.07,9.0,0.419,10.4,,0.98,0.17,0.3
북어양념구이,북어양념구이,생선구이류,170ml,137,6.62,20.3,95.0,341.0,0.79,37.75,0.67,0.9,,,,,0.76,20.0,1.053,9.49,,0.75,0.59,1.75
북어조림,북어조림,조림류,100g,182,17.14,20.83,155.0,270.0,0.0,37.2,0.75,2.1,-,1693.24,572.49,0.0,,24.0,1.618,0.0,0.0,3.41,,
북어찜,북어찜,찜류,150g,157,12.0,18.73,114.0,257.0,0.0,34.25,0.71,2.0,-,1454.86,486.02,32.54,,36.0,0.6799999999999999,20.75,,0.0,,
북어찜,북어찜,찜류,650ml,80,7.21,10.0,58.0,314.0,0.8,34.08,0.72,2.5,,,,,0.23,31.0,1.198,27.41,,1.13,0.22,1.72
북어채 고추장 무침,북어채 고추장 무침,무침류,31.3ml,296,14.1,36.6,198.0,716.0,2.41,103.94,1.78,3.2,,,,,0.68,63.0,5.994,31.51,,0.76,1.18,2.39
북어채무침,북어채무침,무침류,150g,188,12.05,28.4,144.0,652.0,1.03,63.8,0.97,4.4,24116.31,2108.54,658.37,52.81,,28.0,3.304,43.31,2.15,0.24,0.0,
북어채무침,북어채무침,무침류,90ml,149,7.22,23.17,95.0,406.0,0.91,,,0.8,,,,,,16.0,2.426,12.07,,0.89,0.75,
"북어튀김_아, 귀한 먹태",북어튀김,튀김류,100g,344,,58.62,,,,,,,,,,,,,0.0,,,,,
분짜,분짜,면 및 만두류,100g,136,19.75,5.91,12.0,106.0,0.52,,,0.9,,,,,,,0.162,,,0.53,0.0,
불고기전골_간편조리세트_서울식불고기전골,불고기전골,찌개 및 전골류,537g,114,9.83,6.5,18.0,193.0,0.84,,,2.0,,,,,,,1.382,,,0.0,0.0,
불고기전골_간편조리세트_서울식 육수불고기,불고기전골,찌개 및 전골류,997g,96,12.54,6.73,14.0,156.0,1.05,,,1.6,,,,,,,1.134,,,1.12,0.0,
불고기전골_간편조리세트_서울식불고기전골,불고기전골,찌개 및 전골류,1517g,41,4.91,3.74,10.0,94.0,0.0,,,0.6,,,,,,,0.7999999999999999,,,0.65,0.0,
불고기전골_간편조리세트_서울식 소불고기전골,불고기전골,찌개 및 전골류,803g,104,10.38,5.96,12.0,178.0,0.43,,,1.4,,,,,,,0.889,,,1.26,0.0,
불낙전골,불낙전골,찌개 및 전골류,400ml,69,4.58,7.0,19.0,198.0,1.3,,,1.2,,,,,,19.0,0.981,17.42,,1.54,0.0,
불낙전골_해물,불낙전골,찌개 및 전골류,660ml,49,3.48,4.3,16.0,142.0,0.77,,,0.9,,,,,,13.0,0.872,13.72,,1.08,0.0,
불낙전골,불낙전골,찌개 및 전골류,276.3ml,37,1.3,3.5,10.0,121.0,0.34,13.04,0.63,0.7,,,,,0.07,9.0,0.618,8.59,,1.13,0.0,0.31
불낙전골,불낙전골,찌개 및 전골류,276.3ml,37,1.3,3.5,10.0,121.0,0.34,13.04,0.63,0.7,,,,,0.07,9.0,0.618,8.59,,1.13,0.0,0.31
불낙전골,불낙전골,찌개 및 전골류,440ml,61,4.86,4.6,14.0,136.0,0.47,18.61,0.74,0.9,,,,,0.1,14.0,0.6819999999999999,12.18,,1.03,0.0,0.38
불낙전골_간편조리세트_이게불낙이야,불낙전골,찌개 및 전골류,1114g,63,5.32,6.6,20.0,169.0,0.62,,,0.3,,,,,,,1.329,,,3.11,0.0,
붕어 매운탕,붕어 매운탕,찌개 및 전골류,600ml,23,1.08,3.1,15.0,81.0,0.45,12.38,0.35,0.5,,,,,0.08,6.0,0.498,7.63,,0.5,0.47,0.34
붕어찜,붕어찜,찜류,1100g,76,6.51,4.94,89.0,191.0,0.0,22.2,0.6,3.9,-,266.24,56.9,6.05,,65.0,0.32,12.0,0.0,0.0,,
브로콜리 두부무침,브로콜리 두부무침,채소무침류,50ml,35,6.17,2.0,22.0,153.0,0.43,16.27,0.41,1.7,,,,,0.09,28.0,0.43,25.04,,10.65,0.0,0.66
브로콜리 두부무침,브로콜리 두부무침,채소무침류,50ml,35,6.17,2.0,22.0,153.0,0.43,16.27,0.41,1.7,,,,,0.09,28.0,0.43,25.04,,10.65,0.0,0.66
브로콜리 두부무침,브로콜리 두부무침,채소무침류,50ml,35,6.17,2.0,22.0,153.0,0.43,16.27,0.41,1.7,,,,,0.09,28.0,0.43,25.04,,10.65,0.0,0.66
브로콜리 두부무침,브로콜리 두부무침,채소무침류,50ml,35,6.17,2.0,22.0,153.0,0.43,16.27,0.41,1.7,,,,,0.09,28.0,0.43,25.04,,10.65,0.0,0.66
브로콜리 버섯볶음,브로콜리 버섯볶음,채소볶음류,50ml,24,2.99,1.3,17.0,121.0,0.25,7.35,0.32,1.2,,,,,0.08,12.0,0.9369999999999999,19.68,,6.49,0.0,0.36
브로콜리 버섯볶음,브로콜리 버섯볶음,채소볶음류,50ml,24,2.99,1.3,17.0,121.0,0.25,7.35,0.32,1.2,,,,,0.08,12.0,0.9369999999999999,19.68,,6.49,0.0,0.36
브로콜리 버섯볶음,브로콜리 버섯볶음,채소볶음류,50ml,24,2.96,1.4,15.0,124.0,0.27,7.33,0.32,1.2,,,,,0.07,12.0,0.8979999999999999,19.54,,7.23,0.0,0.38
브로콜리 버섯볶음,브로콜리 버섯볶음,채소볶음류,50ml,24,2.99,1.3,17.0,121.0,0.25,7.35,0.32,1.2,,,,,0.08,12.0,0.9369999999999999,19.68,,6.49,0.0,0.36
브로콜리 채소무침,브로콜리 채소무침,채소무침류,50ml,34,7.21,1.7,20.0,155.0,0.4,14.09,0.39,1.5,,,,,0.07,33.0,0.41900000000000004,25.9,,12.13,0.07,0.71
브로콜리무침,브로콜리무침,채소무침류,50ml,32,7.01,1.6,16.0,147.0,0.35,12.16,0.39,1.5,,,,,0.06,29.0,0.385,24.35,,10.74,0.0,0.71
브로콜리무침,브로콜리무침,채소무침류,50ml,32,7.01,1.6,16.0,147.0,0.35,12.16,0.39,1.5,,,,,0.06,29.0,0.385,24.35,,10.74,0.0,0.71
브로콜리무침,브로콜리무침,채소무침류,50ml,32,7.01,1.6,16.0,147.0,0.35,12.16,0.39,1.5,,,,,0.06,29.0,0.385,24.35,,10.74,0.0,0.71
브로콜리볶음,브로콜리볶음,채소볶음류,90g,51,5.53,4.42,26.0,412.0,0.79,22.53,0.56,4.5,3728.83,210.9,34.54,0.79,,42.0,0.42200000000000004,129.71,0.0,15.89,0.0,
비름나물,비름나물,나물·숙채류,50ml,27,3.82,1.9,86.0,388.0,0.82,83.64,0.89,2.3,,,,,0.13,118.0,0.538,61.04,,4.96,0.0,0.36
비름나물_간장,비름나물,나물·숙채류,50ml,24,2.78,1.7,82.0,357.0,0.75,76.61,0.83,2.1,,,,,0.13,107.0,0.47,58.24,,5.04,0.0,0.25
비름나물_된장,비름나물,나물·숙채류,50ml,28,3.56,2.2,98.0,440.0,0.94,94.48,1.01,2.6,,,,,0.18,128.0,0.587,70.7,,5.77,0.0,0.32
비름나물,비름나물,나물·숙채류,50ml,28,4.1,1.9,87.0,385.0,0.81,82.32,0.89,2.3,,,,,0.12,119.0,0.5529999999999999,60.98,,5.11,0.0,0.35
비름나물_간장,비름나물,나물·숙채류,50ml,24,2.78,1.7,82.0,357.0,0.75,76.61,0.83,2.1,,,,,0.13,107.0,0.47,58.24,,5.04,0.0,0.25
비름나물_된장,비름나물,나물·숙채류,50ml,28,3.56,2.2,98.0,439.0,0.94,94.49,1.01,2.6,,,,,0.18,128.0,0.592,70.72,,5.78,0.0,0.32
비름나물_소금,비름나물,나물·숙채류,47.9ml,47,4.36,2.7,110.0,520.0,1.22,117.5,1.19,3.1,,,,,0.11,141.0,0.7929999999999999,78.01,,4.82,0.0,0.7
비름나물_소금,비름나물,나물·숙채류,47.9ml,47,4.36,2.7,110.0,520.0,1.22,117.5,1.19,3.1,,,,,0.11,141.0,0.7929999999999999,78.01,,4.82,0.0,0.7
비름나물,비름나물,나물·숙채류,50ml,28,4.09,1.9,87.0,386.0,0.82,82.29,0.89,2.3,,,,,0.12,119.0,0.543,60.93,,5.13,0.0,0.35
비름나물_간장,비름나물,나물·숙채류,50ml,24,2.78,1.7,82.0,357.0,0.75,76.61,0.83,2.1,,,,,0.13,107.0,0.47,58.24,,5.04,0.0,0.25
비름나물_고추장,비름나물,나물·숙채류,70ml,64,8.27,4.0,219.0,671.0,1.14,103.53,1.77,5.4,,,,,0.28,258.0,1.014,128.91,,20.18,0.0,0.44
비름나물_된장,비름나물,나물·숙채류,50ml,28,3.56,2.2,98.0,439.0,0.94,94.49,1.01,2.6,,,,,0.18,128.0,0.592,70.72,,5.78,0.0,0.32
비름나물무침,비름나물무침,나물·숙채류,80g,73,5.7,3.46,195.0,339.0,0.86,69.86,1.13,3.8,3409.05,309.21,28.15,2.59,,225.0,0.751,5.05,0.0,0.0,0.0,
비빔 잡곡밥,비빔 잡곡밥,밥류,300ml,138,25.66,3.6,21.0,105.0,0.56,20.94,0.81,2.1,,,,,0.13,22.0,0.575,23.15,,1.19,0.07,0.39
비빔국수,비빔국수,면 및 만두류,100g,113,20.0,3.4,21.0,101.0,5.2,,,4.5,,,,,,41.0,0.5700000000000001,,,0.0,,
비빔국수,비빔국수,면 및 만두류,100g,113,20.94,3.2,17.0,97.0,0.47,,,1.1,,,,,,,0.897,,,0.66,0.0,
비빔국수,비빔국수,면 및 만두류,600ml,83,13.38,3.1,10.0,71.0,0.38,8.26,0.35,0.7,,,,,0.02,21.0,0.346,9.16,,0.74,0.05,0.17
비빔국수,비빔국수,면 및 만두류,197.3ml,188,30.33,6.5,20.0,146.0,0.79,17.62,0.69,1.5,,,,,0.04,42.0,0.764,19.28,,1.27,0.1,0.36
비빔국수,비빔국수,면 및 만두류,197.3ml,188,30.64,6.4,22.0,148.0,0.76,17.7,0.7,1.5,,,,,0.04,43.0,0.8039999999999999,21.94,,1.17,0.18,0.35
비빔냉면,비빔냉면,면 및 만두류,600ml,90,14.53,3.8,10.0,84.0,0.65,17.9,0.57,1.1,,,,,0.01,9.0,0.495,7.76,,1.08,0.05,0.23
비빔냉면,비빔냉면,면 및 만두류,573.1ml,96,16.81,4.2,13.0,104.0,0.77,22.27,0.64,1.4,,,,,0.03,15.0,0.5640000000000001,10.21,,1.2,0.08,0.3
비빔막국수,비빔막국수,면 및 만두류,700ml,104,21.47,3.06,14.0,112.0,0.54,,,1.8,,,,,,32.0,0.595,9.38,,1.83,0.01,
비빔면_간편조리세트_매콤제육비빔면,비빔면,면 및 만두류,1154g,153,20.17,5.7,12.0,195.0,0.54,,,1.8,,,,,,,0.899,,,0.48,0.0,
비빔밥,비빔밥,밥류,450g,142,18.84,6.86,31.0,180.0,1.04,18.01,2.09,2.0,5712.3,483.62,92.28,8.06,,73.0,0.8140000000000001,40.59,0.42,2.02,0.0,
비빔밥_돌솥,비빔밥,밥류,380g,147,24.68,5.39,25.0,114.0,0.59,19.77,0.78,2.4,4762.79,418.59,74.42,8.3,,56.0,0.37,28.14,0.18,0.28,0.0,
비빔밥_육회,비빔밥,밥류,300g,147,22.92,6.39,28.0,178.0,0.89,23.57,2.47,2.6,5233.17,446.5,85.45,8.73,,36.0,0.663,14.1,0.54,0.0,0.0,
비빔밥,비빔밥,밥류,100g,142,22.5,4.47,53.0,132.0,0.62,,,1.4,,,,,,,0.47300000000000003,,,0.23,0.0,
비빔밥_멍게,비빔밥,밥류,400g,137,22.68,4.15,36.0,115.0,0.0,31.46,1.29,1.9,-,256.01,69.18,32.14,,21.0,0.06,10.01,0.0,0.0,,
비빔밥_약초,비빔밥,밥류,400g,128,20.05,2.98,61.0,131.0,0.0,18.57,0.65,2.7,-,212.2,45.5,3.31,,55.0,0.6110000000000001,14.77,0.0,0.3,,
비빔밥,비빔밥,밥류,530ml,133,17.68,4.5,16.0,158.0,0.63,19.57,0.97,1.1,,,,,0.1,67.0,0.673,24.32,,3.16,0.1,0.5
비빔밥_묵_양념장,비빔밥,밥류,580ml,96,16.34,3.09,20.0,142.0,0.61,,,1.3,,,,,,56.0,0.5640000000000001,24.16,,2.18,0.15,
비빔밥_참치_양념장,비빔밥,밥류,600ml,100,16.11,4.82,18.0,121.0,1.06,,,1.1,,,,,,34.0,1.217,18.73,,1.85,0.62,
비빔밥,비빔밥,밥류,222.48ml,204,32.13,6.0,28.0,259.0,0.8,31.61,1.33,2.2,,,,,0.19,99.0,1.04,44.92,,5.88,0.12,0.86
비빔밥_소고기_양념장,비빔밥,밥류,370ml,87,15.69,2.75,10.0,110.0,0.53,,,0.9,,,,,,27.0,0.644,13.26,,1.44,0.02,
비빔밥_열무,비빔밥,밥류,258.6ml,144,24.3,3.5,33.0,132.0,0.4,18.87,0.94,1.5,,,,,0.03,21.0,0.653,22.89,,0.45,0.0,0.42
비빔밥_열무_양념장,비빔밥,밥류,280ml,114,22.08,3.35,27.0,160.0,0.69,,,1.6,,,,,,39.0,0.788,22.58,,1.15,0.06,
비빔밥,비빔밥,밥류,370.8ml,171,27.21,5.0,23.0,212.0,0.66,26.18,1.12,1.8,,,,,0.15,81.0,0.868,36.94,,4.78,0.1,0.71
비빔밥_돼지고기_양념장,비빔밥,밥류,600ml,90,16.24,3.3,10.0,125.0,0.49,,,0.8,,,,,,30.0,0.81,13.79,,1.45,0.06,
비빔밥_소고기_양념장,비빔밥,밥류,590ml,79,14.43,2.51,10.0,104.0,0.54,,,0.8,,,,,,24.0,0.614,13.02,,1.16,0.02,
비빔밥_열무,비빔밥,밥류,258.6ml,142,24.52,3.4,33.0,155.0,0.7,18.87,0.94,1.2,,,,,0.03,21.0,0.732,21.78,,0.47,0.0,0.35
비빔밥_열무_양념장,비빔밥,밥류,390ml,114,22.09,3.33,30.0,159.0,0.71,,,1.4,,,,,,39.0,0.7110000000000001,23.87,,1.32,0.05,
비빔밥_참치,비빔밥,밥류,510ml,120,15.61,5.5,10.0,81.0,0.31,8.86,0.51,0.7,,,,,0.27,22.0,1.8150000000000002,11.5,,1.44,0.9,0.53
비빔밥_참치_양념장,비빔밥,밥류,570ml,83,15.66,3.31,8.0,89.0,0.87,,,0.6,,,,,,21.0,1.095,6.32,,0.76,0.45,
비빔밥,비빔밥,밥류,545.2ml,112,17.69,3.7,15.0,134.0,0.5,16.89,0.79,1.1,,,,,0.03,60.0,0.546,22.93,,2.92,0.1,0.41
비빔밥_열무_양념장,비빔밥,밥류,510ml,114,21.69,3.16,34.0,162.0,0.68,,,1.4,,,,,,43.0,0.6639999999999999,27.62,,1.68,0.11,
비빔밥_참치,비빔밥,밥류,510ml,122,15.64,5.4,10.0,82.0,0.31,8.97,0.51,0.7,,,,,0.27,22.0,1.768,11.52,,1.69,0.9,0.52
비빔밥_참치_양념장,비빔밥,밥류,700ml,81,14.84,3.14,12.0,96.0,0.79,,,0.7,,,,,,26.0,0.977,9.62,,0.99,0.39,
비빔밥_간편조리세트_꼬막비빔밥,비빔밥,밥류,347g,103,11.01,7.33,31.0,127.0,0.81,,,2.6,,,,,,,1.927,,,2.07,0.0,
비스킷/쿠키/크래커_칩카사바,비스킷/쿠키/크래커,빵 및 과자류,100g,522,,1.48,,,,,,,,,,,,,0.0,,,,,
비스킷/쿠키/크래커_포테이토앤칩스 점보팩,비스킷/쿠키/크래커,빵 및 과자류,100g,401,,3.46,,,,,,,,,,,,,0.0,,,,,
비스킷/쿠키/크래커_허쉬 초코 멜로 쿠키,비스킷/쿠키/크래커,빵 및 과자류,45g,522,66.67,8.89,,,,,,,,,,,,,0.0,,,,,
비스킷/쿠키/크래커_허쉬 초콜릿 칩 싱글 쿠키,비스킷/쿠키/크래커,빵 및 과자류,50g,372,68.0,4.0,,,,,,,,,,,,,0.0,,,,,
비스킷/쿠키/크래커_허쉬 화이트 칩 위드 아몬드 쿠키,비스킷/쿠키/크래커,빵 및 과자류,50g,494,66.0,8.0,,,,,,,,,,,,,0.0,,,,,
비스킷/쿠키/크래커_클래식 르뱅쿠키,비스킷/쿠키/크래커,빵 및 과자류,90g,510,,6.47,,,,,,,,,,,,,0.0,,,,,
비스킷/쿠키/크래커_코코넛 로쉐,비스킷/쿠키/크래커,빵 및 과자류,95g,516,62.9,6.7,,,,,,,,,,,,,0.0,,,,,
비스킷/쿠키/크래커_갈레트브르통 (L),비스킷/쿠키/크래커,빵 및 과자류,70g,591,50.6,5.9,,,,,,,,,,,,,0.0,,,,,
비스킷/쿠키/크래커_아몬드 로쉐,비스킷/쿠키/크래커,빵 및 과자류,95g,512,54.0,16.2,,,,,,,,,,,,,0.0,,,,,
비스킷/쿠키/크래커_코코아망 (L),비스킷/쿠키/크래커,빵 및 과자류,70g,563,46.3,9.5,,,,,,,,,,,,,0.0,,,,,
비스킷/쿠키/크래커_크로켄트 (L),비스킷/쿠키/크래커,빵 및 과자류,70g,556,47.3,10.2,,,,,,,,,,,,,0.0,,,,,
비스킷/쿠키/크래커_마카다미아 쿠키,비스킷/쿠키/크래커,빵 및 과자류,70g,454,,7.14,,,,,,,,,,,,,0.0,,,,,
비스킷/쿠키/크래커_말차스모어 쿠키,비스킷/쿠키/크래커,빵 및 과자류,133g,439,,7.52,,,,,,,,,,,,,0.0,,,,,
비스킷/쿠키/크래커_초코스모어 쿠키,비스킷/쿠키/크래커,빵 및 과자류,133g,435,,7.52,,,,,,,,,,,,,0.0,,,,,
비스킷/쿠키/크래커_초콜릿칩 쿠키,비스킷/쿠키/크래커,빵 및 과자류,70g,456,,4.29,,,,,,,,,,,,,0.0,,,,,
비스킷/쿠키/크래커_아메리칸 쿠키,비스킷/쿠키/크래커,빵 및 과자류,62g,535,74.18,5.81,,,,,,,,,,,,,0.0,,,,,
비스킷/쿠키/크래커_초코칩 쿠키,비스킷/쿠키/크래커,빵 및 과자류,62g,548,73.48,5.92,,,,,,,,,,,,,0.0,,,,,
비스킷/쿠키/크래커_크랜베리아몬드 쿠키,비스킷/쿠키/크래커,빵 및 과자류,62g,518,72.81,6.4,,,,,,,,,,,,,0.0,,,,,
비스킷/쿠키/크래커_흑임자호두 쿠키,비스킷/쿠키/크래커,빵 및 과자류,62g,545,67.81,7.63,,,,,,,,,,,,,0.0,,,,,
비스킷/쿠키/크래커_발로나스모어 쿠키,비스킷/쿠키/크래커,빵 및 과자류,128g,487,,6.8,,,,,,,,,,,,,0.0,,,,,
비스킷/쿠키/크래커_쑥단팥스모어 쿠키,비스킷/쿠키/크래커,빵 및 과자류,135g,440,,6.37,,,,,,,,,,,,,0.0,,,,,
비스킷/쿠키/크래커_월넛 초코 쿠키,비스킷/쿠키/크래커,빵 및 과자류,130g,546,,7.38,,,,,,,,,,,,,0.0,,,,,
비스킷/쿠키/크래커_5가지 스낵 & 3way 파우치,비스킷/쿠키/크래커,빵 및 과자류,229g,309,,3.36,,,,,,,,,,,,,0.0,,,,,
비스킷/쿠키/크래커_다크 초콜릿 카우보이 쿠키,비스킷/쿠키/크래커,빵 및 과자류,85g,547,,5.88,,,,,,,,,,,,,0.0,,,,,
비스킷/쿠키/크래커_더블 치즈 베이글 칩,비스킷/쿠키/크래커,빵 및 과자류,60g,492,,10.0,,,,,,,,,,,,,0.0,,,,,
비스킷/쿠키/크래커_라이스 칩 블루베리잼,비스킷/쿠키/크래커,빵 및 과자류,35g,400,,8.57,,,,,,,,,,,,,0.0,,,,,
비스킷/쿠키/크래커_청크 초콜릿 쿠키 틴 세트,비스킷/쿠키/크래커,빵 및 과자류,160g,133,,1.25,,,,,,,,,,,,,0.0,,,,,
비스킷/쿠키/크래커_초콜릿 월넛 돔 쿠키,비스킷/쿠키/크래커,빵 및 과자류,90g,490,,5.56,,,,,,,,,,,,,0.0,,,,,
비스킷/쿠키/크래커_화이트 초콜릿 카우보이 쿠키,비스킷/쿠키/크래커,빵 및 과자류,85g,529,,5.88,,,,,,,,,,,,,0.0,,,,,
비스킷/쿠키/크래커_마카다미아,비스킷/쿠키/크래커,빵 및 과자류,38g,553,,5.26,,,,,,,,,,,,,0.0,,,,,
비스킷/쿠키/크래커_초콜릿 청크,비스킷/쿠키/크래커,빵 및 과자류,38g,526,,5.26,,,,,,,,,,,,,0.0,,,,,
비스킷/쿠키/크래커_퍼지브라우니,비스킷/쿠키/크래커,빵 및 과자류,38g,487,,5.26,,,,,,,,,,,,,0.0,,,,,
비스킷/쿠키/크래커_피넛 버터,비스킷/쿠키/크래커,빵 및 과자류,38g,553,,5.26,,,,,,,,,,,,,0.0,,,,,
비스킷/쿠키/크래커_꿀오란다,비스킷/쿠키/크래커,빵 및 과자류,30g,500,53.33,13.33,,,,,,,,,,,,,0.0,,,,,
비스킷/쿠키/크래커_크리미초코 감자 쿠키,비스킷/쿠키/크래커,빵 및 과자류,72g,500,,6.94,,,,,,,,,,,,,0.0,,,,,
비스킷/쿠키/크래커_크리미치즈 그레인 쿠키,비스킷/쿠키/크래커,빵 및 과자류,100g,557,,9.0,,,,,,,,,,,,,0.0,,,,,
비스킷/쿠키/크래커_마카롱꼬끄,비스킷/쿠키/크래커,빵 및 과자류,100g,400,,8.0,,,,,,,,,,,,,0.0,,,,,
비스킷/쿠키/크래커_브라우니 쿠키,비스킷/쿠키/크래커,빵 및 과자류,100g,448,,4.0,,,,,,,,,,,,,0.0,,,,,
비스킷/쿠키/크래커_초코칩 쿠키,비스킷/쿠키/크래커,빵 및 과자류,100g,432,,5.0,,,,,,,,,,,,,0.0,,,,,
비스킷/쿠키/크래커_진한 초코 쿠키,비스킷/쿠키/크래커,빵 및 과자류,50g,450,,8.0,,,,,,,,,,,,,0.0,,,,,
비스킷/쿠키/크래커_촉촉 크림치즈 쿠키,비스킷/쿠키/크래커,빵 및 과자류,50g,444,,6.0,,,,,,,,,,,,,0.0,,,,,
비스킷/쿠키/크래커_록키로드쿠키,비스킷/쿠키/크래커,빵 및 과자류,38g,474,,5.26,,,,,,,,,,,,,0.0,,,,,
비스킷/쿠키/크래커_마카다미아넛쿠키,비스킷/쿠키/크래커,빵 및 과자류,38g,487,,5.26,,,,,,,,,,,,,0.0,,,,,
비스킷/쿠키/크래커_오트밀레이즌쿠키,비스킷/쿠키/크래커,빵 및 과자류,38g,447,,5.26,,,,,,,,,,,,,0.0,,,,,
비스킷/쿠키/크래커_초콜렛칩청크쿠키,비스킷/쿠키/크래커,빵 및 과자류,38g,474,,5.26,,,,,,,,,,,,,0.0,,,,,
비스킷/쿠키/크래커_쿠키의 정석 오트밀레이즌,비스킷/쿠키/크래커,빵 및 과자류,38g,447,65.79,5.26,,,,,,,,,,,,,0.0,,,,,
비스킷/쿠키/크래커_쿠키의 정석 초콜릿청크,비스킷/쿠키/크래커,빵 및 과자류,38g,526,65.79,5.26,,,,,,,,,,,,,0.0,,,,,
비스킷/쿠키/크래커_쿠키의 정석 퍼지브라우니,비스킷/쿠키/크래커,빵 및 과자류,38g,487,63.16,5.26,,,,,,,,,,,,,0.0,,,,,
비스킷/쿠키/크래커_쿠키의 정석 피넛버터,비스킷/쿠키/크래커,빵 및 과자류,38g,526,57.89,10.53,,,,,,,,,,,,,0.0,,,,,
비스킷/쿠키/크래커_베어베터 쿠키,비스킷/쿠키/크래커,빵 및 과자류,55g,495,65.45,6.18,,,,,,,,,,,,,0.0,,,,,
비스킷/쿠키/크래커_마카다미아넛 쿠키,비스킷/쿠키/크래커,빵 및 과자류,35g,529,,5.71,,,,,,,,,,,,,0.0,,,,,
비스킷/쿠키/크래커_베이글칩 갈릭버터,비스킷/쿠키/크래커,빵 및 과자류,60g,418,,11.67,,,,,,,,,,,,,0.0,,,,,
비스킷/쿠키/크래커_베이글칩 허니버터,비스킷/쿠키/크래커,빵 및 과자류,60g,443,,11.67,,,,,,,,,,,,,0.0,,,,,
비스킷/쿠키/크래커_브라우니 쿠키,비스킷/쿠키/크래커,빵 및 과자류,37g,481,,5.41,,,,,,,,,,,,,0.0,,,,,
비스킷/쿠키/크래커_초콜렛청크 쿠키,비스킷/쿠키/크래커,빵 및 과자류,35g,514,,5.71,,,,,,,,,,,,,0.0,,,,,
비스킷/쿠키/크래커_돼지바 쿠키,비스킷/쿠키/크래커,빵 및 과자류,120g,384,37.5,5.83,,,,,,,,,,,,,0.0,,,,,
비스킷/쿠키/크래커_약과 쿠키,비스킷/쿠키/크래커,빵 및 과자류,130g,452,78.46,4.62,,,,,,,,,,,,,0.0,,,,,
비스킷/쿠키/크래커_그릭요거트그래놀라바,비스킷/쿠키/크래커,빵 및 과자류,35g,429,71.43,5.71,,,,,,,,,,,,,0.0,,,,,
비스킷/쿠키/크래커_베리화이트초코 쿠키,비스킷/쿠키/크래커,빵 및 과자류,70g,450,,5.71,,,,,,,,,,,,,0.0,,,,,
비스킷/쿠키/크래커_쇼콜라 쿠키,비스킷/쿠키/크래커,빵 및 과자류,100g,535,,8.0,,,,,,,,,,,,,0.0,,,,,
비스킷/쿠키/크래커_아몬드튀일,비스킷/쿠키/크래커,빵 및 과자류,78g,529,,12.82,,,,,,,,,,,,,0.0,,,,,
비스킷/쿠키/크래커_월넛초코칩 쿠키,비스킷/쿠키/크래커,빵 및 과자류,70g,507,,7.14,,,,,,,,,,,,,0.0,,,,,
비스킷/쿠키/크래커_초코마카다미아 쿠키,비스킷/쿠키/크래커,빵 및 과자류,70g,500,,7.14,,,,,,,,,,,,,0.0,,,,,
비스킷/쿠키/크래커_현미누룽지칩,비스킷/쿠키/크래커,빵 및 과자류,30g,403,87.33,8.0,,,,,,,,,,,,,0.0,,,,,
비스킷/쿠키/크래커_다크초콜릿마카다미아 쿠키,비스킷/쿠키/크래커,빵 및 과자류,30g,450,56.67,3.33,,,,,,,,,,,,,0.0,,,,,
비스킷/쿠키/크래커_더블퍼지 쿠키,비스킷/쿠키/크래커,빵 및 과자류,30g,433,60.0,6.67,,,,,,,,,,,,,0.0,,,,,
비스킷/쿠키/크래커_잉글리쉬토피 쿠키,비스킷/쿠키/크래커,빵 및 과자류,30g,450,60.0,3.33,,,,,,,,,,,,,0.0,,,,,
비스킷/쿠키/크래커_크랜베리월넛 쿠키,비스킷/쿠키/크래커,빵 및 과자류,30g,433,60.0,6.67,,,,,,,,,,,,,0.0,,,,,
비스킷/쿠키/크래커_퍼지월넛 쿠키,비스킷/쿠키/크래커,빵 및 과자류,30g,450,53.33,6.67,,,,,,,,,,,,,0.0,,,,,
비스킷/쿠키/크래커_코코넛 사브레,비스킷/쿠키/크래커,빵 및 과자류,85g,506,,4.71,,,,,,,,,,,,,0.0,,,,,
비스킷/쿠키/크래커_약과 크림치즈 쿠키,비스킷/쿠키/크래커,빵 및 과자류,130g,418,,4.62,,,,,,,,,,,,,0.0,,,,,
비스킷/쿠키/크래커_크랜베리 화이트 초코 쿠키,비스킷/쿠키/크래커,빵 및 과자류,80g,466,,5.0,,,,,,,,,,,,,0.0,,,,,
비스킷/쿠키/크래커_크림치즈비스켓&딸기잼,비스킷/쿠키/크래커,빵 및 과자류,92g,434,,6.52,,,,,,,,,,,,,0.0,,,,,
비스킷/쿠키/크래커_트리플 초코 쿠키,비스킷/쿠키/크래커,빵 및 과자류,80g,486,,6.25,,,,,,,,,,,,,0.0,,,,,
비스킷/쿠키/크래커_알콘칩스,비스킷/쿠키/크래커,빵 및 과자류,100g,375,47.51,4.41,,,,,,,,,,,,,0.0,,,,,
비프까스,비프까스,튀김류,275ml,208,12.25,8.1,14.0,148.0,1.14,11.84,1.87,0.6,,,,,0.22,23.0,0.9319999999999999,11.69,,3.23,0.15,0.52
빙떡(메밀전병),빙떡(메밀전병),빵 및 과자류,100g,168,21.62,6.18,36.0,159.0,0.0,36.74,0.86,3.5,-,394.0,95.49,6.44,,10.0,0.17,14.92,0.0,1.71,,
빙수_소르베 망고 빙수,빙수,유제품류 및 빙과류,571g,100,17.16,1.05,,,,,,,,,,,,,0.0,,,,,
빙수_오리지널 눈꽃 빙수,빙수,유제품류 및 빙과류,405g,138,24.2,4.69,,,,,,,,,,,,,0.0,,,,,
빙수_오리지널 팥빙수,빙수,유제품류 및 빙과류,658g,156,24.01,3.95,,,,,,,,,,,,,0.0,,,,,
빙수_딸기치즈 눈꽃빙수,빙수,유제품류 및 빙과류,540g,159,,2.04,,,,,,,,,,,,,0.0,,,,,
빙수_딸기피치 요거놀라 1인빙수,빙수,유제품류 및 빙과류,335g,135,,1.79,,,,,,,,,,,,,0.0,,,,,
빙수_망고 눈꽃빙수,빙수,유제품류 및 빙과류,595g,99,,0.5,,,,,,,,,,,,,0.0,,,,,
빙수_망고패션 요거놀라 1인빙수,빙수,유제품류 및 빙과류,335g,136,,1.79,,,,,,,,,,,,,0.0,,,,,
빙수_팥인절미 1인빙수,빙수,유제품류 및 빙과류,327g,177,,4.59,,,,,,,,,,,,,0.0,,,,,
빙수_팥인절미 눈꽃빙수,빙수,유제품류 및 빙과류,509g,151,,3.34,,,,,,,,,,,,,0.0,,,,,
빙수_까르보나라 젤빙,빙수,유제품류 및 빙과류,644g,158,,2.64,,,,,,,,,,,,,0.0,,,,,
빙수_녹차 빙수,빙수,유제품류 및 빙과류,691g,109,,2.6,,,,,,,,,,,,,0.0,,,,,
빙수_딸기 젤빙,빙수,유제품류 및 빙과류,481g,108,,1.58,,,,,,,,,,,,,0.0,,,,,
빙수_망고 크림 젤빙,빙수,유제품류 및 빙과류,631g,148,,0.79,,,,,,,,,,,,,0.0,,,,,
빙수_망고 빙수,빙수,유제품류 및 빙과류,700g,83,,1.27,,,,,,,,,,,,,0.0,,,,,
빙수_망고 젤빙,빙수,유제품류 및 빙과류,529g,106,,1.73,,,,,,,,,,,,,0.0,,,,,
빙수_밀크팥 젤빙,빙수,유제품류 및 빙과류,456g,160,,2.76,,,,,,,,,,,,,0.0,,,,,
빙수_블루베리치즈 빙수,빙수,유제품류 및 빙과류,685g,99,,3.09,,,,,,,,,,,,,0.0,,,,,
빙수_치즈베리 젤빙,빙수,유제품류 및 빙과류,491g,126,,2.66,,,,,,,,,,,,,0.0,,,,,
빙수_녹차 팥빙수,빙수,유제품류 및 빙과류,605g,55,,1.02,,,,,,,,,,,,,0.0,,,,,
빙수_망고탱탱 빙수,빙수,유제품류 및 빙과류,605g,55,,1.02,,,,,,,,,,,,,0.0,,,,,
빙수_복고 빙수,빙수,유제품류 및 빙과류,605g,55,,1.02,,,,,,,,,,,,,0.0,,,,,
빙수_딸기치즈 눈꽃빙수 우유얼음,빙수,유제품류 및 빙과류,725g,118,,1.6,,,,,,,,,,,,,0.0,,,,,
빙수_딸기치즈 눈꽃빙수,빙수,유제품류 및 빙과류,527g,157,,2.24,,,,,,,,,,,,,0.0,,,,,
빙수_딸콤파르페,빙수,유제품류 및 빙과류,481g,103,,1.17,,,,,,,,,,,,,0.0,,,,,
빙수_밀크 눈꽃빙수 우유얼음,빙수,유제품류 및 빙과류,585g,141,,2.82,,,,,,,,,,,,,0.0,,,,,
빙수_밀크 눈꽃빙수,빙수,유제품류 및 빙과류,735g,122,,2.5,,,,,,,,,,,,,0.0,,,,,
빙수_쿠앤크 눈꽃 우유얼음,빙수,유제품류 및 빙과류,550g,175,,2.44,,,,,,,,,,,,,0.0,,,,,
빙수_쿠앤크 눈꽃빙수,빙수,유제품류 및 빙과류,718g,156,,2.01,,,,,,,,,,,,,0.0,,,,,
빙수_돼지바 눈꽃빙수,빙수,유제품류 및 빙과류,559g,171,,2.4,,,,,,,,,,,,,0.0,,,,,
빙수_돼지바 얼음빙수,빙수,유제품류 및 빙과류,342g,262,,3.28,,,,,,,,,,,,,0.0,,,,,
빙수_돼지바 프라노베,빙수,유제품류 및 빙과류,433g,174,,1.76,,,,,,,,,,,,,0.0,,,,,
빙수_딸기 도넛 눈꽃빙수,빙수,유제품류 및 빙과류,661g,102,,1.75,,,,,,,,,,,,,0.0,,,,,
빙수_딸기 도넛 얼음빙수,빙수,유제품류 및 빙과류,471g,120,,2.08,,,,,,,,,,,,,0.0,,,,,
빙수_딸기 도넛 컵빙수,빙수,유제품류 및 빙과류,244g,163,,1.93,,,,,,,,,,,,,0.0,,,,,
빙수_애플망고 도넛 눈꽃빙수,빙수,유제품류 및 빙과류,631g,114,,1.68,,,,,,,,,,,,,0.0,,,,,
빙수_애플망고 도넛 얼음빙수,빙수,유제품류 및 빙과류,421g,146,,2.04,,,,,,,,,,,,,0.0,,,,,
빙수_애플망고 도넛 컵빙수,빙수,유제품류 및 빙과류,244g,177,,1.68,,,,,,,,,,,,,0.0,,,,,
빙수_오곡 팥 눈꽃빙수,빙수,유제품류 및 빙과류,619g,126,,2.84,,,,,,,,,,,,,0.0,,,,,
빙수_오곡 팥 얼음빙수,빙수,유제품류 및 빙과류,409g,181,,3.79,,,,,,,,,,,,,0.0,,,,,
빙수_오곡 팥 컵빙수,빙수,유제품류 및 빙과류,285g,139,,2.7,,,,,,,,,,,,,0.0,,,,,
빙수_딸기시리얼빙수,빙수,유제품류 및 빙과류,900g,147,,1.44,,,,,,,,,,,,,0.0,,,,,
빙수_딸기시리얼컵빙수,빙수,유제품류 및 빙과류,355g,131,,1.41,,,,,,,,,,,,,0.0,,,,,
빙수_옛날팥빙수,빙수,유제품류 및 빙과류,900g,101,,2.67,,,,,,,,,,,,,0.0,,,,,
빙수_팥빙수,빙수,유제품류 및 빙과류,225g,269,50.22,4.44,,,,,,,,,,,,,0.0,,,,,
빙수_딸기 요거트 빙수,빙수,유제품류 및 빙과류,690g,140,24.29,5.01,,,,,,,,,,,,,0.0,,,,,
빙수_딸기 요거트 컵빙수,빙수,유제품류 및 빙과류,242g,159,31.4,3.03,,,,,,,,,,,,,0.0,,,,,
빙수_옛날 컵빙수,빙수,유제품류 및 빙과류,233g,203,30.39,8.76,,,,,,,,,,,,,0.0,,,,,
빙수_제주 한라봉 빙수,빙수,유제품류 및 빙과류,670g,145,23.85,6.76,,,,,,,,,,,,,0.0,,,,,
빙수_초코 씨리얼 빙수,빙수,유제품류 및 빙과류,545g,159,24.61,6.44,,,,,,,,,,,,,0.0,,,,,
빙수_밀크티 젤라또,빙수,유제품류 및 빙과류,620g,106,,1.61,,,,,,,,,,,,,0.0,,,,,
빙수_새콤달콤 패션망고,빙수,유제품류 및 빙과류,670g,84,,0.45,,,,,,,,,,,,,0.0,,,,,
빙수_애플망고,빙수,유제품류 및 빙과류,521g,73,,0.19,,,,,,,,,,,,,0.0,,,,,
빙수_젤라또 팥,빙수,유제품류 및 빙과류,648g,134,,2.93,,,,,,,,,,,,,0.0,,,,,
빙수_청포도 젤라또,빙수,유제품류 및 빙과류,660g,86,,0.3,,,,,,,,,,,,,0.0,,,,,
빙수_눈꽃 팥빙수 (1인),빙수,유제품류 및 빙과류,347g,142,,2.88,,,,,,,,,,,,,0.0,,,,,
빙수_눈꽃 팥빙수 (2인),빙수,유제품류 및 빙과류,627g,140,,3.18,,,,,,,,,,,,,0.0,,,,,
빙수_블랙몬스터 초코 빙수 (2인),빙수,유제품류 및 빙과류,617g,179,0.97,2.6,,,,,,,,,,,,,0.0,,,,,
빙수_애플망고 치즈 케이크 빙수 (1인),빙수,유제품류 및 빙과류,273g,116,,1.83,,,,,,,,,,,,,0.0,,,,,
빙수_애플망고 치즈 케이크 빙수 (2인),빙수,유제품류 및 빙과류,565g,115,,1.77,,,,,,,,,,,,,0.0,,,,,
빙수_인절미_우유얼음,빙수,유제품류 및 빙과류,100g,141,19.6,5.97,97.0,268.0,0.58,,,2.0,,,,,,,1.395,,,1.01,0.0,
빙수_팥_우유얼음,빙수,유제품류 및 빙과류,100g,146,31.49,3.24,58.0,124.0,0.43,,,1.9,,,,,,,0.5800000000000001,,,0.46,0.0,
뼈다귀해장국,뼈다귀해장국,국 및 탕류,650ml,21,0.96,2.7,4.0,74.0,0.22,5.01,0.22,0.4,,,,,0.01,4.0,0.536,3.1,,0.84,0.03,0.21
뼈다귀해장국,뼈다귀해장국,국 및 탕류,650ml,21,0.96,2.7,4.0,74.0,0.22,5.01,0.22,0.4,,,,,0.01,4.0,0.536,3.1,,0.84,0.03,0.21
뼈다귀해장국,뼈다귀해장국,국 및 탕류,650ml,21,0.96,2.7,4.0,74.0,0.22,5.01,0.22,0.4,,,,,0.01,4.0,0.536,3.1,,0.84,0.03,0.21
사골국,사골국,국 및 탕류,400g,55,2.81,5.56,4.0,46.0,0.52,3.74,1.38,0.8,5017.81,378.55,81.6,4.63,,2.0,5.8260000000000005,7.29,0.54,0.07,0.0,
사골국,사골국,국 및 탕류,563ml,35,2.94,1.8,5.0,49.0,0.34,2.74,0.48,0.2,,,,,0.0,2.0,0.258,3.27,,0.79,0.0,0.02
사골국,사골국,국 및 탕류,563ml,35,2.94,1.8,5.0,49.0,0.34,2.74,0.48,0.2,,,,,0.0,2.0,0.258,3.27,,0.79,0.0,0.02
사골국,사골국,국 및 탕류,563ml,35,2.94,1.8,5.0,49.0,0.34,2.74,0.48,0.2,,,,,0.0,2.0,0.258,3.27,,0.79,0.0,0.02
사과차_사과차 아이스,사과차,음료 및 차류,946g,40,,0.01,,,,,,,,,,,,,0.0,,,,,
사과차_사과차 아이스,사과차,음료 및 차류,591g,39,,0.02,,,,,,,,,,,,,0.0,,,,,
사과차_사과차 핫,사과차,음료 및 차류,946g,48,,0.01,,,,,,,,,,,,,0.0,,,,,
사과차_사과차 핫,사과차,음료 및 차류,591g,52,,0.02,,,,,,,,,,,,,0.0,,,,,
사과차_애플 히비스커스티,사과차,음료 및 차류,360g,45,,0.03,,,,,,,,,,,,,0.0,,,,,
사과차_석류 애플라임 핫,사과차,음료 및 차류,414g,45,,0.0,,,,,,,,,,,,,0.0,,,,,
사과차_석류 애플라임,사과차,음료 및 차류,230g,59,14.78,0.0,,,,,,,,,,,,,0.0,,,,,
사과차_석류애플라임 아이스,사과차,음료 및 차류,651g,48,,0.0,,,,,,,,,,,,,0.0,,,,,
사과차_애플 시나몬티 아이스,사과차,음료 및 차류,450g,25,,0.22,,,,,,,,,,,,,0.0,,,,,
사과차_애플 시나몬티 핫,사과차,음료 및 차류,450g,26,,0.44,,,,,,,,,,,,,0.0,,,,,
사과차_애플 그린티 아이스,사과차,음료 및 차류,595g,59,,0.17,,,,,,,,,,,,,0.0,,,,,
사과차_애플 그린티 핫,사과차,음료 및 차류,505g,60,,0.2,,,,,,,,,,,,,0.0,,,,,
사과차_애플민트티 아이스,사과차,음료 및 차류,414g,36,,0.0,,,,,,,,,,,,,0.0,,,,,
사과차_애플민트티 핫,사과차,음료 및 차류,355g,31,,0.21,,,,,,,,,,,,,0.0,,,,,
사태찜_소고기,사태찜,찜류,300g,110,3.67,12.1,13.0,145.0,1.17,15.05,2.05,1.6,11184.39,898.16,220.14,7.16,,10.0,2.45,25.0,2.18,2.88,0.0,
산자,산자,빵 및 과자류,30g,366,82.17,2.31,6.0,41.0,0.0,7.0,0.33,0.5,-,179.7,22.5,2.93,,0.0,0.483,3.43,0.0,0.1,,
산적_돼지고기,산적,전·적 및 부침류,170g,200,1.55,29.06,18.0,311.0,0.91,28.54,1.82,5.1,27964.17,2288.71,827.71,39.88,,1.0,0.7449999999999999,5.16,0.21,0.29,0.0,
삶은 땅콩 조림,삶은 땅콩 조림,조림류,65.5ml,190,21.15,6.8,27.0,122.0,0.59,51.27,0.88,4.0,,,,,0.0,0.0,2.735,36.39,,0.0,0.0,1.82
삶은 땅콩 조림,삶은 땅콩 조림,조림류,65.5ml,190,21.15,6.8,27.0,122.0,0.59,51.27,0.88,4.0,,,,,0.0,0.0,2.735,36.39,,0.0,0.0,1.82
삶은 땅콩 조림,삶은 땅콩 조림,조림류,22.2ml,580,64.99,20.7,81.0,373.0,1.81,156.49,2.69,12.1,,,,,0.0,0.0,8.348,111.08,,0.0,0.0,5.55
삼각김밥_참치마요네즈,삼각김밥,밥류,200g,199,25.45,5.93,10.0,76.0,0.38,12.1,0.58,2.8,5211.03,460.87,137.88,19.37,,23.0,0.875,10.69,0.82,2.18,0.0,
삼각김밥_고추장불고기,삼각김밥,밥류,100g,165,34.11,3.66,29.0,69.0,0.0,0.0,0.0,1.3,-,0.0,0.0,0.0,,32.0,0.516,0.0,0.0,1.53,,
삼각김밥_숯불갈비,삼각김밥,밥류,100g,161,32.55,4.0,11.0,69.0,0.0,0.0,0.0,1.3,-,0.0,0.0,0.0,,27.0,0.49,0.0,0.0,0.0,,
삼각김밥_참치마요네즈,삼각김밥,밥류,100g,172,31.95,3.94,10.0,58.0,0.0,0.0,0.0,1.2,-,0.0,0.0,0.0,,21.0,1.047,0.0,0.0,0.0,,
삼각김밥,삼각김밥,밥류,94.5ml,185,30.58,4.8,11.0,82.0,0.3,18.89,0.83,1.2,,,,,0.27,13.0,1.5130000000000001,18.15,,1.44,0.47,0.63
삼각김밥,삼각김밥,밥류,94.5ml,183,30.8,5.2,13.0,124.0,1.26,18.89,0.83,0.8,,,,,0.25,12.0,1.571,14.56,,1.5,0.52,0.54
삼겹살구이,삼겹살구이,육류 및 채소구이류,200g,467,0.35,22.56,9.0,370.0,0.69,21.65,2.75,0.7,21294.43,1778.42,573.22,18.32,,5.0,6.705,8.82,0.31,1.67,0.0,
삼겹살구이_고추장,삼겹살구이,육류 및 채소구이류,200g,403,12.63,14.21,14.0,371.0,0.96,31.22,2.14,4.1,13584.92,1096.11,317.69,29.81,,27.0,17.775,6.85,0.57,0.91,0.0,
삼겹살볶음_묵은지김치,삼겹살볶음,볶음류,200g,151,8.4,5.76,50.0,365.0,0.93,23.32,0.83,3.2,5318.86,398.21,87.32,7.64,,26.0,0.375,28.36,0.11,0.0,0.0,
삼겹살볶음_낙지,삼겹살볶음,볶음류,186.4ml,235,10.03,11.3,24.0,311.0,0.88,36.21,1.45,1.6,,,,,0.2,38.0,1.287,11.45,,4.56,0.29,0.69
삼겹살볶음_세발낙지,삼겹살볶음,볶음류,89.9ml,241,8.87,9.9,17.0,266.0,0.52,27.95,1.28,1.1,,,,,0.43,38.0,1.5859999999999999,7.14,,1.31,0.3,0.81
삼겹살볶음_세발낙지,삼겹살볶음,볶음류,186.4ml,225,10.13,10.0,23.0,320.0,0.61,30.81,1.29,1.6,,,,,0.28,37.0,1.73,11.05,,4.49,0.29,0.67
삼계탕,삼계탕,국 및 탕류,900g,101,3.84,10.68,14.0,156.0,0.43,13.66,0.73,1.6,7389.48,614.93,207.51,16.27,,8.0,0.925,6.77,0.39,0.0,0.0,
삼계탕,삼계탕,국 및 탕류,900ml,88,5.64,7.42,6.0,65.0,0.63,,,0.5,,,,,,18.0,1.3519999999999999,8.4,,0.55,0.0,
삼계탕,삼계탕,국 및 탕류,200ml,77,5.0,6.7,7.0,100.0,0.48,,,0.6,,,,,,14.0,1.4020000000000001,10.96,,0.74,0.0,
삼계탕,삼계탕,국 및 탕류,400ml,80,3.54,7.32,5.0,87.0,0.38,,,0.3,,,,,,16.0,1.596,8.44,,0.31,0.0,
삼계탕,삼계탕,국 및 탕류,831.6ml,46,5.17,5.2,5.0,97.0,0.34,10.6,0.25,0.3,,,,,0.0,9.0,0.795,4.86,,0.63,0.0,0.08
삼색 오이냉국,삼색 오이냉국,국 및 탕류,160ml,17,3.52,0.6,10.0,78.0,0.13,7.77,0.1,0.4,,,,,0.01,7.0,0.21100000000000002,5.14,,5.01,0.0,0.13
삼색냉채,삼색냉채,채소무침류,150ml,68,7.21,5.6,23.0,243.0,0.65,18.57,0.6,1.0,,,,,0.04,86.0,1.7559999999999998,25.93,,13.38,0.24,0.35
삼색냉채,삼색냉채,채소무침류,51.8ml,76,7.48,6.4,23.0,221.0,0.73,20.7,0.61,1.1,,,,,0.05,103.0,2.0389999999999997,21.85,,13.95,0.28,0.42
삼색냉채,삼색냉채,채소무침류,150ml,68,7.21,5.6,23.0,243.0,0.65,18.57,0.6,1.0,,,,,0.04,86.0,1.7559999999999998,25.93,,13.38,0.24,0.35
삼치 양념구이,삼치 양념구이,생선구이류,68.6ml,189,15.38,22.8,27.0,619.0,0.68,53.8,0.93,2.8,,,,,1.11,52.0,1.161,21.85,,3.55,7.14,1.6
삼치 양념구이,삼치 양념구이,생선구이류,68.6ml,189,15.38,22.8,27.0,619.0,0.68,53.8,0.93,2.8,,,,,1.11,52.0,1.161,21.85,,3.55,7.14,1.6
삼치 카레구이,삼치 카레구이,생선구이류,75.6ml,213,3.71,27.1,12.0,546.0,0.27,42.92,0.78,0.0,,,,,1.67,0.0,0.357,12.57,,0.0,9.26,0.73
삼치 카레구이,삼치 카레구이,생선구이류,75.6ml,213,3.71,27.1,12.0,546.0,0.27,42.92,0.78,0.0,,,,,1.67,0.0,0.357,12.57,,0.0,9.26,0.73
삼치구이,삼치구이,생선구이류,200g,178,1.45,21.42,18.0,220.0,1.9,29.02,3.62,1.4,18755.95,1594.31,478.13,11.62,,171.0,4.55,25.11,4.3,0.0,5.7,
삼치구이,삼치구이,생선구이류,380ml,64,0.47,9.55,3.0,185.0,0.06,,,0.0,,,,,,0.0,0.07,3.41,,0.0,3.31,
삼치구이,삼치구이,생선구이류,64.6ml,132,0.02,18.7,5.0,362.0,0.1,28.24,0.52,0.0,,,,,1.19,0.0,0.13,6.5,,0.0,6.5,0.43
삼치구이,삼치구이,생선구이류,140ml,77,2.15,8.96,3.0,172.0,0.07,,,0.1,,,,,,0.0,0.074,3.42,,0.0,3.04,
삼치구이,삼치구이,생선구이류,210ml,81,1.78,9.2,3.0,176.0,0.06,,,0.1,,,,,,1.0,0.076,3.54,,0.0,3.13,
삼치조림,삼치조림,조림류,100g,125,2.61,15.88,52.0,427.0,0.69,29.34,0.8,1.6,19260.59,1548.33,556.87,46.54,,37.0,3.43,20.18,3.04,0.0,7.47,
삼치조림,삼치조림,조림류,95ml,63,4.45,7.7,12.0,270.0,0.27,19.15,0.39,1.1,,,,,0.38,11.0,0.48,15.36,,2.78,2.36,0.53
삼치조림,삼치조림,조림류,62.6ml,185,8.91,19.0,10.0,414.0,0.31,34.15,0.6,0.4,,,,,1.25,0.0,0.378,11.36,,0.72,6.32,0.58
삼치조림,삼치조림,조림류,62.6ml,185,8.91,19.0,10.0,414.0,0.31,34.15,0.6,0.4,,,,,1.25,0.0,0.378,11.36,,0.72,6.32,0.58
삼치조림,삼치조림,조림류,95ml,63,4.45,7.7,12.0,270.0,0.27,19.15,0.39,1.1,,,,,0.38,11.0,0.48,15.36,,2.78,2.36,0.53
삼치찌개,삼치찌개,찌개 및 전골류,297ml,50,3.35,6.2,16.0,188.0,0.32,23.31,0.36,1.0,,,,,0.3,21.0,0.276,13.41,,1.34,1.65,0.38
삼치튀김,삼치튀김,튀김류,63.9ml,136,3.69,13.7,9.0,254.0,0.26,20.95,0.46,0.1,,,,,0.94,12.0,0.167,12.08,,0.01,4.4,0.64
삼치튀김,삼치튀김,튀김류,115.1ml,136,3.43,13.8,9.0,255.0,0.26,21.0,0.46,0.1,,,,,0.94,11.0,0.149,9.86,,0.01,4.35,0.65
상추 겉절이,상추 겉절이,채소무침류,100g,64,6.18,2.48,89.0,379.0,0.88,,,2.3,,,,,,,0.41200000000000003,,,0.22,0.0,
상추 겉절이,상추 겉절이,채소무침류,150ml,21,3.38,0.9,27.0,154.0,0.57,11.32,0.26,1.3,,,,,0.05,73.0,0.39299999999999996,18.4,,0.42,0.0,0.53
상추 겉절이,상추 겉절이,채소무침류,50ml,29,4.02,1.16,31.0,205.0,1.02,,,1.4,,,,,,68.0,0.49,20.48,,0.67,0.0,
상추 겉절이,상추 겉절이,채소무침류,50ml,29,3.98,1.2,31.0,205.0,1.01,15.08,0.39,1.3,,,,,0.07,68.0,0.486,20.38,,0.66,0.0,0.58
상추 겉절이,상추 겉절이,채소무침류,80ml,24,3.92,1.06,29.0,190.0,0.89,,,1.4,,,,,,72.0,0.465,20.01,,0.63,0.0,
상추 겉절이,상추 겉절이,채소무침류,80ml,24,3.89,1.1,29.0,190.0,0.89,13.24,0.35,1.4,,,,,0.06,72.0,0.463,19.96,,0.62,0.0,0.58
상추 겉절이,상추 겉절이,채소무침류,150ml,21,3.39,0.89,27.0,154.0,0.57,,,1.3,,,,,,74.0,0.39399999999999996,18.45,,0.42,0.0,
상추 겉절이,상추 겉절이,채소무침류,150ml,21,3.38,0.9,27.0,154.0,0.57,11.32,0.26,1.3,,,,,0.05,73.0,0.39299999999999996,18.4,,0.42,0.0,0.53
새송이버섯 구이,새송이버섯 구이,육류 및 채소구이류,90.9ml,61,6.05,2.3,5.0,251.0,0.32,11.21,0.66,2.6,,,,,0.29,26.0,3.749,39.54,,1.07,0.0,0.46
새송이버섯 구이,새송이버섯 구이,육류 및 채소구이류,75.4ml,58,4.17,1.6,8.0,157.0,0.24,8.69,0.44,1.5,,,,,0.27,0.0,2.076,24.4,,0.7,0.0,0.43
새송이버섯 구이,새송이버섯 구이,육류 및 채소구이류,75.4ml,58,4.17,1.6,8.0,157.0,0.24,8.69,0.44,1.5,,,,,0.27,0.0,2.076,24.4,,0.7,0.0,0.43
새송이버섯볶음_새송이버섯,새송이버섯볶음,채소볶음류,55ml,25,3.46,1.52,4.0,151.0,0.22,,,1.6,,,,,,0.0,2.5389999999999997,25.96,,0.46,0.0,
새송이버섯볶음_새송이버섯_채소,새송이버섯볶음,채소볶음류,70ml,25,3.51,1.4,5.0,151.0,0.23,,,1.6,,,,,,12.0,2.322,24.74,,2.58,0.0,
새송이버섯볶음_새송이버섯_채소,새송이버섯볶음,채소볶음류,170ml,32,4.13,1.44,9.0,158.0,0.22,,,1.6,,,,,,14.0,2.028,23.58,,3.82,0.0,
새송이버섯전,새송이버섯전,전·적 및 부침류,95ml,63,5.89,3.16,8.0,154.0,0.42,,,1.5,,,,,,19.0,2.445,33.51,,0.84,0.23,
새싹 샐러드,새싹 샐러드,샐러드류,104.4ml,117,5.01,1.4,23.0,134.0,0.38,9.67,0.24,1.8,,,,,0.74,152.0,0.528,12.28,,8.86,0.0,1.22
새싹 샐러드,새싹 샐러드,샐러드류,104.4ml,117,5.01,1.4,23.0,134.0,0.38,9.67,0.24,1.8,,,,,0.74,152.0,0.528,12.28,,8.86,0.0,1.22
새싹 샐러드,새싹 샐러드,샐러드류,104.4ml,117,5.01,1.4,23.0,134.0,0.38,9.67,0.24,1.8,,,,,0.74,152.0,0.528,12.28,,8.86,0.0,1.22
새우 탕수,새우 탕수,튀김류,105.8ml,248,19.95,18.2,76.0,317.0,2.43,32.01,1.02,1.0,,,,,0.68,40.0,2.222,59.36,,4.48,0.12,2.43
새우 탕수,새우 탕수,튀김류,83.1ml,149,12.77,11.0,45.0,178.0,1.47,29.67,0.61,1.7,,,,,0.49,12.0,1.326,72.71,,2.44,0.07,1.39
새우 탕수,새우 탕수,튀김류,83.1ml,149,12.77,11.0,45.0,178.0,1.47,29.67,0.61,1.7,,,,,0.49,12.0,1.326,72.71,,2.44,0.07,1.39
새우 탕수,새우 탕수,튀김류,105.8ml,248,19.95,18.2,76.0,317.0,2.43,32.01,1.02,1.0,,,,,0.68,40.0,2.222,59.36,,4.48,0.12,2.43
새우구이,새우구이,생선구이류,180g,145,2.82,23.41,82.0,319.0,0.44,55.36,2.54,2.1,20708.17,1565.18,478.08,32.81,,0.0,1.606,11.92,1.5,3.09,0.0,
새우구이,새우구이,생선구이류,300ml,34,0.04,7.4,28.0,89.0,0.95,11.16,0.37,0.0,,,,,0.06,0.0,0.913,20.9,,0.37,0.0,0.62
새우무침,새우무침,무침류,27ml,321,15.47,37.0,1856.0,91.0,8.4,92.81,0.85,1.0,,,,,0.78,54.0,5.909,154.41,,0.0,0.0,5.43
새우무침,새우무침,무침류,27ml,321,15.47,37.0,1856.0,91.0,8.4,92.81,0.85,1.0,,,,,0.78,54.0,5.909,154.41,,0.0,0.0,5.43
새우볶음,새우볶음,볶음류,200g,83,5.96,9.91,31.0,271.0,0.34,25.06,0.9,1.1,9424.86,676.03,208.75,19.85,,4.0,0.8200000000000001,38.02,0.39,11.57,0.0,
새우전,새우전,전·적 및 부침류,100g,188,11.57,9.99,57.0,144.0,0.94,,,1.0,,,,,,,3.0220000000000002,,,1.11,0.0,
새우전,새우전,전·적 및 부침류,65.9ml,264,12.86,23.2,85.0,271.0,2.98,34.82,1.28,0.5,,,,,0.77,30.0,2.47,68.53,,0.94,0.26,2.85
새우전,새우전,전·적 및 부침류,65.9ml,264,13.51,23.1,87.0,272.0,2.95,34.82,1.28,0.5,,,,,0.77,34.0,2.524,74.72,,0.94,0.45,2.82
새우젓_양념,새우젓,젓갈류,10g,69,6.0,7.1,735.0,298.0,1.7,302.4,0.8,1.9,6295.3,437.9,147.2,60.3,,37.0,2.6999999999999997,30.9,2.3,8.1,0.0,
새우젓국,새우젓국,국 및 탕류,320ml,23,2.21,2.0,27.0,106.0,0.31,22.32,0.26,1.0,,,,,0.07,6.0,0.186,12.92,,1.61,0.0,0.22
새우젓국,새우젓국,국 및 탕류,236.3ml,27,2.12,1.9,28.0,96.0,0.32,21.33,0.26,0.9,,,,,0.07,4.0,0.176,12.43,,1.75,0.0,0.16
새우젓국,새우젓국,국 및 탕류,320ml,23,2.31,2.0,29.0,105.0,0.32,22.32,0.26,1.0,,,,,0.07,5.0,0.21200000000000002,12.89,,1.77,0.0,0.22
새우조림,새우조림,조림류,322ml,72,3.62,8.8,44.0,148.0,1.11,17.67,0.58,0.4,,,,,0.07,17.0,1.2730000000000001,31.19,,3.19,0.0,0.79
새우조림,새우조림,조림류,161.7ml,62,3.21,7.6,38.0,130.0,0.97,15.65,0.5,0.4,,,,,0.06,14.0,1.112,27.01,,2.74,0.0,0.68
새우탕,새우탕,국 및 탕류,500g,33,2.0,5.17,30.0,186.0,0.47,18.25,0.59,1.4,4399.75,335.91,105.67,6.32,,7.0,0.686,12.63,0.53,2.12,0.0,
새우탕,새우탕,국 및 탕류,760.5ml,40,2.51,6.2,29.0,132.0,0.89,16.2,0.42,0.8,,,,,0.07,14.0,0.823,23.65,,1.77,0.0,0.64
새우탕,새우탕,국 및 탕류,760.5ml,40,2.51,6.2,29.0,132.0,0.89,16.2,0.42,0.8,,,,,0.07,14.0,0.823,23.65,,1.77,0.0,0.64
새우탕,새우탕,국 및 탕류,760.5ml,40,2.51,6.2,29.0,132.0,0.89,16.2,0.42,0.8,,,,,0.07,14.0,0.823,23.65,,1.77,0.0,0.64
새우탕,새우탕,국 및 탕류,760.5ml,40,2.51,6.2,29.0,132.0,0.89,16.2,0.42,0.8,,,,,0.07,14.0,0.823,23.65,,1.77,0.0,0.64
새우탕_간편조리세트_전복민물새우탕,새우탕,국 및 탕류,1589g,56,10.07,2.85,83.0,82.0,1.39,,,0.5,,,,,,,1.544,,,1.77,0.0,
새우튀김_새우스틱 (2개),새우튀김,튀김류,100g,271,,8.3,,,,,,,,,,,,,0.0,,,,,
새우튀김_타르타르 새우튀김 (5개),새우튀김,튀김류,100g,295,,6.1,,,,,,,,,,,,,0.0,,,,,
새우튀김,새우튀김,튀김류,117.6ml,145,16.54,7.1,30.0,105.0,1.03,7.19,0.15,1.0,,,,,0.34,3.0,0.593,22.13,,1.45,0.0,1.52
새우튀김,새우튀김,튀김류,65ml,145,16.52,7.1,30.0,105.0,1.03,7.18,0.15,1.0,,,,,0.34,3.0,0.593,22.11,,1.45,0.0,1.52
새우튀김,새우튀김,튀김류,65ml,145,16.52,7.1,30.0,105.0,1.03,7.18,0.15,1.0,,,,,0.34,3.0,0.593,22.11,,1.45,0.0,1.52
새우튀김,새우튀김,튀김류,117.6ml,145,16.54,7.1,30.0,105.0,1.03,7.19,0.15,1.0,,,,,0.34,3.0,0.593,22.13,,1.45,0.0,1.52
새우튀김롤,새우튀김롤,밥류,300g,202,32.09,4.82,54.0,77.0,0.0,11.17,0.55,2.5,-,393.14,95.65,0.0,,21.0,0.267,0.0,0.0,2.58,,
샌드위치_단호박 크림치즈 샌드위치,샌드위치,빵 및 과자류,274g,164,,4.38,,,,,,,,,,,,,0.0,,,,,
샌드위치_크로크무슈,샌드위치,빵 및 과자류,115g,361,,20.87,,,,,,,,,,,,,0.0,,,,,
샌드위치_트리플 치즈 포카치아,샌드위치,빵 및 과자류,70g,304,,15.71,,,,,,,,,,,,,0.0,,,,,
샌드위치_리터샌드,샌드위치,빵 및 과자류,80g,381,37.5,10.0,,,,,,,,,,,,,0.0,,,,,
샌드위치_바질토마토 치킨 소금빵,샌드위치,빵 및 과자류,87g,292,,14.94,,,,,,,,,,,,,0.0,,,,,
샌드위치_에멘탈 햄치즈 소금빵,샌드위치,빵 및 과자류,69g,362,,11.59,,,,,,,,,,,,,0.0,,,,,
샌드위치_떡갈비 치즈 곡물 샌드위치,샌드위치,빵 및 과자류,207g,153,,1.93,,,,,,,,,,,,,0.0,,,,,
샌드위치_잉글리쉬 머핀 샌드위치,샌드위치,빵 및 과자류,140g,282,,10.0,,,,,,,,,,,,,0.0,,,,,
샌드위치_크로크무슈,샌드위치,빵 및 과자류,160g,294,,13.75,,,,,,,,,,,,,0.0,,,,,
샌드위치_참치클럽 샌드위치,샌드위치,빵 및 과자류,304g,196,,8.0,,,,,,,,,,,,,0.0,,,,,
샌드위치_추억의야채사라다빵,샌드위치,빵 및 과자류,414g,161,,4.0,,,,,,,,,,,,,0.0,,,,,
샌드위치_크로크무슈,샌드위치,빵 및 과자류,147g,320,,10.88,,,,,,,,,,,,,0.0,,,,,
샌드위치_통밀후레쉬 샌드위치 (H),샌드위치,빵 및 과자류,114g,211,,7.89,,,,,,,,,,,,,0.0,,,,,
샌드위치_통밀후레쉬 샌드위치,샌드위치,빵 및 과자류,228g,211,,7.89,,,,,,,,,,,,,0.0,,,,,
샌드위치_그릴치킨 당근라페 샌드위치,샌드위치,빵 및 과자류,204g,167,,10.29,,,,,,,,,,,,,0.0,,,,,
샌드위치_매콤치킨랩 샌드위치,샌드위치,빵 및 과자류,250g,182,,8.0,,,,,,,,,,,,,0.0,,,,,
샌드위치_불고기치즈 바게트,샌드위치,빵 및 과자류,165g,279,,10.91,,,,,,,,,,,,,0.0,,,,,
샌드위치_크랜베리치킨 베이글 샌드위치,샌드위치,빵 및 과자류,266g,233,,9.02,,,,,,,,,,,,,0.0,,,,,
샌드위치_통밀튜나 샌드위치,샌드위치,빵 및 과자류,242g,270,,8.2,,,,,,,,,,,,,0.0,,,,,
샌드위치_피크닉튜나 샌드위치,샌드위치,빵 및 과자류,243g,251,,8.23,,,,,,,,,,,,,0.0,,,,,
샌드위치_토마토아이올리 샌드위치,샌드위치,빵 및 과자류,195g,221,20.5,9.5,,,,,,,,,,,,,0.0,,,,,
샌드위치_콘참치샌드,샌드위치,빵 및 과자류,80g,201,,5.0,,,,,,,,,,,,,0.0,,,,,
샌드위치_크로크무슈,샌드위치,빵 및 과자류,140g,277,,12.86,,,,,,,,,,,,,0.0,,,,,
샌드위치_햄앤치즈샌드,샌드위치,빵 및 과자류,75g,281,,8.0,,,,,,,,,,,,,0.0,,,,,
샌드위치_콰트로치즈 파니니,샌드위치,빵 및 과자류,120g,285,37.35,13.81,,,,,,,,,,,,,0.0,,,,,
샌드위치_사라다빵,샌드위치,빵 및 과자류,188g,206,,4.8,,,,,,,,,,,,,0.0,,,,,
샌드위치_돌코롬 쫍지롱 와플 샌드,샌드위치,빵 및 과자류,210g,383,,7.14,,,,,,,,,,,,,0.0,,,,,
샌드위치_제주 흑돼지 아보카도 샌드위치,샌드위치,빵 및 과자류,167g,216,,7.78,,,,,,,,,,,,,0.0,,,,,
샌드위치_치킨 클럽,샌드위치,빵 및 과자류,240g,202,,8.75,,,,,,,,,,,,,0.0,,,,,
샌드위치_크랜베리 치킨 치즈 샌드위치,샌드위치,빵 및 과자류,194g,220,,8.76,,,,,,,,,,,,,0.0,,,,,
샌드위치_꽃살크래미 반미 샌드위치,샌드위치,빵 및 과자류,269g,181,25.28,5.58,,,,,,,,,,,,,0.0,,,,,
샌드위치_오리지널 불고기 반미 샌드위치,샌드위치,빵 및 과자류,302g,182,21.52,9.6,,,,,,,,,,,,,0.0,,,,,
샌드위치_크로크무슈,샌드위치,빵 및 과자류,170g,269,,11.18,,,,,,,,,,,,,0.0,,,,,
샌드위치_페퍼로니 피자 샌드위치,샌드위치,빵 및 과자류,150g,287,,13.33,,,,,,,,,,,,,0.0,,,,,
샌드위치_크로크무슈,샌드위치,빵 및 과자류,140g,422,,20.0,,,,,,,,,,,,,0.0,,,,,
샌드위치_리코타 딸기 샌디,샌드위치,빵 및 과자류,320g,225,,3.38,,,,,,,,,,,,,0.0,,,,,
샌드위치_쿠키 & 크림 샌디,샌드위치,빵 및 과자류,308g,259,,3.6,,,,,,,,,,,,,0.0,,,,,
샌드위치_크로크무슈,샌드위치,빵 및 과자류,140g,277,,7.14,,,,,,,,,,,,,0.0,,,,,
샌드위치_티라미수 샌디,샌드위치,빵 및 과자류,297g,249,,3.87,,,,,,,,,,,,,0.0,,,,,
샌드위치_바베큐 치킨 깜빠뉴 샌드위치,샌드위치,빵 및 과자류,150g,273,,14.0,,,,,,,,,,,,,0.0,,,,,
샌드위치_소불고기 깜빠뉴 샌드위치,샌드위치,빵 및 과자류,140g,230,,10.0,,,,,,,,,,,,,0.0,,,,,
샌드위치_크로크무슈,샌드위치,빵 및 과자류,160g,270,,11.88,,,,,,,,,,,,,0.0,,,,,
샌드위치_멜팅치즈 샌드위치,샌드위치,빵 및 과자류,120g,329,,13.33,,,,,,,,,,,,,0.0,,,,,
샌드위치_크로크무슈,샌드위치,빵 및 과자류,140g,277,,7.14,,,,,,,,,,,,,0.0,,,,,
샌드위치_미트 번 샌드위치,샌드위치,빵 및 과자류,270g,254,,5.89,,,,,,,,,,,,,0.0,,,,,
샌드위치_콘 치즈 샌드위치,샌드위치,빵 및 과자류,143g,237,,5.38,,,,,,,,,,,,,0.0,,,,,
샌드위치_크로크 무슈,샌드위치,빵 및 과자류,170g,257,,11.18,,,,,,,,,,,,,0.0,,,,,
샌드위치_그릭치킨 샌드위치,샌드위치,빵 및 과자류,180g,184,22.22,12.22,,,,,,,,,,,,,0.0,,,,,
샌드위치_대만식 샌드위치 초코크림샌드,샌드위치,빵 및 과자류,70g,329,,5.71,,,,,,,,,,,,,0.0,,,,,
샌드위치_먹물치킨 치아바타,샌드위치,빵 및 과자류,135g,213,,15.56,,,,,,,,,,,,,0.0,,,,,
샌드위치_잉글리쉬머핀 샌드위치,샌드위치,빵 및 과자류,283g,100,,4.95,,,,,,,,,,,,,0.0,,,,,
샌드위치_크로크무슈,샌드위치,빵 및 과자류,170g,257,,42.94,,,,,,,,,,,,,0.0,,,,,
샌드위치_버터품은 설탕치즈 크로와상 샌드위치,샌드위치,빵 및 과자류,80g,293,32.5,8.75,,,,,,,,,,,,,0.0,,,,,
샌드위치_볼빨간 생딸기 생크림 크로와상 샌드위치,샌드위치,빵 및 과자류,155g,186,19.35,3.23,,,,,,,,,,,,,0.0,,,,,
샌드위치_바질 토마토&치킨 샌드위치,샌드위치,빵 및 과자류,195g,205,,10.77,,,,,,,,,,,,,0.0,,,,,
샌드위치_비프&에그 샌드위치,샌드위치,빵 및 과자류,220g,213,,10.45,,,,,,,,,,,,,0.0,,,,,
샌드위치_크로크 무슈,샌드위치,빵 및 과자류,140g,422,,20.0,,,,,,,,,,,,,0.0,,,,,
샌드위치_할라피뇨 치킨 샌드위치,샌드위치,빵 및 과자류,181g,169,,9.94,,,,,,,,,,,,,0.0,,,,,
샌드위치_단호박크림치즈 샌드위치,샌드위치,빵 및 과자류,274g,181,23.36,4.38,,,,,,,,,,,,,0.0,,,,,
샌드위치_멜팅치즈&비프 샌드위치,샌드위치,빵 및 과자류,219g,171,,11.42,,,,,,,,,,,,,0.0,,,,,
샌드위치_베리머치감자 샌드위치,샌드위치,빵 및 과자류,120g,238,,3.33,,,,,,,,,,,,,0.0,,,,,
샌드위치_베리머치에그 샌드위치,샌드위치,빵 및 과자류,105g,324,,8.57,,,,,,,,,,,,,0.0,,,,,
샌드위치_베이컨체다 베이글,샌드위치,빵 및 과자류,168g,283,,10.12,,,,,,,,,,,,,0.0,,,,,
샌드위치_스크램블에그 샌드위치,샌드위치,빵 및 과자류,170g,279,,10.59,,,,,,,,,,,,,0.0,,,,,
샌드위치_스파이시치킨샐러드랩,샌드위치,빵 및 과자류,233g,193,,6.44,,,,,,,,,,,,,0.0,,,,,
샌드위치_식물성대체육옴미니트샐러드랩,샌드위치,빵 및 과자류,245g,198,,6.94,,,,,,,,,,,,,0.0,,,,,
샌드위치_칠리소시지바게트 샌드위치,샌드위치,빵 및 과자류,238g,233,,10.92,,,,,,,,,,,,,0.0,,,,,
샌드위치_콤비네이션 샌드위치,샌드위치,빵 및 과자류,189g,183,,8.47,,,,,,,,,,,,,0.0,,,,,
샌드위치_크랜베리치킨 샌드위치,샌드위치,빵 및 과자류,244g,197,20.9,7.79,,,,,,,,,,,,,0.0,,,,,
샌드위치_크로크무슈,샌드위치,빵 및 과자류,141g,277,,14.89,,,,,,,,,,,,,0.0,,,,,
샌드위치_클래식루벤 샌드위치,샌드위치,빵 및 과자류,213g,218,,13.62,,,,,,,,,,,,,0.0,,,,,
샌드위치_토마토모짜렐라 샌드위치,샌드위치,빵 및 과자류,178g,247,18.54,10.67,,,,,,,,,,,,,0.0,,,,,
샌드위치_할라피뇨스테이크바게트 샌드위치,샌드위치,빵 및 과자류,244g,244,,10.25,,,,,,,,,,,,,0.0,,,,,
샌드위치_NEW 파니니 불고기 에그,샌드위치,빵 및 과자류,220g,241,,10.45,,,,,,,,,,,,,0.0,,,,,
샌드위치_룻티아 오 샌드 피넛,샌드위치,빵 및 과자류,80g,394,,6.25,,,,,,,,,,,,,0.0,,,,,
샌드위치_브리젤라,샌드위치,빵 및 과자류,95g,253,,5.26,,,,,,,,,,,,,0.0,,,,,
샌드위치_샐러드빵,샌드위치,빵 및 과자류,130g,185,,6.92,,,,,,,,,,,,,0.0,,,,,
샌드위치_ 파니니 바비큐 치킨,샌드위치,빵 및 과자류,220g,202,,7.73,,,,,,,,,,,,,0.0,,,,,
샌드위치_프룻티아 오 샌드 스트로베리,샌드위치,빵 및 과자류,80g,344,,6.25,,,,,,,,,,,,,0.0,,,,,
샌드위치_소프트 잠봉뵈르 샌드위치,샌드위치,빵 및 과자류,175g,277,,9.14,,,,,,,,,,,,,0.0,,,,,
샌드위치_크랜베리 치킨 샌드위치,샌드위치,빵 및 과자류,240g,238,,7.5,,,,,,,,,,,,,0.0,,,,,
샌드위치_크로크무슈,샌드위치,빵 및 과자류,160g,294,,13.75,,,,,,,,,,,,,0.0,,,,,
샌드위치_닭가슴살,샌드위치,빵 및 과자류,230g,240,20.96,12.18,58.0,200.0,0.17,21.26,0.84,2.4,9833.24,812.29,195.4,23.3,,10.0,5.423,22.87,0.24,0.38,0.0,
샌드위치_모듬,샌드위치,빵 및 과자류,220g,193,8.44,9.5,78.0,152.0,0.75,14.75,1.0,1.9,8213.68,704.07,201.09,6.42,,36.0,1.2160000000000002,19.46,0.37,2.87,0.0,
샌드위치_참치,샌드위치,빵 및 과자류,250g,202,13.78,10.54,26.0,152.0,0.64,18.29,0.36,1.7,7586.01,594.94,138.5,22.66,,9.0,1.062,10.02,0.85,0.5,0.0,
샌드위치_채소,샌드위치,빵 및 과자류,180g,244,23.82,4.08,25.0,162.0,0.07,15.07,0.33,2.5,3352.58,244.73,28.17,14.53,,21.0,0.067,12.56,0.0,1.52,0.0,
샌드위치_닭고기,샌드위치,빵 및 과자류,100g,250,20.89,16.28,58.0,245.0,1.77,,,1.4,,,,,,3.0,8.25,,,0.8,0.1,
샌드위치_생선,샌드위치,빵 및 과자류,100g,257,26.69,10.29,37.0,206.0,1.5,,,1.0,,,,,,5.0,2.5,,,1.8,0.2,
샌드위치_소고기,샌드위치,빵 및 과자류,100g,244,22.21,15.17,55.0,224.0,2.64,,,1.3,,,,,,2.0,4.8469999999999995,,,0.0,0.0,
샌드위치_소시지,샌드위치,빵 및 과자류,100g,276,23.74,10.3,45.0,145.0,0.67,,,1.4,,,,,,,7.154999999999999,,,1.03,0.0,
샌드위치_참치,샌드위치,빵 및 과자류,250g,222,14.6,9.32,53.0,148.0,0.0,17.75,0.73,2.1,-,705.53,192.46,0.04,,22.0,1.4660000000000002,15.53,0.59,1.92,,
샐러드_샐러드,샐러드,샐러드류,100g,15,,1.0,,,,,,,,,,,,,0.0,,,,,
샐러드_맥앤치즈 핫도그 샐러드 박스,샐러드,샐러드류,234g,194,,5.98,,,,,,,,,,,,,0.0,,,,,
샐러드_토마토칠리 핫도그 샐러드 박스,샐러드,샐러드류,234g,194,,6.41,,,,,,,,,,,,,0.0,,,,,
샐러드_멕시칸치킨 샐러드,샐러드,샐러드류,314g,134,,8.92,,,,,,,,,,,,,0.0,,,,,
샐러드_스파이시쉬림프 샐러드,샐러드,샐러드류,313g,109,,7.35,,,,,,,,,,,,,0.0,,,,,
샐러드_오렌지 그릴치킨 샐러드,샐러드,샐러드류,340g,71,,5.29,,,,,,,,,,,,,0.0,,,,,
샐러드_콥샐러드,샐러드,샐러드류,274g,120,,6.93,,,,,,,,,,,,,0.0,,,,,
샐러드_포테이토&튜나 샐러드,샐러드,샐러드류,363g,174,,4.41,,,,,,,,,,,,,0.0,,,,,
샐러드_과일리코타 샐러드,샐러드,샐러드류,260g,111,11.4,3.2,,,,,,,,,,,,,0.0,,,,,
샐러드_시저치킨 샐러드,샐러드,샐러드류,270g,126,2.2,15.0,,,,,,,,,,,,,0.0,,,,,
샐러드_치킨콥 샐러드,샐러드,샐러드류,410g,124,6.4,5.8,,,,,,,,,,,,,0.0,,,,,
샐러드_트리플 치즈 샐러드,샐러드,샐러드류,203g,164,15.27,5.91,,,,,,,,,,,,,0.0,,,,,
샐러드_과카몰리치킨 샐러드,샐러드,샐러드류,217g,94,,4.15,,,,,,,,,,,,,0.0,,,,,
샐러드_그릴드치킨 샐러드,샐러드,샐러드류,207g,60,,7.25,,,,,,,,,,,,,0.0,,,,,
샐러드_두부포케 샐러드,샐러드,샐러드류,199g,102,,3.52,,,,,,,,,,,,,0.0,,,,,
샐러드_쉬림프에그 샐러드,샐러드,샐러드류,159g,83,,6.92,,,,,,,,,,,,,0.0,,,,,
샐러드_프레시리코타치즈 샐러드,샐러드,샐러드류,203g,167,,5.42,,,,,,,,,,,,,0.0,,,,,
샐러드_그릴드치킨 시저 샐러드,샐러드,샐러드류,227g,104,,7.49,,,,,,,,,,,,,0.0,,,,,
샐러드_치킨텐더 샐러드,샐러드,샐러드류,232g,133,,7.76,,,,,,,,,,,,,0.0,,,,,
샐러드_그릴드 치킨 샐러드,샐러드,샐러드류,203g,99,,6.4,,,,,,,,,,,,,0.0,,,,,
샐러드_감자,샐러드,샐러드류,150g,126,12.25,1.31,8.0,241.0,0.27,13.97,0.19,1.8,1155.86,73.37,15.85,2.79,,4.0,0.086,1.99,0.0,0.66,0.0,
샐러드_단호박,샐러드,샐러드류,150g,162,18.77,1.48,17.0,299.0,0.41,11.55,0.33,2.0,1356.42,101.93,19.37,0.85,,96.0,0.227,18.77,0.0,0.11,0.0,
샐러드_닭가슴살,샐러드,샐러드류,150g,135,5.36,7.17,41.0,255.0,0.47,38.81,0.69,3.1,6681.8,532.59,112.93,5.02,,13.0,0.86,30.17,0.16,0.12,0.0,
샐러드_새싹,샐러드,샐러드류,100g,74,4.96,2.77,49.0,109.0,0.44,19.75,0.38,1.5,2730.33,229.7,53.91,11.36,,33.0,1.16,36.98,0.16,1.59,0.0,
샐러드_양배추,샐러드,샐러드류,150g,150,8.47,2.69,28.0,289.0,0.33,23.04,0.3,2.6,2461.99,148.88,20.22,1.73,,26.0,0.5529999999999999,11.47,0.0,0.91,0.0,
샐러드_양상추,샐러드,샐러드류,150g,126,3.42,4.91,44.0,243.0,0.8,40.08,0.63,2.5,4710.69,304.64,39.61,2.42,,16.0,1.601,11.89,0.0,0.65,0.0,
샐러드_옥수수,샐러드,샐러드류,160g,166,12.68,1.96,15.0,176.0,0.54,12.61,0.35,2.6,1880.05,176.62,29.73,1.52,,25.0,0.094,32.14,0.0,0.37,0.0,
샐러드_참치,샐러드,샐러드류,150g,151,7.52,10.82,17.0,216.0,0.57,20.41,0.59,2.5,9718.99,783.01,289.97,54.66,,17.0,14.280000000000001,14.11,1.9,0.65,0.0,
샐러드_채소,샐러드,샐러드류,160g,145,5.1,1.16,23.0,219.0,0.18,11.11,0.22,1.7,898.83,54.28,9.21,2.1,,38.0,0.22499999999999998,11.25,0.0,0.8,0.0,
샐러드_고구마,샐러드,샐러드류,100g,185,26.84,1.81,38.0,247.0,0.54,,,3.0,,,,,,,0.994,,,2.23,0.0,
샐러드_양배추_코올슬로,샐러드,샐러드류,100g,153,14.89,0.95,30.0,129.0,0.22,,,1.9,,,,,,28.0,0.252,,,14.6,,
샐러드_단호박,샐러드,샐러드류,50ml,128,10.28,1.23,10.0,264.0,0.32,,,2.3,,,,,,204.0,0.375,13.37,,8.17,0.02,
샐러드_감자,샐러드,샐러드류,80ml,163,15.64,2.76,18.0,328.0,0.66,,,2.3,,,,,,29.0,0.6900000000000001,26.5,,9.53,0.1,
샐러드_마카로니,샐러드,샐러드류,170ml,140,13.76,2.37,13.0,84.0,0.29,,,0.8,,,,,,15.0,0.487,8.01,,2.98,0.0,
샐러드_옥수수,샐러드,샐러드류,130ml,131,12.51,1.32,12.0,140.0,0.27,,,1.1,,,,,,18.0,0.635,25.44,,6.14,0.0,
샐러드_간편조리세트_콥샐러드&시저드레싱,샐러드,샐러드류,486g,129,4.55,8.75,87.0,219.0,0.59,,,0.9,,,,,,,7.574,,,0.18,0.0,
생강차_진저티 아이스,생강차,음료 및 차류,360g,48,,0.0,,,,,,,,,,,,,0.0,,,,,
생강차_진저티 핫,생강차,음료 및 차류,360g,48,,0.0,,,,,,,,,,,,,0.0,,,,,
생강차_생강차,생강차,음료 및 차류,100g,41,,0.14,,,,,,,,,,,,,0.0,,,,,
생강차_생강차 아이스,생강차,음료 및 차류,360g,54,,0.03,,,,,,,,,,,,,0.0,,,,,
생강차_생강차 핫,생강차,음료 및 차류,360g,54,,0.03,,,,,,,,,,,,,0.0,,,,,
생강차_유자 생강차,생강차,음료 및 차류,385g,43,,0.0,,,,,,,,,,,,,0.0,,,,,
생선까스,생선까스,튀김류,200g,327,23.28,12.17,23.0,164.0,0.0,23.48,0.52,1.9,-,925.66,308.87,0.0,,5.0,1.316,0.0,0.0,0.0,,
생선까스,생선까스,튀김류,259ml,105,5.12,9.0,28.0,131.0,0.34,14.57,0.36,0.3,,,,,0.29,14.0,0.637,8.66,,2.53,0.3,0.9
생선까스_소스,생선까스,튀김류,220ml,232,7.25,7.58,6.0,65.0,0.41,,,0.2,,,,,,2.0,1.542,2.67,,0.55,0.11,
생선까스,생선까스,튀김류,68ml,198,10.89,15.3,47.0,219.0,0.56,24.6,0.6,0.6,,,,,0.57,23.0,1.086,14.73,,3.89,0.5,1.65
생선까스,생선까스,튀김류,68ml,198,10.89,15.3,47.0,219.0,0.56,24.6,0.6,0.6,,,,,0.57,23.0,1.086,14.73,,3.89,0.5,1.65
생선까스,생선까스,튀김류,77.4ml,303,17.5,22.8,70.0,327.0,0.88,36.98,0.92,1.0,,,,,0.86,36.0,1.605,22.97,,6.19,0.75,2.48
생선전_가자미,생선전,전·적 및 부침류,150g,154,4.61,17.17,231.0,227.0,0.0,30.36,0.85,0.9,-,1086.88,404.25,77.42,,35.0,0.44499999999999995,18.61,0.0,0.0,,
생선전_동태,생선전,전·적 및 부침류,150g,179,7.02,15.09,32.0,174.0,0.0,21.22,0.71,2.3,-,1218.93,447.51,0.0,,26.0,0.375,0.0,0.0,0.0,,
샤베트_메론코코샤베트,샤베트,유제품류 및 빙과류,470g,45,11.09,0.11,,,,,,,,,,,,,0.0,,,,,
샤베트_블루파인 샤베트,샤베트,유제품류 및 빙과류,470g,40,9.36,0.23,,,,,,,,,,,,,0.0,,,,,
샤베트_와인 샤베트,샤베트,유제품류 및 빙과류,470g,74,17.66,0.21,,,,,,,,,,,,,0.0,,,,,
샤브샤브_간편조리세트_일호식 스키야키,샤브샤브,찌개 및 전골류,1234g,51,3.64,3.36,20.0,94.0,0.59,,,0.7,,,,,,,0.726,,,0.0,0.1,
샤브샤브_간편조리세트_소고기 샤브샤브,샤브샤브,찌개 및 전골류,1686g,34,2.99,2.71,6.0,93.0,0.37,,,0.7,,,,,,,0.8029999999999999,,,0.78,0.0,
샤브샤브_버섯,샤브샤브,찌개 및 전골류,350g,30,1.57,3.88,3.0,43.0,0.31,2.36,0.6,1.3,3211.99,275.37,76.34,0.91,,4.0,2.3489999999999998,0.55,0.34,0.0,0.0,
샤브샤브_소고기,샤브샤브,찌개 및 전골류,600g,43,1.8,5.38,13.0,221.0,0.57,14.82,1.06,1.2,5162.72,410.47,111.3,8.35,,3.0,5.823,22.95,0.57,2.97,0.0,
샤브샤브_소고기,샤브샤브,찌개 및 전골류,600g,44,2.45,4.85,16.0,111.0,0.0,8.78,1.39,1.6,-,352.5,107.38,5.18,,12.0,0.46900000000000003,19.07,0.0,0.0,,
샤브샤브_간편조리세트_소고기스키야키,샤브샤브,찌개 및 전골류,1024g,76,8.65,6.23,10.0,177.0,0.09,,,0.4,,,,,,,1.377,,,5.42,0.0,
서대구이,서대구이,생선구이류,79.2ml,161,0.71,25.1,27.0,4.0,1.35,42.46,0.67,0.0,,,,,0.46,4.0,4.364,5.07,,1.35,2.56,1.27
섞박지,섞박지,김치류,93.5ml,41,7.43,2.3,61.0,446.0,0.81,27.51,0.61,3.3,,,,,0.11,39.0,1.121,44.82,,11.21,0.13,1.22
섞박지,섞박지,김치류,69.9ml,35,5.04,1.9,53.0,290.0,0.62,23.14,0.47,2.3,,,,,0.08,23.0,0.819,30.51,,6.24,0.09,0.78
섞어찌개(모듬찌개),섞어찌개(모듬찌개),찌개 및 전골류,481ml,39,3.73,1.7,9.0,110.0,0.34,11.33,0.36,1.1,,,,,0.03,15.0,0.355,8.12,,1.29,0.0,0.42
섞어찌개(모듬찌개),섞어찌개(모듬찌개),찌개 및 전골류,351.6ml,47,5.58,3.7,18.0,168.0,0.41,17.51,0.43,1.4,,,,,0.05,15.0,0.659,15.7,,3.69,0.04,0.37
선지해장국_내장,선지해장국,국 및 탕류,600ml,34,2.07,4.4,13.0,74.0,5.95,10.13,0.79,0.6,,,,,0.05,10.0,0.552,41.72,,1.63,0.0,0.22
선짓국,선짓국,국 및 탕류,600ml,27,2.15,3.6,13.0,70.0,5.86,9.18,0.66,0.7,,,,,0.05,6.0,0.412,41.88,,1.99,0.0,0.2
선짓국_내장,선짓국,국 및 탕류,600ml,45,1.97,5.4,12.0,79.0,6.07,11.39,0.96,0.6,,,,,0.05,16.0,0.739,41.52,,1.14,0.0,0.24
선짓국,선짓국,국 및 탕류,220.5ml,40,3.5,3.4,23.0,92.0,3.19,9.71,0.68,1.6,,,,,0.04,32.0,0.552,28.17,,1.65,0.0,0.4
선짓국,선짓국,국 및 탕류,320ml,45,3.53,3.9,26.0,106.0,3.16,11.94,0.78,1.6,,,,,0.05,31.0,0.599,27.1,,1.1,0.0,0.4
설렁탕,설렁탕,국 및 탕류,500g,24,0.36,4.26,7.0,23.0,0.28,2.42,0.64,1.0,3282,254.52,42.37,3.91,,0.0,0.34199999999999997,6.71,0.21,2.51,0.0,
설렁탕,설렁탕,국 및 탕류,230ml,41,4.43,2.65,5.0,56.0,0.38,,,0.2,,,,,,2.0,0.364,3.06,,0.4,0.02,
설렁탕,설렁탕,국 및 탕류,550ml,37,4.08,2.1,2.0,31.0,0.26,,,0.1,,,,,,1.0,0.232,1.74,,0.14,0.0,
세발나물무침,세발나물무침,나물·숙채류,100g,78,7.05,3.01,74.0,319.0,0.75,,,4.1,,,,,,,0.6100000000000001,,,3.87,0.0,
세발낙지볶음,세발낙지볶음,볶음류,110ml,88,8.35,11.6,27.0,354.0,0.73,51.6,1.53,1.2,,,,,0.35,24.0,1.893,14.48,,1.7,0.0,0.68
세발낙지볶음,세발낙지볶음,볶음류,256ml,68,7.88,4.7,19.0,214.0,0.37,24.57,0.6,1.6,,,,,0.26,27.0,0.9460000000000001,10.44,,6.84,0.0,0.76
세발낙지볶음,세발낙지볶음,볶음류,256ml,68,7.88,4.7,19.0,214.0,0.37,24.57,0.6,1.6,,,,,0.26,27.0,0.9460000000000001,10.44,,6.84,0.0,0.76
세발낙지찜,세발낙지찜,찜류,600ml,74,3.8,5.5,26.0,184.0,0.7,29.86,0.9,1.2,,,,,0.2,13.0,1.077,22.96,,0.84,0.11,0.92
소간 채소볶음,소간 채소볶음,볶음류,104.2ml,120,7.74,10.5,24.0,375.0,4.19,22.54,2.09,2.5,,,,,0.22,4643.0,8.946,155.47,,15.47,0.0,1.1
소갈비 구이,소갈비 구이,육류 및 채소구이류,216ml,298,9.01,14.4,15.0,247.0,2.69,19.86,3.99,0.6,,,,,0.04,2.0,1.29,10.44,,1.46,0.0,0.39
소갈비 구이,소갈비 구이,육류 및 채소구이류,141.4ml,210,6.33,10.2,10.0,178.0,1.89,14.79,2.8,0.4,,,,,0.03,1.0,0.9490000000000001,7.14,,0.98,0.0,0.28
소갈비 구이,소갈비 구이,육류 및 채소구이류,141.4ml,210,6.33,10.2,10.0,178.0,1.89,14.79,2.8,0.4,,,,,0.03,1.0,0.9490000000000001,7.14,,0.98,0.0,0.28
소갈비 구이,소갈비 구이,육류 및 채소구이류,141.4ml,210,6.33,10.2,10.0,178.0,1.89,14.79,2.8,0.4,,,,,0.03,1.0,0.9490000000000001,7.14,,0.98,0.0,0.28
소갈비찜,소갈비찜,찜류,750ml,111,6.45,5.38,8.0,135.0,1.03,,,0.6,,,,,,5.0,0.697,10.51,,1.53,0.0,
소갈비찜_해물,소갈비찜,찜류,1120m,137,8.65,11.41,28.0,185.0,1.25,,,1.3,,,,,,36.0,3.266,20.48,,0.44,1.71,
소갈비찜,소갈비찜,찜류,116.1ml,235,6.72,12.2,12.0,226.0,2.22,15.43,3.43,0.7,,,,,0.02,20.0,1.23,11.07,,1.46,0.0,0.26
소갈비찜,소갈비찜,찜류,116.1ml,238,7.91,12.8,18.0,335.0,2.34,20.64,3.57,1.7,,,,,0.02,74.0,1.742,21.43,,2.97,0.0,0.34
소갈비찜,소갈비찜,찜류,225.2ml,160,5.3,8.0,12.0,184.0,1.49,12.71,2.25,0.6,,,,,0.02,41.0,0.8019999999999999,11.76,,1.97,0.0,0.24
소고기 감자죽,소고기 감자죽,죽 및 스프류,320ml,88,13.65,3.1,4.0,70.0,0.35,11.12,0.75,0.7,,,,,0.01,10.0,0.504,5.36,,0.53,0.01,0.15
소고기 감자죽,소고기 감자죽,죽 및 스프류,247.9ml,82,11.19,2.6,4.0,97.0,0.32,9.63,0.66,0.8,,,,,0.01,13.0,0.473,6.95,,1.72,0.0,0.15
소고기 국밥,소고기 국밥,밥류,809ml,66,12.54,2.3,4.0,46.0,0.21,6.67,0.51,0.5,,,,,0.01,1.0,0.353,4.44,,0.37,0.0,0.08
소고기 국밥_내장,소고기 국밥,밥류,400.7ml,104,18.63,3.7,9.0,83.0,0.4,10.84,0.8,0.7,,,,,0.01,3.0,0.611,9.25,,1.44,0.0,0.13
소고기 국밥_내장,소고기 국밥,밥류,932.1ml,62,11.02,2.2,5.0,47.0,0.23,6.3,0.48,0.4,,,,,0.01,1.0,0.359,5.18,,0.75,0.0,0.08
소고기 덮밥,소고기 덮밥,밥류,387.9ml,120,18.92,3.3,6.0,77.0,0.34,9.94,0.91,0.8,,,,,0.01,14.0,0.706,6.99,,1.24,0.0,0.12
소고기 덮밥,소고기 덮밥,밥류,387.9ml,120,18.92,3.3,6.0,77.0,0.34,9.94,0.91,0.8,,,,,0.01,14.0,0.706,6.99,,1.24,0.0,0.12
소고기 덮밥,소고기 덮밥,밥류,667.5ml,109,14.39,5.7,4.0,97.0,0.61,13.05,1.29,0.4,,,,,0.01,2.0,0.879,4.68,,0.32,0.0,0.11
소고기 두부국,소고기 두부국,국 및 탕류,320ml,34,0.62,2.8,8.0,48.0,0.36,10.96,0.58,0.3,,,,,0.04,2.0,0.291,2.92,,0.18,0.0,0.08
소고기 떡찜,소고기 떡찜,찜류,78.4ml,303,32.19,10.6,18.0,255.0,1.47,26.43,2.87,1.6,,,,,0.03,42.0,1.8210000000000002,20.49,,1.74,0.0,0.34
소고기 무국,소고기 무국,국 및 탕류,251.9ml,23,0.53,1.6,3.0,51.0,0.19,4.01,0.43,0.1,,,,,0.0,1.0,0.241,3.4,,0.82,0.0,0.01
소고기 무국_콩나물,소고기 무국,국 및 탕류,170ml,27,1.06,1.9,5.0,74.0,0.24,5.12,0.51,0.3,,,,,0.01,2.0,0.344,6.58,,1.38,0.0,0.05
소고기 무국,소고기 무국,국 및 탕류,251.9ml,23,0.53,1.6,3.0,51.0,0.19,4.01,0.43,0.1,,,,,0.0,1.0,0.241,3.4,,0.82,0.0,0.01
소고기 미역국,소고기 미역국,국 및 탕류,300ml,21,0.92,1.6,22.0,129.0,0.33,21.18,0.37,0.7,,,,,0.02,8.0,0.291,9.76,,0.66,0.0,0.04
소고기 미역국_바지락,소고기 미역국,국 및 탕류,300ml,11,0.9,1.1,21.0,108.0,0.29,19.6,0.17,0.7,,,,,0.06,6.0,0.21100000000000002,9.24,,0.54,0.0,0.04
소고기 미역국_떡,소고기 미역국,국 및 탕류,190ml,24,1.15,1.7,10.0,91.0,0.26,12.11,0.4,0.4,,,,,0.03,3.0,0.385,4.74,,0.25,0.0,0.03
소고기 미역국,소고기 미역국,국 및 탕류,200ml,23,0.56,1.9,12.0,103.0,0.3,13.7,0.43,0.4,,,,,0.03,4.0,0.469,5.35,,0.29,0.0,0.04
소고기 미역국,소고기 미역국,국 및 탕류,320ml,17,0.59,1.5,12.0,86.0,0.25,13.25,0.33,0.4,,,,,0.03,4.0,0.23,5.83,,0.29,0.0,0.04
소고기 샌드위치,소고기 샌드위치,빵 및 과자류,250ml,203,19.7,6.9,21.0,117.0,0.73,13.0,1.09,1.2,,,,,0.15,23.0,0.886,18.2,,3.37,0.07,0.49
소고기 샌드위치,소고기 샌드위치,빵 및 과자류,250ml,203,19.7,6.9,21.0,117.0,0.73,13.0,1.09,1.2,,,,,0.15,23.0,0.886,18.2,,3.37,0.07,0.49
소고기 샌드위치,소고기 샌드위치,빵 및 과자류,223.8ml,195,20.03,7.1,23.0,120.0,0.74,13.34,1.09,1.2,,,,,0.06,24.0,0.926,19.26,,2.7,0.08,0.35
소고기 샤브샤브,소고기 샤브샤브,찌개 및 전골류,930ml,46,4.08,2.95,8.0,85.0,0.51,,,0.6,,,,,,9.0,0.853,8.31,,0.75,0.0,
소고기 샤브샤브,소고기 샤브샤브,찌개 및 전골류,930ml,47,4.1,3.0,9.0,86.0,0.51,7.57,0.62,0.6,,,,,0.01,9.0,0.849,8.69,,0.88,0.0,0.1
소고기 완자전,소고기 완자전,전·적 및 부침류,77.6ml,318,10.08,14.1,37.0,219.0,2.07,40.36,2.95,1.4,,,,,0.62,31.0,1.359,19.28,,0.77,0.13,1.22
소고기 완자전,소고기 완자전,전·적 및 부침류,46.2ml,314,10.06,14.1,38.0,218.0,2.07,40.91,2.94,1.4,,,,,0.61,30.0,1.351,19.38,,0.76,0.13,1.2
소고기 완자전,소고기 완자전,전·적 및 부침류,46.2ml,314,10.06,14.1,38.0,218.0,2.07,40.91,2.94,1.4,,,,,0.61,30.0,1.351,19.38,,0.76,0.13,1.2
소고기 완자전,소고기 완자전,전·적 및 부침류,77.6ml,318,10.08,14.1,37.0,219.0,2.07,40.36,2.95,1.4,,,,,0.62,31.0,1.359,19.28,,0.77,0.13,1.22
소고기 장조림,소고기 장조림,조림류,50ml,188,6.9,14.9,15.0,282.0,2.1,24.49,3.24,0.4,,,,,0.02,21.0,1.944,21.53,,1.28,0.21,0.25
소고기 장조림_메추리알,소고기 장조림,조림류,50ml,152,6.22,14.4,23.0,249.0,2.05,21.89,2.77,0.3,,,,,0.03,52.0,1.809,34.14,,1.26,0.58,0.31
소고기 장조림,소고기 장조림,조림류,56.6ml,230,5.13,29.6,9.0,469.0,3.49,34.51,5.81,0.2,,,,,0.01,4.0,4.317,10.14,,0.58,0.0,0.28
소고기 장조림_메추리알,소고기 장조림,조림류,50ml,152,6.22,14.4,23.0,249.0,2.05,21.89,2.77,0.3,,,,,0.03,52.0,1.809,34.14,,1.26,0.58,0.31
소고기 장조림,소고기 장조림,조림류,56.6ml,237,3.97,31.5,9.0,480.0,3.7,35.94,6.2,0.1,,,,,0.01,4.0,4.5969999999999995,7.51,,0.29,0.0,0.29
소고기 장조림_메추리알,소고기 장조림,조림류,50ml,152,6.22,14.4,23.0,249.0,2.05,21.89,2.77,0.3,,,,,0.03,52.0,1.809,34.14,,1.26,0.58,0.31
소고기 장조림,소고기 장조림,조림류,50ml,209,7.28,15.2,10.0,301.0,2.12,25.96,3.51,0.4,,,,,0.02,3.0,2.022,14.41,,1.29,0.0,0.21
소고기 장조림_메추리알,소고기 장조림,조림류,50ml,152,6.22,14.4,23.0,249.0,2.05,21.89,2.77,0.3,,,,,0.03,52.0,1.809,34.14,,1.26,0.58,0.31
소고기 장조림_꽈리고추,소고기 장조림,조림류,86.6ml,132,8.22,14.7,8.0,295.0,1.82,24.31,2.8,0.7,,,,,0.01,9.0,2.3840000000000003,24.38,,10.14,0.0,0.17
소고기국_무_당면,소고기국,국 및 탕류,563ml,34,2.92,1.8,7.0,49.0,0.33,2.8,0.48,0.2,,,,,0.0,1.0,0.259,3.38,,0.64,0.0,0.02
소고기국_무_당면,소고기국,국 및 탕류,563ml,34,2.92,1.8,7.0,49.0,0.33,2.8,0.48,0.2,,,,,0.0,1.0,0.259,3.38,,0.64,0.0,0.02
소고기버섯죽,소고기버섯죽,죽 및 스프류,800g,72,13.63,2.34,7.0,52.0,0.0,0.0,0.0,0.4,-,0.0,0.0,0.0,,2.0,0.603,0.0,0.0,0.0,,
소고기버섯죽,소고기버섯죽,죽 및 스프류,259ml,119,20.93,4.3,4.0,175.0,0.52,14.08,1.13,1.9,,,,,0.01,0.0,1.698,14.09,,0.03,0.0,0.18
소고기버섯죽,소고기버섯죽,죽 및 스프류,168.2ml,100,14.9,2.8,3.0,54.0,0.3,8.28,0.79,0.7,,,,,0.01,2.0,0.7929999999999999,4.29,,0.07,0.0,0.12
소고기버섯죽,소고기버섯죽,죽 및 스프류,168.2ml,99,15.03,2.7,3.0,69.0,0.5,8.28,0.79,0.5,,,,,0.01,2.0,0.842,3.6,,0.07,0.0,0.07
소고기볶음_간편조리세트_차돌박이숙주볶음,소고기볶음,볶음류,369g,193,6.38,7.3,18.0,182.0,0.71,,,1.6,,,,,,,1.245,,,0.0,0.0,
소고기볶음_고추장,소고기볶음,볶음류,220g,197,10.7,14.36,12.0,329.0,1.78,22.11,4.06,8.8,14000.12,1139.25,328.54,17.32,,56.0,1.3519999999999999,11.96,1.17,0.0,0.0,
소고기볶음_버섯,소고기볶음,볶음류,230g,144,6.92,11.59,25.0,365.0,1.62,27.15,3.4,5.0,13309.45,1113.94,313.46,11.93,,19.0,1.0,13.67,0.57,0.0,0.0,
소고기볶음_채소,소고기볶음,볶음류,230g,126,6.44,12.8,13.0,309.0,1.42,21.41,3.81,4.8,14083.99,1159.74,318.97,14.98,,55.0,1.37,19.74,1.1,0.0,0.0,
소고기볶음,소고기볶음,볶음류,147.9ml,163,3.12,7.0,19.0,166.0,1.11,15.71,1.9,0.7,,,,,0.18,48.0,1.0210000000000001,11.42,,1.27,0.0,0.36
소고기볶음_고추장,소고기볶음,볶음류,173.7ml,143,7.23,5.9,9.0,139.0,0.92,11.37,1.64,0.6,,,,,0.02,26.0,0.909,4.0,,1.1,0.0,0.24
소고기볶음_버섯,소고기볶음,볶음류,100ml,97,4.29,6.1,10.0,170.0,0.84,11.92,1.48,0.9,,,,,0.12,11.0,1.549,12.7,,1.5,0.0,0.25
소고기볶음,소고기볶음,볶음류,94.2ml,237,2.71,10.6,13.0,227.0,1.59,16.41,2.94,0.7,,,,,0.16,42.0,1.5679999999999998,8.0,,2.48,0.0,0.38
소고기볶음_고추장,소고기볶음,볶음류,92.9ml,154,7.09,5.7,10.0,135.0,0.88,10.92,1.58,0.6,,,,,0.19,25.0,0.893,3.97,,0.98,0.0,0.46
소고기볶음_버섯,소고기볶음,볶음류,180ml,72,3.97,6.2,7.0,142.0,0.83,,,0.5,,,,,,13.0,1.209,7.77,,1.71,0.0,
소고기볶음_채소,소고기볶음,볶음류,180ml,73,3.97,6.2,7.0,142.0,0.82,9.81,1.4,0.5,,,,,0.02,13.0,1.197,7.79,,1.72,0.0,0.12
소고기볶음_고추장,소고기볶음,볶음류,92.9ml,157,7.04,5.7,8.0,134.0,0.88,10.85,1.58,0.6,,,,,0.19,26.0,0.875,3.85,,1.06,0.0,0.46
소고기볶음,소고기볶음,볶음류,147.9ml,159,3.16,7.0,20.0,160.0,1.12,15.76,1.91,0.7,,,,,0.18,47.0,1.041,11.47,,1.32,0.0,0.36
소고기볶음_버섯,소고기볶음,볶음류,100ml,97,4.29,6.1,10.0,170.0,0.84,11.92,1.48,0.9,,,,,0.12,11.0,1.549,12.7,,1.5,0.0,0.25
소고기산적,소고기산적,전·적 및 부침류,200g,227,3.67,24.2,11.0,240.0,0.0,23.8,5.51,1.5,-,1954.21,513.77,30.07,,6.0,0.2,9.82,0.0,0.0,,
소고기스튜,소고기스튜,찜류,127.6ml,187,9.23,10.1,24.0,387.0,1.32,24.31,2.42,1.9,,,,,0.02,72.0,1.8319999999999999,14.45,,6.46,0.0,0.53
소고기육개장,소고기육개장,국 및 탕류,200ml,26,1.38,2.07,13.0,92.0,0.31,,,0.6,,,,,,11.0,0.638,12.88,,1.87,0.02,
소고기육개장,소고기육개장,국 및 탕류,220ml,32,2.09,2.59,18.0,122.0,0.39,,,1.0,,,,,,18.0,0.764,17.7,,2.8,0.03,
소고기육개장,소고기육개장,국 및 탕류,440ml,25,1.49,1.91,13.0,80.0,0.29,,,0.7,,,,,,13.0,0.40700000000000003,14.01,,2.02,0.02,
소고기전골_간편조리세트_파빌리온 얼큰 소고기 전골,소고기전골,찌개 및 전골류,1228g,73,2.69,4.4,23.0,139.0,0.68,,,1.4,,,,,,,0.663,,,1.29,0.0,
소고기전골,소고기전골,찌개 및 전골류,300g,63,0.46,7.89,23.0,176.0,0.58,20.26,0.85,0.5,6002.16,501.17,94.64,4.34,,17.0,1.3,9.82,0.33,0.5,0.0,
소고기전골,소고기전골,찌개 및 전골류,500ml,38,1.98,2.4,15.0,108.0,0.36,11.19,0.57,0.9,,,,,0.02,33.0,0.581,9.84,,1.76,0.0,0.24
소고기전골,소고기전골,찌개 및 전골류,359.3ml,46,4.25,2.6,10.0,99.0,0.36,11.19,0.54,0.6,,,,,0.01,35.0,0.6869999999999999,9.98,,1.35,0.0,0.09
소고기전골_간편조리세트_평양식 어복쟁반,소고기전골,찌개 및 전골류,1840g,76,5.35,7.02,8.0,105.0,0.72,,,1.3,,,,,,,1.112,,,0.0,0.0,
소고기전골_간편조리세트_어복쟁반,소고기전골,찌개 및 전골류,1613g,37,1.41,3.39,6.0,88.0,0.3,,,0.7,,,,,,,0.798,,,0.0,0.0,
소고기찜,소고기찜,찜류,196.9ml,121,5.17,5.5,13.0,213.0,0.87,12.91,1.59,1.1,,,,,0.02,10.0,1.117,15.59,,5.36,0.0,0.1
소고기찜,소고기찜,찜류,196.9ml,117,4.95,5.5,14.0,215.0,0.88,12.95,1.59,1.1,,,,,0.02,10.0,1.074,15.66,,4.99,0.0,0.1
소고기채소볶음,소고기채소볶음,볶음류,191.8ml,128,3.35,5.1,11.0,136.0,0.79,10.17,1.38,0.7,,,,,0.16,38.0,0.847,7.27,,2.39,0.0,0.33
소고기채소볶음,소고기채소볶음,볶음류,65.5ml,198,7.24,8.4,25.0,315.0,1.31,19.59,2.15,1.8,,,,,0.26,59.0,2.048,19.46,,5.98,0.0,0.5
소고기채소볶음,소고기채소볶음,볶음류,65.5ml,198,7.24,8.4,25.0,315.0,1.31,19.59,2.15,1.8,,,,,0.26,59.0,2.048,19.46,,5.98,0.0,0.5
소고기채소볶음,소고기채소볶음,볶음류,191.8ml,128,3.35,5.1,11.0,136.0,0.79,10.17,1.38,0.7,,,,,0.16,38.0,0.847,7.27,,2.39,0.0,0.33
소고기튀김,소고기튀김,튀김류,114.2ml,258,10.11,10.4,15.0,196.0,1.5,14.88,2.52,0.7,,,,,0.32,29.0,1.2719999999999998,11.3,,1.23,0.16,0.73
소곱창 구이,소곱창 구이,육류 및 채소구이류,66.2ml,171,3.71,8.8,19.0,186.0,2.1,14.83,1.25,1.2,,,,,0.11,25.0,1.647,19.86,,2.04,0.0,0.85
소곱창 볶음,소곱창 볶음,볶음류,99.2ml,178,4.99,9.0,42.0,283.0,1.77,31.43,1.79,2.4,,,,,0.37,86.0,2.625,40.95,,1.95,0.0,1.31
소금빵_뺑오플레르 (L),소금빵,빵 및 과자류,85g,338,,8.0,,,,,,,,,,,,,0.0,,,,,
소금빵_앙버터 소금빵,소금빵,빵 및 과자류,80g,376,47.63,7.63,,,,,,,,,,,,,0.0,,,,,
소금빵_앙버터 소금빵 (L),소금빵,빵 및 과자류,145g,381,47.66,7.66,,,,,,,,,,,,,0.0,,,,,
소금빵_고짠고짠소금버터링,소금빵,빵 및 과자류,60g,325,46.67,8.33,,,,,,,,,,,,,0.0,,,,,
소금빵_발효버터 명란소금빵,소금빵,빵 및 과자류,65g,392,41.54,7.69,,,,,,,,,,,,,0.0,,,,,
소금빵_발효버터 소금빵,소금빵,빵 및 과자류,55g,373,49.09,7.27,,,,,,,,,,,,,0.0,,,,,
소내장구이,소내장구이,육류 및 채소구이류,260ml,92,0.75,6.75,9.0,90.0,1.37,,,0.1,,,,,,4.0,1.336,7.55,,2.13,0.0,
소등심 스테이크,소등심 스테이크,육류 및 채소구이류,250ml,270,0.86,12.6,13.0,221.0,1.96,15.05,3.6,0.1,,,,,0.03,33.0,1.7249999999999999,2.22,,1.43,0.0,0.18
소등심 스테이크,소등심 스테이크,육류 및 채소구이류,91.2ml,223,3.3,10.6,12.0,230.0,1.54,14.75,2.99,0.6,,,,,0.02,47.0,1.533,4.97,,1.87,0.0,0.24
소등심 스테이크,소등심 스테이크,육류 및 채소구이류,91.2ml,223,3.3,10.6,12.0,230.0,1.54,14.75,2.99,0.6,,,,,0.02,47.0,1.533,4.97,,1.87,0.0,0.24
소등심 스테이크,소등심 스테이크,육류 및 채소구이류,91.2ml,229,3.3,10.6,12.0,231.0,1.54,14.75,2.99,0.6,,,,,0.02,47.0,1.532,4.97,,1.85,0.0,0.24
소등심구이,소등심구이,육류 및 채소구이류,176ml,318,0.0,15.9,12.0,246.0,2.28,17.57,4.56,0.0,,,,,0.03,26.0,2.15,2.03,,0.81,0.0,0.16
소등심구이,소등심구이,육류 및 채소구이류,127.7ml,320,0.26,15.9,13.0,251.0,2.33,18.11,4.57,0.1,,,,,0.03,27.0,2.159,2.09,,0.81,0.0,0.16
소등심구이,소등심구이,육류 및 채소구이류,127.7ml,311,0.26,15.9,13.0,250.0,2.36,18.11,4.57,0.1,,,,,0.03,27.0,2.162,2.04,,0.81,0.0,0.16
소등심구이,소등심구이,육류 및 채소구이류,127.7ml,320,0.26,15.9,13.0,251.0,2.33,18.11,4.57,0.1,,,,,0.03,27.0,2.159,2.09,,0.81,0.0,0.16
소라무침,소라무침,무침류,91ml,122,7.46,18.7,85.0,72.0,7.37,52.86,2.03,1.0,,,,,0.04,20.0,2.038,17.64,,1.01,0.0,2.75
소라무침,소라무침,무침류,91ml,122,7.46,18.7,85.0,72.0,7.37,52.86,2.03,1.0,,,,,0.04,20.0,2.038,17.64,,1.01,0.0,2.75
소라산적,소라산적,전·적 및 부침류,80g,150,8.06,22.4,122.0,228.0,0.0,291.64,6.53,0.6,-,1681.84,595.93,89.99,,10.0,0.5609999999999999,12.11,0.0,12.82,,
소보로빵_맘모스 딸기,소보로빵,빵 및 과자류,130g,361,,8.0,,,,,,,,,,,,,0.0,,,,,
소보로빵_생크림 소보루,소보로빵,빵 및 과자류,85g,388,,8.24,,,,,,,,,,,,,0.0,,,,,
소보로빵_소보루빵,소보로빵,빵 및 과자류,72g,383,,9.72,,,,,,,,,,,,,0.0,,,,,
소보로빵_찹쌀숨은 소보루,소보로빵,빵 및 과자류,300g,290,,8.0,,,,,,,,,,,,,0.0,,,,,
소보로빵_땅콩크림 소보로,소보로빵,빵 및 과자류,102g,456,,7.84,,,,,,,,,,,,,0.0,,,,,
소보로빵_맘모스빵,소보로빵,빵 및 과자류,250g,348,,7.2,,,,,,,,,,,,,0.0,,,,,
소보로빵_생크림 소보로,소보로빵,빵 및 과자류,93g,414,,7.53,,,,,,,,,,,,,0.0,,,,,
소보로빵_소보로빵,소보로빵,빵 및 과자류,76g,421,,9.21,,,,,,,,,,,,,0.0,,,,,
소보로빵_쑥이듬뿍 맘모스,소보로빵,빵 및 과자류,310g,331,,8.06,,,,,,,,,,,,,0.0,,,,,
소보로빵_진짜고구마 소보로,소보로빵,빵 및 과자류,115g,348,,6.09,,,,,,,,,,,,,0.0,,,,,
소보로빵_클래식딸기잼 맘모스,소보로빵,빵 및 과자류,370g,401,,6.49,,,,,,,,,,,,,0.0,,,,,
소보로빵_소보로빵,소보로빵,빵 및 과자류,60g,356,54.2,9.3,,,,,,,,,,,,,0.0,,,,,
소보로빵_튀김 소보로,소보로빵,빵 및 과자류,85g,394,,7.06,,,,,,,,,,,,,0.0,,,,,
소보로빵_단팥소보루,소보로빵,빵 및 과자류,120g,283,,7.63,,,,,,,,,,,,,0.0,,,,,
소보로빵_달콤고소한밤롤브레드,소보로빵,빵 및 과자류,235g,290,,7.0,,,,,,,,,,,,,0.0,,,,,
소보로빵_맘모스브레드 (H),소보로빵,빵 및 과자류,170g,368,,7.06,,,,,,,,,,,,,0.0,,,,,
소보로빵_맘모스브레드,소보로빵,빵 및 과자류,330g,365,,7.0,,,,,,,,,,,,,0.0,,,,,
소보로빵_밤롤브레드,소보로빵,빵 및 과자류,220g,300,,7.0,,,,,,,,,,,,,0.0,,,,,
소보로빵_생크림소보루,소보로빵,빵 및 과자류,115g,370,,6.96,,,,,,,,,,,,,0.0,,,,,
소보로빵_소보루빵,소보로빵,빵 및 과자류,85g,388,,8.24,,,,,,,,,,,,,0.0,,,,,
소보로빵_스위트밀크브레드,소보로빵,빵 및 과자류,570g,305,,8.0,,,,,,,,,,,,,0.0,,,,,
소보로빵_쫄깃한 찰떡맘모스 (1/4),소보로빵,빵 및 과자류,80g,338,,6.25,,,,,,,,,,,,,0.0,,,,,
소보로빵_쫄깃한 찰떡맘모스 (1/8),소보로빵,빵 및 과자류,40g,338,,7.5,,,,,,,,,,,,,0.0,,,,,
소보로빵_쫄깃한 찰떡맘모스 (H),소보로빵,빵 및 과자류,160g,338,,6.88,,,,,,,,,,,,,0.0,,,,,
소보로빵_쫄깃한 찰떡맘모스,소보로빵,빵 및 과자류,320g,339,,6.88,,,,,,,,,,,,,0.0,,,,,
소보로빵_PB달콤한크림정통소보루,소보로빵,빵 및 과자류,110g,364,46.36,7.27,,,,,,,,,,,,,0.0,,,,,
소보로빵_PB정통소보루,소보로빵,빵 및 과자류,80g,388,55.0,8.75,,,,,,,,,,,,,0.0,,,,,
소보로빵_밤소보루맘모스,소보로빵,빵 및 과자류,280g,288,48.21,7.14,,,,,,,,,,,,,0.0,,,,,
소보로빵_밤소보루맘모스 (H),소보로빵,빵 및 과자류,140g,289,47.86,6.43,,,,,,,,,,,,,0.0,,,,,
소보로빵_소보루 완두앙금빵,소보로빵,빵 및 과자류,105g,248,44.76,5.71,,,,,,,,,,,,,0.0,,,,,
소보로빵_소보루생크림빵,소보로빵,빵 및 과자류,110g,355,40.0,6.36,,,,,,,,,,,,,0.0,,,,,
소보로빵,소보로빵,빵 및 과자류,70g,392,55.63,8.27,42.0,120.0,0.74,22.57,0.69,2.9,6950.01,541.41,44.47,17.6,,54.0,0.28700000000000003,21.96,0.13,0.4,0.0,
소보로빵,소보로빵,빵 및 과자류,70g,396,60.22,9.02,35.0,126.0,0.0,23.83,0.69,4.1,-,684.59,111.5,0.0,,48.0,1.208,0.0,0.0,0.0,,
소보로빵_맘모스빵,소보로빵,빵 및 과자류,100g,354,51.07,6.77,26.0,125.0,0.48,,,3.7,,,,,,,0.446,,,0.69,0.0,
소불고기,소불고기,육류 및 채소구이류,200g,170,4.26,16.41,19.0,309.0,2.3,22.56,4.67,3.5,14823.34,1223.83,335.63,21.09,,18.0,12.67,18.26,1.7,4.35,0.0,
소불고기,소불고기,육류 및 채소구이류,,186,6.73,10.33,18.0,378.0,1.4,,,0.9,,,,,,17.0,2.5180000000000002,,,2.08,0.0,
소불고기_버섯,소불고기,육류 및 채소구이류,480ml,97,6.58,6.07,9.0,160.0,0.98,,,0.8,,,,,,10.0,1.298,12.54,,0.89,0.0,
소불고기,소불고기,육류 및 채소구이류,73.4ml,289,4.8,13.4,14.0,249.0,1.99,18.91,3.76,0.4,,,,,0.03,22.0,1.9089999999999998,6.4,,1.67,0.0,0.21
소불고기_버섯,소불고기,육류 및 채소구이류,160ml,88,4.72,7.48,7.0,164.0,1.04,,,0.6,,,,,,13.0,1.397,8.16,,1.17,0.0,
소불고기,소불고기,육류 및 채소구이류,73.4ml,289,4.8,13.4,14.0,249.0,1.99,18.91,3.76,0.4,,,,,0.03,22.0,1.9089999999999998,6.4,,1.67,0.0,0.21
소불고기_버섯,소불고기,육류 및 채소구이류,270ml,86,4.38,8.68,8.0,192.0,1.18,,,0.7,,,,,,12.0,1.565,9.91,,1.76,0.0,
소불고기,소불고기,육류 및 채소구이류,100ml,144,6.12,7.8,13.0,181.0,1.08,14.04,2.03,0.6,,,,,0.1,11.0,1.265,8.09,,2.1,0.0,0.21
소사태찜,소사태찜,찜류,95.3ml,137,10.44,12.6,18.0,394.0,1.71,26.68,3.27,1.7,,,,,0.02,46.0,1.754,21.53,,5.98,0.0,0.28
소사태찜,소사태찜,찜류,95.3ml,137,10.44,12.6,18.0,394.0,1.71,26.68,3.27,1.7,,,,,0.02,46.0,1.754,21.53,,5.98,0.0,0.28
소사태찜,소사태찜,찜류,168.3ml,96,6.42,9.3,9.0,255.0,1.22,17.54,2.39,1.0,,,,,0.01,37.0,1.14,10.12,,3.22,0.0,0.18
소세지빵_감자샐러드 소세지빵,소세지빵,빵 및 과자류,135g,319,,10.37,,,,,,,,,,,,,0.0,,,,,
소세지빵_롱소시지 빼로야,소세지빵,빵 및 과자류,135g,341,,14.81,,,,,,,,,,,,,0.0,,,,,
소세지빵_소시지빵(낙엽빵),소세지빵,빵 및 과자류,94g,298,,11.7,,,,,,,,,,,,,0.0,,,,,
소세지빵_스모크소시지빵 할라피뇨,소세지빵,빵 및 과자류,137g,335,,12.0,,,,,,,,,,,,,0.0,,,,,
소세지빵_스모크 소시지빵,소세지빵,빵 및 과자류,129g,346,,12.4,,,,,,,,,,,,,0.0,,,,,
소세지빵_후라잉소시지포테이토,소세지빵,빵 및 과자류,120g,308,,9.17,,,,,,,,,,,,,0.0,,,,,
소세지빵_허니마요 소세지,소세지빵,빵 및 과자류,175g,321,26.6,11.0,,,,,,,,,,,,,0.0,,,,,
소세지빵_소세지빵,소세지빵,빵 및 과자류,193g,260,,9.87,,,,,,,,,,,,,0.0,,,,,
소세지빵_돌돌말린모짜렐라치즈소시지,소세지빵,빵 및 과자류,125g,292,,12.8,,,,,,,,,,,,,0.0,,,,,
소세지빵_든든한통소시지빵,소세지빵,빵 및 과자류,170g,276,,8.82,,,,,,,,,,,,,0.0,,,,,
소세지빵_뽀드득그릴소시지,소세지빵,빵 및 과자류,115g,248,,7.83,,,,,,,,,,,,,0.0,,,,,
소세지빵_소시지소프트프랑스,소세지빵,빵 및 과자류,162g,315,25.31,9.88,,,,,,,,,,,,,0.0,,,,,
소세지빵_소시지조리빵,소세지빵,빵 및 과자류,100g,285,,10.0,,,,,,,,,,,,,0.0,,,,,
소세지빵_오징어깨임,소세지빵,빵 및 과자류,119g,286,,10.92,,,,,,,,,,,,,0.0,,,,,
소세지빵_추억의소시지빵,소세지빵,빵 및 과자류,130g,262,,5.38,,,,,,,,,,,,,0.0,,,,,
소세지빵_NEW추억의소시지빵,소세지빵,빵 및 과자류,130g,262,25.38,5.38,,,,,,,,,,,,,0.0,,,,,
소세지빵_길어서 더 든든한 롱롱소시지빵,소세지빵,빵 및 과자류,168g,292,26.79,10.12,,,,,,,,,,,,,0.0,,,,,
소세지빵_스윗머스타드치즈소시지,소세지빵,빵 및 과자류,122g,332,44.26,8.2,,,,,,,,,,,,,0.0,,,,,
소세지빵_탱글탱글 뽀드득 소시지,소세지빵,빵 및 과자류,134g,250,24.63,10.45,,,,,,,,,,,,,0.0,,,,,
소스/드레싱_이디야초콜릿디핑소스,소스/드레싱,"장류, 양념류",40g,280,,2.5,,,,,,,,,,,,,0.0,,,,,
소스/드레싱_간편조리세트_오야꼬동 (밥제외),소스/드레싱,"장류, 양념류",768g,116,7.66,8.93,18.0,181.0,0.71,,,1.0,,,,,,,1.237,,,0.09,0.12,
소시지 케첩볶음,소시지 케첩볶음,볶음류,98.6ml,252,12.93,11.5,30.0,395.0,0.66,17.18,1.25,1.4,,,,,0.5,53.0,3.043,14.71,,28.55,0.25,0.85
소시지 케첩볶음,소시지 케첩볶음,볶음류,88.6ml,127,5.84,5.4,14.0,172.0,0.3,7.34,0.6,0.5,,,,,0.3,3.0,1.3719999999999999,4.8,,12.8,0.12,0.47
소시지 케첩볶음,소시지 케첩볶음,볶음류,88.6ml,234,13.02,11.6,27.0,367.0,0.59,15.66,1.26,0.9,,,,,0.32,7.0,2.9629999999999996,9.08,,27.19,0.26,0.57
소시지 케첩볶음,소시지 케첩볶음,볶음류,98.6ml,252,12.93,11.5,30.0,395.0,0.66,17.18,1.25,1.4,,,,,0.5,53.0,3.043,14.71,,28.55,0.25,0.85
소시지볶음,소시지볶음,볶음류,200g,280,14.41,11.94,54.0,158.0,0.85,15.17,0.93,2.5,11146.52,855.01,190.09,18.7,,20.0,3.255,22.25,0.29,6.82,0.0,
소시지볶음,소시지볶음,볶음류,200g,236,15.9,9.4,45.0,209.0,0.0,16.9,0.86,1.4,-,663.83,163.43,17.66,,25.0,1.6600000000000001,16.59,,9.01,,
소시지볶음,소시지볶음,볶음류,100ml,133,6.17,7.0,12.0,178.0,0.35,10.13,0.74,0.6,,,,,0.16,16.0,2.013,7.34,,21.31,0.06,0.27
소시지볶음_채소,소시지볶음,볶음류,100ml,134,6.15,7.01,12.0,178.0,0.35,,,0.6,,,,,,16.0,2.009,7.29,,22.12,0.06,
소시지볶음,소시지볶음,볶음류,100ml,136,9.04,6.5,17.0,202.0,0.38,10.55,0.72,0.7,,,,,0.19,15.0,1.752,8.02,,17.76,0.12,0.37
소시지볶음_채소,소시지볶음,볶음류,100ml,138,9.03,6.54,17.0,202.0,0.38,,,0.6,,,,,,15.0,1.752,8.02,,17.76,0.12,
소시지볶음,소시지볶음,볶음류,170ml,132,7.75,6.8,16.0,205.0,0.4,10.18,0.75,0.6,,,,,0.15,17.0,1.8800000000000001,7.7,,18.35,0.12,0.33
소시지볶음_채소,소시지볶음,볶음류,170ml,134,7.71,6.8,16.0,204.0,0.39,,,0.6,,,,,,17.0,1.8579999999999999,7.69,,18.36,0.12,
소시지볶음,소시지볶음,볶음류,200ml,118,6.78,5.7,15.0,179.0,0.33,9.74,0.63,0.7,,,,,0.18,17.0,1.603,8.09,,17.33,0.07,0.32
소시지볶음_채소,소시지볶음,볶음류,200ml,119,6.78,5.74,15.0,179.0,0.33,,,0.7,,,,,,17.0,1.603,8.09,,17.33,0.07,
소시지조림,소시지조림,조림류,53.2ml,196,12.66,11.4,32.0,343.0,0.74,19.69,1.29,0.6,,,,,0.15,1.0,2.978,13.86,,23.65,0.23,0.2
소시지조림,소시지조림,조림류,62.2ml,234,12.89,11.9,27.0,361.0,0.79,22.47,1.29,1.0,,,,,0.38,8.0,3.173,13.66,,32.59,0.24,0.55
소시지조림_어묵,소시지조림,조림류,71.8ml,223,16.02,10.8,33.0,280.0,0.56,15.99,0.8,1.1,,,,,0.52,23.0,1.937,10.22,,20.11,0.15,0.96
소시지튀김,소시지튀김,튀김류,75.7ml,309,19.73,13.8,24.0,190.0,0.99,17.9,1.25,0.9,,,,,0.57,38.0,2.506,25.96,,29.35,0.3,1.22
소시지튀김,소시지튀김,튀김류,46.6ml,280,18.39,12.3,23.0,172.0,0.88,16.24,1.13,0.8,,,,,0.53,38.0,2.309,29.86,,26.32,0.47,1.07
소시지튀김,소시지튀김,튀김류,46.6ml,280,18.39,12.3,23.0,172.0,0.88,16.24,1.13,0.8,,,,,0.53,38.0,2.309,29.86,,26.32,0.47,1.07
소시지튀김,소시지튀김,튀김류,75.7ml,311,20.49,13.6,25.0,191.0,0.96,17.9,1.25,0.9,,,,,0.58,42.0,2.5709999999999997,33.21,,29.35,0.52,1.18
소안심스테이크,소안심스테이크,육류 및 채소구이류,232ml,197,2.64,16.6,13.0,380.0,2.62,15.98,3.43,0.7,,,,,0.02,55.0,2.352,8.92,,2.67,0.0,0.38
소탕,소탕,국 및 탕류,150g,58,1.27,5.1,55.0,105.0,0.0,26.59,0.53,1.2,-,373.57,45.39,6.03,,0.0,0.46599999999999997,4.62,0.0,0.0,,
송어 매운탕,송어 매운탕,찌개 및 전골류,275.8ml,54,4.03,6.6,25.0,217.0,0.61,18.07,0.4,1.2,,,,,0.24,33.0,2.91,17.7,,3.12,0.91,0.4
송편_깨,송편,빵 및 과자류,100g,219,42.83,4.65,96.0,50.0,0.46,32.02,0.95,4.4,3472.16,312.8,19.72,3.95,,0.0,0.8,16.4,0.0,0.0,0.0,
송편_검정콩,송편,빵 및 과자류,100g,200,41.2,6.9,20.0,179.0,1.0,,,,,,,,,0.0,0.6599999999999999,,,0.0,,
송편_깨,송편,빵 및 과자류,100g,224,44.96,4.92,71.0,86.0,0.0,31.91,0.93,4.8,-,377.82,83.73,7.29,,14.0,0.7200000000000001,16.58,0.0,0.0,,
송편_콩,송편,빵 및 과자류,100g,194,41.66,5.24,17.0,109.0,0.0,22.97,0.72,4.8,-,419.51,74.63,4.47,,1.0,0.515,16.15,0.0,0.0,,
송편_팥,송편,빵 및 과자류,100g,200,43.6,5.4,5.0,108.0,0.5,,,,,,,,,0.0,0.8600000000000001,,,,,
수란_중탕,수란,찜류,100g,145,0.2,12.3,55.0,100.0,2.2,,,0.0,,,,,,160.0,0.56,,,0.0,0.9,
수박화채,수박화채,음료 및 차류,200ml,42,7.79,1.2,32.0,90.0,0.1,7.94,0.15,0.1,,,,,0.0,49.0,0.28900000000000003,0.51,,0.2,0.03,0.04
수박화채,수박화채,음료 및 차류,200ml,42,7.79,1.2,32.0,90.0,0.1,7.94,0.15,0.1,,,,,0.0,49.0,0.28900000000000003,0.51,,0.2,0.03,0.04
수박화채,수박화채,음료 및 차류,200ml,42,7.79,1.2,32.0,90.0,0.1,7.94,0.15,0.1,,,,,0.0,49.0,0.28900000000000003,0.51,,0.2,0.03,0.04
수박화채,수박화채,음료 및 차류,200ml,42,7.79,1.2,32.0,90.0,0.1,7.94,0.15,0.1,,,,,0.0,49.0,0.28900000000000003,0.51,,0.2,0.03,0.04
수수경단,수수경단,빵 및 과자류,100g,218,43.1,8.2,14.0,1182.0,9.6,,,,,,,,,0.0,2.12,,,0.0,,
수수밥,수수밥,밥류,200g,161,35.02,3.16,4.0,26.0,0.17,6.0,0.67,1.1,2425.54,271.52,37.37,0.55,,0.0,0.18,2.45,0.0,0.08,0.0,
수수밥,수수밥,밥류,350ml,122,26.0,2.4,2.0,36.0,0.13,12.36,0.61,0.9,,,,,0.0,0.0,0.422,5.76,,0.01,0.0,0.14
수수밥,수수밥,밥류,190ml,121,26.41,2.25,2.0,62.0,0.49,,,0.6,,,,,,0.0,0.513,5.21,,0.0,0.0,
수수밥,수수밥,밥류,290ml,118,25.82,2.17,2.0,60.0,0.47,,,0.5,,,,,,0.0,0.494,4.77,,0.0,0.0,
수수밥,수수밥,밥류,350ml,120,26.3,2.21,2.0,61.0,0.46,,,0.5,,,,,,0.0,0.498,4.5,,0.0,0.0,
수수부꾸미,수수부꾸미,빵 및 과자류,100g,248,42.1,5.73,17.0,191.0,0.0,45.03,0.85,7.9,-,498.44,67.6,2.59,,0.0,0.7090000000000001,22.8,0.0,0.0,,
수수팥떡,수수팥떡,빵 및 과자류,100g,204,43.03,6.7,21.0,249.0,0.0,47.31,0.84,8.6,-,640.82,74.34,3.18,,0.0,0.577,27.29,0.0,0.0,,
수육_소고기,수육,찜류,300g,166,2.04,28.43,6.0,134.0,3.38,18.42,7.9,4.7,26778.58,2259.57,767.86,21.3,,13.0,3.614,3.17,2.0,0.0,0.0,
수육_소고기,수육,찜류,75.5ml,145,1.34,22.3,38.0,331.0,2.61,35.44,5.79,0.3,,,,,0.03,6.0,2.295,6.58,,2.48,0.0,0.22
수육_소고기_꼬리,수육,찜류,180ml,84,0.0,6.0,4.0,76.0,0.57,5.17,1.52,0.0,,,,,0.0,3.0,1.157,0.5,,0.15,0.0,0.08
수제비,수제비,면 및 만두류,650g,58,11.08,2.31,9.0,106.0,0.2,11.39,0.2,1.1,1772.1,129.28,34.86,8.62,,4.0,1.73,57.42,0.21,2.17,0.0,
수제비_김치,수제비,면 및 만두류,320ml,67,12.81,2.6,34.0,74.0,0.33,9.62,0.2,0.9,,,,,0.03,3.0,0.181,10.46,,0.5,0.01,0.16
수제비_감자,수제비,면 및 만두류,247.5ml,88,17.65,2.9,26.0,124.0,0.35,14.76,0.2,1.2,,,,,0.02,11.0,0.23399999999999999,12.4,,1.43,0.01,0.12
수제비_감자,수제비,면 및 만두류,247.5ml,88,17.65,2.9,26.0,124.0,0.35,14.76,0.2,1.2,,,,,0.02,11.0,0.23399999999999999,12.4,,1.43,0.01,0.12
수제비_김치,수제비,면 및 만두류,320ml,67,12.81,2.6,34.0,74.0,0.33,9.62,0.2,0.9,,,,,0.03,3.0,0.181,10.46,,0.5,0.01,0.16
수제비_간편조리세트_들깨버섯 수제비,수제비,면 및 만두류,1494g,83,14.83,2.88,18.0,193.0,0.53,,,1.2,,,,,,,0.9650000000000001,,,0.88,0.0,
수제비_간편조리세트_우삼겹 짬뽕 수제비,수제비,면 및 만두류,1415g,110,13.51,3.62,90.0,177.0,0.56,,,1.1,,,,,,,1.184,,,0.61,0.0,
수제비_간편조리세트_해물 백짬뽕 수제비,수제비,면 및 만두류,1542g,79,10.76,3.63,18.0,87.0,0.44,,,0.7,,,,,,,0.8109999999999999,,,2.98,0.0,
숙주나물,숙주나물,나물·숙채류,50g,35,2.96,2.22,15.0,80.0,0.36,16.72,0.16,1.7,1784,127.84,15.62,1.82,,2.0,0.08,23.14,0.0,1.06,0.0,
숙주나물,숙주나물,나물·숙채류,70ml,10,0.82,0.9,7.0,66.0,0.34,4.11,0.1,0.4,,,,,0.03,6.0,0.14700000000000002,10.76,,3.49,0.0,0.08
숙주나물_미나리,숙주나물,나물·숙채류,170ml,18,1.97,1.1,14.0,74.0,0.19,7.67,0.15,1.2,,,,,0.01,16.0,0.395,29.34,,4.18,0.0,0.11
숙주나물,숙주나물,나물·숙채류,40ml,26,2.46,1.7,20.0,84.0,0.28,10.98,0.23,1.5,,,,,0.17,9.0,0.573,43.56,,5.61,0.0,0.12
숙주나물_숙주,숙주나물,나물·숙채류,50ml,21,1.77,1.23,14.0,60.0,0.21,,,1.1,,,,,,1.0,0.42100000000000004,32.83,,4.3,0.0,
숙주나물_숙주_채소,숙주나물,나물·숙채류,60ml,19,1.89,1.12,13.0,69.0,0.21,,,1.1,,,,,,10.0,0.41600000000000004,29.32,,4.91,0.0,
숙주나물_미나리,숙주나물,나물·숙채류,60ml,17,1.78,1.1,14.0,71.0,0.19,7.86,0.14,1.1,,,,,0.03,13.0,0.368,28.0,,3.5,0.0,0.08
숙주나물,숙주나물,나물·숙채류,55ml,23,2.45,1.7,17.0,91.0,0.25,11.4,0.22,1.5,,,,,0.01,7.0,0.583,46.07,,6.01,0.0,0.1
숙주나물_숙주,숙주나물,나물·숙채류,70ml,17,1.58,1.13,12.0,54.0,0.18,,,1.0,,,,,,1.0,0.391,31.22,,4.15,0.0,
숙주나물_숙주_게맛살,숙주나물,나물·숙채류,90ml,28,3.71,1.84,40.0,58.0,0.2,,,0.9,,,,,,6.0,0.406,26.22,,3.56,0.0,
숙주나물_미나리,숙주나물,나물·숙채류,80ml,18,1.66,1.0,14.0,68.0,0.19,7.79,0.14,1.1,,,,,0.03,9.0,0.357,27.45,,3.45,0.0,0.08
숙주나물,숙주나물,나물·숙채류,70ml,10,0.82,0.9,7.0,66.0,0.34,4.11,0.1,0.4,,,,,0.03,6.0,0.14700000000000002,10.76,,3.49,0.0,0.08
숙주나물_숙주,숙주나물,나물·숙채류,170ml,15,1.53,1.05,10.0,52.0,0.16,,,1.0,,,,,,1.0,0.35900000000000004,29.08,,3.81,0.0,
숙주나물_숙주_채소,숙주나물,나물·숙채류,170ml,15,1.66,0.97,10.0,57.0,0.15,,,1.0,,,,,,14.0,0.35500000000000004,27.06,,3.79,0.0,
숙주나물_미나리,숙주나물,나물·숙채류,170ml,18,1.97,1.1,14.0,76.0,0.19,7.67,0.15,1.2,,,,,0.01,16.0,0.393,29.34,,4.15,0.0,0.11
숙주미나리나물,숙주미나리나물,나물·숙채류,60ml,17,1.79,1.07,14.0,71.0,0.18,,,1.1,,,,,,13.0,0.369,28.0,,3.51,0.0,
숙주미나리나물,숙주미나리나물,나물·숙채류,80ml,18,1.69,1.04,14.0,67.0,0.18,,,1.1,,,,,,10.0,0.359,27.45,,3.45,0.0,
숙주미나리나물,숙주미나리나물,나물·숙채류,170ml,18,1.97,1.11,14.0,76.0,0.19,,,1.2,,,,,,16.0,0.393,29.34,,4.15,0.0,
순 현미밥,순 현미밥,밥류,250ml,129,27.59,2.6,1.0,92.0,0.56,39.72,0.68,1.4,,,,,0.01,0.0,0.939,7.95,,0.0,0.0,0.53
순대,순대,찜류,220g,187,35.73,2.75,17.0,33.0,3.33,3.82,0.08,1.9,2319.3,215.24,30.3,11.86,,1.0,3.278,2.95,0.0,0.0,0.0,
순대,순대,찜류,300g,181,19.45,6.52,35.0,163.0,0.01,0.0,0.0,4.2,-,0.0,0.0,0.0,,9.0,3.392,0.0,0.0,0.0,,
순대,순대,찜류,69.3ml,165,20.61,5.5,33.0,87.0,2.28,8.87,0.75,0.7,,,,,0.0,9.0,0.96,12.84,,0.86,0.0,0.18
순대,순대,찜류,69.3ml,165,20.61,5.5,33.0,87.0,2.28,8.87,0.75,0.7,,,,,0.0,9.0,0.96,12.84,,0.86,0.0,0.18
순대,순대,찜류,64.1ml,252,32.11,9.6,51.0,175.0,7.06,17.06,1.39,1.4,,,,,0.0,14.0,1.438,46.3,,1.87,0.0,0.28
순대국,순대국,국 및 탕류,600g,85,14.95,2.35,15.0,65.0,1.31,8.38,0.18,2.1,1781.22,135.93,9.77,7.62,,11.0,0.43799999999999994,3.41,0.0,7.57,0.0,
순대국,순대국,국 및 탕류,800g,68,2.16,5.44,13.0,57.0,0.01,,,3.3,,,,,,21.0,1.077,,,0.0,,
순대국,순대국,국 및 탕류,750ml,51,3.72,2.7,9.0,29.0,1.98,4.2,0.44,0.3,,,,,0.01,4.0,0.133,13.16,,0.26,0.0,0.08
순대국,순대국,국 및 탕류,397.5ml,25,1.56,2.0,12.0,47.0,1.18,5.75,0.37,0.6,,,,,0.02,13.0,0.29100000000000004,11.38,,0.65,0.0,0.08
순대국,순대국,국 및 탕류,397.5ml,25,1.56,2.0,12.0,47.0,1.18,5.75,0.37,0.6,,,,,0.02,13.0,0.29100000000000004,11.38,,0.65,0.0,0.08
순대국,순대국,국 및 탕류,393.3ml,55,6.98,2.9,22.0,72.0,1.92,8.68,0.54,1.0,,,,,0.04,18.0,0.42200000000000004,17.34,,1.01,0.0,0.12
순대볶음_간편조리세트_매콤 깻잎 순대볶음,순대볶음,볶음류,579g,166,22.51,2.89,34.0,129.0,2.26,,,2.0,,,,,,,1.3800000000000001,,,0.17,0.0,
순대볶음_간편조리세트_신림동 백순대볶음,순대볶음,볶음류,532g,150,23.43,2.9,63.0,127.0,2.34,,,1.9,,,,,,,1.7269999999999999,,,0.29,0.0,
순대볶음,순대볶음,볶음류,400g,146,19.18,5.18,33.0,140.0,0.0,18.64,0.54,2.7,-,354.18,51.59,10.58,,22.0,0.635,14.32,,0.0,,
순대볶음_백순대,순대볶음,볶음류,100g,196,22.45,3.62,54.0,111.0,1.8,,,4.0,,,,,,,0.34299999999999997,,,0.23,0.0,
순대볶음,순대볶음,볶음류,150ml,150,27.39,2.9,18.0,69.0,2.12,4.92,0.18,0.7,,,,,0.02,2.0,0.717,30.15,,0.89,0.0,0.01
순대볶음_곱창,순대볶음,볶음류,625ml,115,13.19,5.45,39.0,194.0,2.5,,,2.8,,,,,,71.0,1.7879999999999998,20.38,,2.53,0.05,
순대볶음_채소,순대볶음,볶음류,300ml,89,14.81,1.8,20.0,104.0,1.03,10.41,0.16,1.3,,,,,0.19,27.0,0.595,17.23,,2.81,0.0,0.45
순대볶음,순대볶음,볶음류,130ml,101,12.3,3.16,27.0,133.0,2.96,,,2.5,,,,,,36.0,1.5390000000000001,7.66,,1.83,0.0,
순대볶음_채소,순대볶음,볶음류,130ml,100,17.25,1.9,20.0,87.0,1.2,9.6,0.15,1.1,,,,,0.26,33.0,0.5680000000000001,18.91,,1.88,0.0,0.33
순대볶음,순대볶음,볶음류,220ml,100,12.34,3.31,28.0,151.0,2.97,,,2.8,,,,,,37.0,1.599,8.98,,2.44,0.0,
순대볶음_채소,순대볶음,볶음류,220ml,99,17.27,2.0,22.0,105.0,1.21,11.23,0.18,1.3,,,,,0.25,34.0,0.632,20.2,,2.49,0.0,0.4
순대볶음,순대볶음,볶음류,300ml,89,10.69,2.89,25.0,143.0,2.49,,,2.5,,,,,,30.0,1.403,7.87,,2.77,0.0,
순대볶음_떡,순대볶음,볶음류,350ml,92,13.27,2.74,23.0,130.0,2.08,,,2.2,,,,,,27.0,1.1880000000000002,8.22,,2.81,0.0,
순대볶음_채소,순대볶음,볶음류,300ml,89,14.81,1.8,20.0,104.0,1.03,10.41,0.16,1.3,,,,,0.19,27.0,0.595,17.23,,2.81,0.0,0.45
순대볶음_간편조리세트_신림동 백순대볶음,순대볶음,볶음류,813g,210,21.08,4.56,30.0,144.0,1.36,,,1.7,,,,,,,0.534,,,0.32,0.0,
순대전골,순대전골,찌개 및 전골류,450ml,76,6.28,5.61,19.0,110.0,2.13,,,1.4,,,,,,22.0,1.271,13.06,,0.69,0.04,
순두부찌개_간편조리세트_강릉식 짬뽕 순두부,순두부찌개,찌개 및 전골류,912g,42,2.78,3.78,20.0,150.0,0.57,,,1.1,,,,,,,0.7849999999999999,,,2.06,0.0,
순두부찌개_간편조리세트_우삼겹 순두부찌개,순두부찌개,찌개 및 전골류,881g,47,3.08,3.75,22.0,138.0,0.56,,,0.7,,,,,,,0.318,,,2.81,0.0,
순두부찌개_간편조리세트_짬뽕순두부찌개,순두부찌개,찌개 및 전골류,1359g,51,3.2,3.82,18.0,107.0,0.3,,,0.9,,,,,,,0.702,,,2.74,0.0,
순두부찌개_김치,순두부찌개,찌개 및 전골류,200g,35,2.17,2.98,14.0,126.0,0.39,13.6,0.49,1.0,18741.66,1608.31,562.18,1.92,,4.0,0.9650000000000001,17.09,0.0,0.0,0.0,
순두부찌개_배추김치_돼지고기,순두부찌개,찌개 및 전골류,190ml,29,1.55,3.55,17.0,146.0,0.63,,,0.8,,,,,,7.0,0.94,11.29,,1.06,0.04,
순두부찌개_해물,순두부찌개,찌개 및 전골류,190ml,29,1.41,4.09,16.0,141.0,0.83,,,0.6,,,,,,6.0,0.9079999999999999,10.11,,0.88,0.2,
순두부찌개_모듬,순두부찌개,찌개 및 전골류,150ml,25,1.36,3.0,14.0,108.0,0.41,12.21,0.37,0.6,,,,,0.05,6.0,0.484,9.61,,0.74,0.03,0.23
순두부찌개_간편조리세트_해물짬뽕순두부,순두부찌개,찌개 및 전골류,2058g,53,3.53,3.31,19.0,122.0,0.31,,,0.6,,,,,,,0.606,,,2.35,0.0,
순두부찌개_간편조리세트_우삼겹 순두부찌개,순두부찌개,찌개 및 전골류,1598g,43,2.44,3.54,19.0,143.0,0.41,,,1.0,,,,,,,1.4540000000000002,,,2.74,0.0,
숭어 매운탕,숭어 매운탕,찌개 및 전골류,275.8ml,51,4.11,6.8,26.0,115.0,0.54,19.84,0.36,1.2,,,,,0.14,29.0,1.274,16.96,,2.87,0.38,0.61
스무디_골든펄 돌체 밀크티 스무디,스무디,음료 및 차류,473g,89,,0.42,,,,,,,,,,,,,0.0,,,,,
스무디_그릭요거트&딸기 밀크티 크러쉬,스무디,음료 및 차류,473g,102,,1.27,,,,,,,,,,,,,0.0,,,,,
스무디_그릭요거트&망고 밀크티 크러쉬,스무디,음료 및 차류,473g,94,,1.9,,,,,,,,,,,,,0.0,,,,,
스무디_그릭요거트&밀크티 크러쉬,스무디,음료 및 차류,473g,73,,1.69,,,,,,,,,,,,,0.0,,,,,
스무디_납작복숭아 블루밍 크러쉬,스무디,음료 및 차류,473g,69,,0.85,,,,,,,,,,,,,0.0,,,,,
스무디_납작복숭아 타르트 크러쉬,스무디,음료 및 차류,473g,109,,0.85,,,,,,,,,,,,,0.0,,,,,
스무디_돌체 크러쉬 위드 샷,스무디,음료 및 차류,473g,105,,0.63,,,,,,,,,,,,,0.0,,,,,
스무디_딸기 쥬얼리 요구르트 크러쉬,스무디,음료 및 차류,473g,71,,0.63,,,,,,,,,,,,,0.0,,,,,
스무디_딸기 쿠키 스무디,스무디,음료 및 차류,473g,94,,0.63,,,,,,,,,,,,,0.0,,,,,
스무디_망고 스무디,스무디,음료 및 차류,473g,68,,0.21,,,,,,,,,,,,,0.0,,,,,
스무디_브라운 슈가 쥬얼리 치즈폼 스무디 아이스,스무디,음료 및 차류,473g,97,,0.42,,,,,,,,,,,,,0.0,,,,,
스무디_제주 그린티 스무디,스무디,음료 및 차류,473g,86,,0.63,,,,,,,,,,,,,0.0,,,,,
스무디_청포도 스무디,스무디,음료 및 차류,473g,54,,0.0,,,,,,,,,,,,,0.0,,,,,
스무디_초당옥수수 팝핑 스무디,스무디,음료 및 차류,473g,88,,0.21,,,,,,,,,,,,,0.0,,,,,
스무디_초코바른 제주 그린 스무디,스무디,음료 및 차류,473g,88,,0.63,,,,,,,,,,,,,0.0,,,,,
스무디_초코바른 초코 스무디,스무디,음료 및 차류,473g,102,,0.85,,,,,,,,,,,,,0.0,,,,,
스무디_초코바른 피스타치오 스무디,스무디,음료 및 차류,473g,96,,0.85,,,,,,,,,,,,,0.0,,,,,
스무디_초콜렛 쿠키&크림 스무디,스무디,음료 및 차류,473g,86,,0.85,,,,,,,,,,,,,0.0,,,,,
스무디_더블 에스프레소 칩 프라푸치노,스무디,음료 및 차류,355g,75,,1.13,,,,,,,,,,,,,0.0,,,,,
스무디_딸기 딜라이트 요거트 블렌디드,스무디,음료 및 차류,355g,104,,2.54,,,,,,,,,,,,,0.0,,,,,
스무디_망고 바나나 블렌디드,스무디,음료 및 차류,473g,57,,0.85,,,,,,,,,,,,,0.0,,,,,
스무디_망고 패션 프루트 블렌디드,스무디,음료 및 차류,355g,34,,0.28,,,,,,,,,,,,,0.0,,,,,
스무디_모카 프라푸치노,스무디,음료 및 차류,355g,79,,1.41,,,,,,,,,,,,,0.0,,,,,
스무디_민트 초콜릿 칩 블렌디드,스무디,음료 및 차류,355g,128,,2.54,,,,,,,,,,,,,0.0,,,,,
스무디_바닐라 크림 프라푸치노,스무디,음료 및 차류,355g,56,,1.13,,,,,,,,,,,,,0.0,,,,,
스무디_에스프레소 프라푸치노,스무디,음료 및 차류,355g,41,,0.56,,,,,,,,,,,,,0.0,,,,,
스무디_자바 칩 프라푸치노,스무디,음료 및 차류,355g,96,,1.69,,,,,,,,,,,,,0.0,,,,,
스무디_제주 그린 한라봉 모히또 블렌디드,스무디,음료 및 차류,473g,34,,0.0,,,,,,,,,,,,,0.0,,,,,
스무디_제주 까망 크림 프라푸치노,스무디,음료 및 차류,473g,127,,1.9,,,,,,,,,,,,,0.0,,,,,
스무디_제주 쑥떡 크림 프라푸치노,스무디,음료 및 차류,473g,97,,1.69,,,,,,,,,,,,,0.0,,,,,
스무디_제주 유기농 말차로 만든 크림 프라푸치노,스무디,음료 및 차류,355g,65,,1.41,,,,,,,,,,,,,0.0,,,,,
스무디_초콜릿 크림 칩 프라푸치노,스무디,음료 및 차류,355g,85,,1.69,,,,,,,,,,,,,0.0,,,,,
스무디_카라멜 프라푸치노,스무디,음료 및 차류,355g,85,,1.13,,,,,,,,,,,,,0.0,,,,,
스무디_커피 드로잉 말차 프라푸치노,스무디,음료 및 차류,355g,108,,2.25,,,,,,,,,,,,,0.0,,,,,
스무디_트위스트 피치 요거트 블렌디드,스무디,음료 및 차류,473g,82,,0.63,,,,,,,,,,,,,0.0,,,,,
스무디_퍼플 사워 블렌디드,스무디,음료 및 차류,355g,72,,0.0,,,,,,,,,,,,,0.0,,,,,
스무디_화이트 초콜릿 모카 프라푸치노,스무디,음료 및 차류,355g,69,,1.13,,,,,,,,,,,,,0.0,,,,,
스무디_화이트 타이거 프라푸치노,스무디,음료 및 차류,473g,87,,1.06,,,,,,,,,,,,,0.0,,,,,
스무디_꿀복숭아 플랫치노,스무디,음료 및 차류,414g,54,,0.0,,,,,,,,,,,,,0.0,,,,,
스무디_녹차 플랫치노,스무디,음료 및 차류,414g,69,,1.01,,,,,,,,,,,,,0.0,,,,,
스무디_더블 토피넛 위드샷 아이스,스무디,음료 및 차류,414g,109,,1.45,,,,,,,,,,,,,0.0,,,,,
스무디_더블 토피넛 위드샷 핫,스무디,음료 및 차류,414g,120,,1.93,,,,,,,,,,,,,0.0,,,,,
스무디_딸기 쉐이크,스무디,음료 및 차류,414g,157,,2.17,,,,,,,,,,,,,0.0,,,,,
스무디_딸기 요거트 플랫치노,스무디,음료 및 차류,414g,78,,1.63,,,,,,,,,,,,,0.0,,,,,
스무디_망고 플랫치노,스무디,음료 및 차류,414g,62,,0.12,,,,,,,,,,,,,0.0,,,,,
스무디_모카 플랫치노,스무디,음료 및 차류,414g,53,,0.55,,,,,,,,,,,,,0.0,,,,,
스무디_민트 초콜릿 칩 플랫치노,스무디,음료 및 차류,414g,120,,1.41,,,,,,,,,,,,,0.0,,,,,
스무디_블루베리 요거트 플랫치노,스무디,음료 및 차류,414g,72,,1.59,,,,,,,,,,,,,0.0,,,,,
스무디_오리진 쉐이크,스무디,음료 및 차류,414g,129,,1.93,,,,,,,,,,,,,0.0,,,,,
스무디_자몽 플랫치노,스무디,음료 및 차류,414g,36,,0.17,,,,,,,,,,,,,0.0,,,,,
스무디_초코쿠키 쉐이크,스무디,음료 및 차류,414g,148,,2.17,,,,,,,,,,,,,0.0,,,,,
스무디_초콜릿 칩 플랫치노,스무디,음료 및 차류,414g,99,,1.7,,,,,,,,,,,,,0.0,,,,,
스무디_카라멜 플랫치노,스무디,음료 및 차류,414g,86,,0.5,,,,,,,,,,,,,0.0,,,,,
스무디_커피 플랫치노,스무디,음료 및 차류,414g,44,,0.39,,,,,,,,,,,,,0.0,,,,,
스무디_토피넛 플랫치노,스무디,음료 및 차류,414g,128,,1.45,,,,,,,,,,,,,0.0,,,,,
스무디_플레인 요거트 플랫치노,스무디,음료 및 차류,414g,55,,1.58,,,,,,,,,,,,,0.0,,,,,
스무디_그린티프라페,스무디,음료 및 차류,591ml,88,16.31,1.15,,,,,,,,,,,,,0.0,,,,,
스무디_딸기스무디,스무디,음료 및 차류,591ml,101,22.03,0.71,,,,,,,,,,,,,0.0,,,,,
스무디_딸기요거트스무디,스무디,음료 및 차류,591ml,75,14.55,0.86,,,,,,,,,,,,,0.0,,,,,
스무디_리얼초코자바칩프라페,스무디,음료 및 차류,591ml,97,12.42,1.31,,,,,,,,,,,,,0.0,,,,,
스무디_망고스무디,스무디,음료 및 차류,591ml,92,20.14,0.71,,,,,,,,,,,,,0.0,,,,,
스무디_망고요거트스무디,스무디,음료 및 차류,591ml,79,14.65,0.88,,,,,,,,,,,,,0.0,,,,,
스무디_모카자바칩프라페,스무디,음료 및 차류,591ml,94,12.5,1.05,,,,,,,,,,,,,0.0,,,,,
스무디_민트초코오레오프라페,스무디,음료 및 차류,591ml,93,11.28,1.15,,,,,,,,,,,,,0.0,,,,,
스무디_블루베리스무디,스무디,음료 및 차류,591ml,89,19.05,0.71,,,,,,,,,,,,,0.0,,,,,
스무디_블루베리요거트스무디,스무디,음료 및 차류,591ml,76,14.86,0.86,,,,,,,,,,,,,0.0,,,,,
스무디_유자스무디,스무디,음료 및 차류,591ml,45,11.27,0.0,,,,,,,,,,,,,0.0,,,,,
스무디_캔디소다 밀크쉐이크,스무디,음료 및 차류,591ml,99,13.51,0.92,,,,,,,,,,,,,0.0,,,,,
스무디_커피 밀크쉐이크,스무디,음료 및 차류,591ml,96,12.52,0.98,,,,,,,,,,,,,0.0,,,,,
스무디_쿠키 밀크쉐이크,스무디,음료 및 차류,591ml,114,15.74,1.12,,,,,,,,,,,,,0.0,,,,,
스무디_쿠키초코프라페,스무디,음료 및 차류,591ml,87,11.03,1.31,,,,,,,,,,,,,0.0,,,,,
스무디_플레인 밀크쉐이크,스무디,음료 및 차류,591ml,95,11.57,0.99,,,,,,,,,,,,,0.0,,,,,
스무디_플레인요거트스무디,스무디,음료 및 차류,591ml,75,13.99,1.02,,,,,,,,,,,,,0.0,,,,,
스콘_더블치즈 스콘,스콘,빵 및 과자류,62g,421,,6.45,,,,,,,,,,,,,0.0,,,,,
스콘_아몬드 스콘,스콘,빵 및 과자류,65g,438,,6.15,,,,,,,,,,,,,0.0,,,,,
스콘_라즈베리잼&크림 스콘,스콘,빵 및 과자류,160g,366,,5.0,,,,,,,,,,,,,0.0,,,,,
스콘_앙버터 스콘,스콘,빵 및 과자류,180g,411,,7.22,,,,,,,,,,,,,0.0,,,,,
스콘_초코칩 스콘,스콘,빵 및 과자류,95g,384,,6.32,,,,,,,,,,,,,0.0,,,,,
스콘_고메버터 스콘,스콘,빵 및 과자류,80g,428,46.3,5.4,,,,,,,,,,,,,0.0,,,,,
스콘_리얼초코 스콘,스콘,빵 및 과자류,80g,446,48.0,6.5,,,,,,,,,,,,,0.0,,,,,
스콘_블루베리 스콘,스콘,빵 및 과자류,90g,412,47.6,4.9,,,,,,,,,,,,,0.0,,,,,
스콘_크랜베리 스콘,스콘,빵 및 과자류,105g,414,,6.67,,,,,,,,,,,,,0.0,,,,,
스콘_라즈베리 스콘,스콘,빵 및 과자류,90g,408,45.8,5.1,,,,,,,,,,,,,0.0,,,,,
스콘_제주봄빛말차 스콘,스콘,빵 및 과자류,90g,441,48.0,6.7,,,,,,,,,,,,,0.0,,,,,
스콘_무화과 스콘,스콘,빵 및 과자류,80g,381,,5.0,,,,,,,,,,,,,0.0,,,,,
스콘_바질 스콘,스콘,빵 및 과자류,80g,375,,5.0,,,,,,,,,,,,,0.0,,,,,
스콘_애플시나몬 스콘,스콘,빵 및 과자류,80g,350,,3.75,,,,,,,,,,,,,0.0,,,,,
스콘_플레인 스콘,스콘,빵 및 과자류,75g,373,,4.0,,,,,,,,,,,,,0.0,,,,,
스콘_밀크 스콘,스콘,빵 및 과자류,85g,422,,6.35,,,,,,,,,,,,,0.0,,,,,
스콘_녹차 마카다미아 스콘,스콘,빵 및 과자류,97g,471,,7.22,,,,,,,,,,,,,0.0,,,,,
스콘_미니 클래식 스콘,스콘,빵 및 과자류,96g,475,,7.29,,,,,,,,,,,,,0.0,,,,,
스콘_클래식 스콘,스콘,빵 및 과자류,105g,446,,3.81,,,,,,,,,,,,,0.0,,,,,
스콘_트리플 미니 스콘,스콘,빵 및 과자류,103g,454,,7.77,,,,,,,,,,,,,0.0,,,,,
스콘_피넛 쑥 떡 스콘,스콘,빵 및 과자류,118g,415,,5.93,,,,,,,,,,,,,0.0,,,,,
스콘_아몬드 달고나 스콘,스콘,빵 및 과자류,100g,466,,9.0,,,,,,,,,,,,,0.0,,,,,
스콘_플레인 스콘,스콘,빵 및 과자류,100g,469,,6.0,,,,,,,,,,,,,0.0,,,,,
스콘_스콘 건포도,스콘,빵 및 과자류,90g,486,,5.56,,,,,,,,,,,,,0.0,,,,,
스콘_스콘 시나몬호두,스콘,빵 및 과자류,90g,407,,4.44,,,,,,,,,,,,,0.0,,,,,
스콘_치즈 넛츠 스콘,스콘,빵 및 과자류,90g,480,51.11,11.11,,,,,,,,,,,,,0.0,,,,,
스콘_건포도 스콘,스콘,빵 및 과자류,90g,436,,5.56,,,,,,,,,,,,,0.0,,,,,
스콘_초코 스콘,스콘,빵 및 과자류,90g,571,,12.22,,,,,,,,,,,,,0.0,,,,,
스콘_플레인 스콘,스콘,빵 및 과자류,90g,493,,6.67,,,,,,,,,,,,,0.0,,,,,
스콘_얼그레이 스콘,스콘,빵 및 과자류,80g,473,,7.5,,,,,,,,,,,,,0.0,,,,,
스콘_크랜베리 스콘,스콘,빵 및 과자류,80g,493,,7.5,,,,,,,,,,,,,0.0,,,,,
스콘_무화과스콘,스콘,빵 및 과자류,100g,380,,5.0,,,,,,,,,,,,,0.0,,,,,
스콘_오리지널버터,스콘,빵 및 과자류,100g,410,,6.0,,,,,,,,,,,,,0.0,,,,,
스콘_크랜베리 미니 스콘,스콘,빵 및 과자류,35g,400,,5.71,,,,,,,,,,,,,0.0,,,,,
스콘_플레인 미니 스콘,스콘,빵 및 과자류,35g,400,,5.71,,,,,,,,,,,,,0.0,,,,,
스크램블드에그,스크램블드에그,전·적 및 부침류,110g,216,2.56,11.81,56.0,138.0,1.74,12.42,1.13,4.6,10929.85,962.11,361.36,35.42,,78.0,2.948,56.54,2.62,0.22,0.0,
스크램블드에그,스크램블드에그,전·적 및 부침류,100g,149,1.61,9.99,66.0,132.0,1.31,,,0.0,,,,,,161.0,0.492,,,0.0,1.8,
스크램블드에그,스크램블드에그,전·적 및 부침류,68.4ml,164,0.8,12.7,47.0,127.0,1.89,12.17,1.18,0.0,,,,,0.29,119.0,0.42000000000000004,55.16,,0.0,1.02,1.69
스크램블드에그,스크램블드에그,전·적 및 부침류,37.9ml,206,1.63,11.6,59.0,133.0,1.66,11.95,1.09,0.0,,,,,0.63,113.0,0.447,48.55,,0.13,0.91,2.04
스크램블드에그,스크램블드에그,전·적 및 부침류,140ml,88,2.77,6.24,30.0,92.0,0.89,,,0.3,,,,,,69.0,0.567,37.0,,2.16,0.75,
스크램블드에그,스크램블드에그,전·적 및 부침류,68.4ml,164,0.8,12.7,47.0,127.0,1.89,12.17,1.18,0.0,,,,,0.29,119.0,0.42000000000000004,55.16,,0.0,1.02,1.69
스테이크_닭다리살 스테이크 극한왕갈비맛 (1개),스테이크,육류 및 채소구이류,100g,234,,13.48,,,,,,,,,,,,,0.0,,,,,
스테이크_닭다리살 스테이크 통다리바비큐맛 (1개),스테이크,육류 및 채소구이류,100g,230,,13.32,,,,,,,,,,,,,0.0,,,,,
스테이크_간편조리세트_그레이프 소스 스테이크,스테이크,육류 및 채소구이류,477g,153,8.47,11.09,19.0,300.0,1.12,,,2.2,,,,,,,1.754,,,1.14,0.0,
스테이크_간편조리세트_블랙라벨 스테이크 부채살,스테이크,육류 및 채소구이류,496g,155,5.73,13.1,18.0,280.0,1.43,,,2.2,,,,,,,1.06,,,1.8,0.0,
스테이크_간편조리세트_파빌리온 양갈비 스테이크,스테이크,육류 및 채소구이류,555g,151,13.07,9.46,32.0,309.0,1.08,,,3.4,,,,,,,1.358,,,0.0,0.0,
스테이크_소등심,스테이크,육류 및 채소구이류,200g,194,0.14,30.22,6.0,332.0,2.58,25.21,10.14,1.2,28118.26,2251.55,590.35,33.16,,2.0,2.77,9.54,2.57,0.39,0.0,
스테이크_소안심,스테이크,육류 및 채소구이류,200g,183,0.13,34.82,5.0,385.0,2.49,27.7,3.26,1.9,26821.36,2408.01,617.9,44.83,,10.0,7.135,15.28,3.04,0.0,0.0,
스테이크_간편조리세트_부채살 찹스테이크,스테이크,육류 및 채소구이류,435g,176,5.94,11.08,10.0,246.0,1.4,,,1.2,,,,,,,1.1989999999999998,,,0.67,0.0,
스테이크_간편조리세트_뉴욕스테이크&크림뇨끼,스테이크,육류 및 채소구이류,445g,176,15.39,8.71,15.0,234.0,1.03,,,1.1,,,,,,,1.218,,,0.22,0.0,
스테이크_간편조리세트_시그니처 스테이크 부채살,스테이크,육류 및 채소구이류,429g,140,7.52,11.42,15.0,253.0,1.46,,,1.1,,,,,,,0.702,,,0.9,0.0,
스테이크_간편조리세트_시그니처찹스테이크,스테이크,육류 및 채소구이류,502g,130,7.92,10.5,13.0,244.0,1.25,,,1.0,,,,,,,2.157,,,1.47,0.0,
스테이크_간편조리세트_비프찹스테이크,스테이크,육류 및 채소구이류,538g,147,7.22,7.76,15.0,261.0,0.96,,,0.9,,,,,,,1.537,,,7.7,0.0,
스테이크_간편조리세트_프라임스테이크 부채살,스테이크,육류 및 채소구이류,633g,186,5.63,10.77,8.0,293.0,1.63,,,1.2,,,,,,,1.014,,,4.44,0.0,
스파게티_뇨끼,스파게티,면 및 만두류,550g,172,18.8,4.7,,,,,,,,,,,,,0.0,,,,,
스파게티_미트 토마토 파스타,스파게티,면 및 만두류,288g,185,30.21,3.13,,,,,,,,,,,,,0.0,,,,,
스파게티_베이컨 크림 파스타,스파게티,면 및 만두류,297g,231,28.96,5.39,,,,,,,,,,,,,0.0,,,,,
스파게티_쉬림프 로제 파스타,스파게티,면 및 만두류,297g,247,29.63,6.06,,,,,,,,,,,,,0.0,,,,,
스파게티_간편조리세트_감바스알리오올리오,스파게티,면 및 만두류,680g,171,21.33,4.78,15.0,72.0,0.57,,,1.3,,,,,,,1.197,,,0.16,0.0,
스파게티_간편조리세트_바질크림 빠네 파스타,스파게티,면 및 만두류,776g,215,27.31,5.4,84.0,123.0,0.6,,,2.8,,,,,,,1.333,,,0.0,0.0,
스파게티_간편조리세트_볼로네제라구파스타,스파게티,면 및 만두류,757g,179,16.93,8.1,59.0,235.0,0.8,,,1.7,,,,,,,0.5660000000000001,,,0.08,0.0,
스파게티_간편조리세트_쉬림프 로제파스타,스파게티,면 및 만두류,593g,172,19.7,4.93,39.0,170.0,0.55,,,1.8,,,,,,,0.458,,,0.24,0.0,
스파게티_간편조리세트_트러플 크림 파스타,스파게티,면 및 만두류,653g,152,16.93,4.31,70.0,147.0,0.48,,,2.0,,,,,,,1.113,,,0.76,0.0,
스파게티_미트볼,스파게티,면 및 만두류,500g,180,17.62,7.34,18.0,174.0,0.9,18.6,1.04,2.7,7316.94,605.37,155.2,16.38,,18.0,0.688,8.88,0.29,2.0,0.0,
스파게티_까르보나라소스,스파게티,면 및 만두류,100g,235,19.63,5.71,54.0,119.0,0.44,,,1.4,,,,,,,2.76,,,0.3,0.0,
스파게티_로제소스,스파게티,면 및 만두류,100g,171,17.34,5.21,53.0,149.0,0.56,,,1.9,,,,,,,2.27,,,2.21,0.0,
스파게티_오일소스,스파게티,면 및 만두류,400g,162,22.35,4.89,28.0,117.0,0.0,20.02,0.51,2.8,-,319.63,66.66,0.0,,4.0,0.977,0.0,0.0,0.09,,
스파게티_크림소스,스파게티,면 및 만두류,400g,209,18.44,5.45,60.0,131.0,0.0,15.59,0.56,1.2,-,411.99,93.81,0.0,,69.0,1.263,0.0,0.0,0.05,,
스파게티_토마토소스,스파게티,면 및 만두류,500g,129,18.64,4.87,43.0,219.0,0.0,18.61,0.54,1.5,-,315.26,60.21,0.0,,25.0,2.112,0.0,0.0,0.03,,
스파게티_해물_크림소스,스파게티,면 및 만두류,500g,184,17.39,6.08,66.0,122.0,0.0,19.8,0.68,1.6,-,456.5,113.23,0.0,,57.0,1.6260000000000001,0.0,0.0,0.0,,
스파게티_해물_토마토소스,스파게티,면 및 만두류,500g,117,17.45,5.59,68.0,197.0,0.0,20.94,0.53,1.7,-,360.91,81.27,0.0,,17.0,2.2840000000000003,0.0,0.0,0.17,,
스파게티,스파게티,면 및 만두류,395ml,138,21.11,4.1,11.0,148.0,0.57,16.87,0.51,1.1,,,,,0.16,8.0,0.947,10.51,,1.69,0.0,0.46
스파게티,스파게티,면 및 만두류,180ml,164,20.0,5.0,31.0,244.0,0.59,21.92,0.57,1.6,,,,,0.34,31.0,1.292,15.3,,3.45,0.01,0.9
스파게티,스파게티,면 및 만두류,216.9ml,163,26.23,5.4,16.0,233.0,0.78,22.93,0.7,1.8,,,,,0.02,24.0,1.436,15.86,,3.25,0.0,0.35
스파게티,스파게티,면 및 만두류,442.6ml,100,18.69,3.2,13.0,171.0,0.45,15.86,0.32,1.4,,,,,0.01,31.0,0.9059999999999999,11.64,,2.2,0.0,0.29
스파게티_미트소스,스파게티,면 및 만두류,350ml,108,18.58,4.34,13.0,183.0,0.52,,,1.4,,,,,,21.0,1.0430000000000001,10.58,,2.02,0.02,
스파게티_토마토소스,스파게티,면 및 만두류,360ml,116,22.5,3.56,18.0,196.0,0.54,,,1.6,,,,,,20.0,0.9259999999999999,12.49,,3.02,0.0,
스파게티_간편조리세트_베이컨까르보나라,스파게티,면 및 만두류,915g,159,18.29,4.02,34.0,109.0,0.28,,,1.2,,,,,,,0.698,,,0.3,0.0,
스파게티_간편조리세트_에그인헬파스타,스파게티,면 및 만두류,964g,128,15.16,5.28,48.0,166.0,0.63,,,1.6,,,,,,,0.892,,,0.52,0.05,
스파게티_간편조리세트_오마이갓파스타,스파게티,면 및 만두류,822g,161,18.43,5.86,29.0,185.0,0.89,,,2.2,,,,,,,0.593,,,0.09,0.0,
스파게티_간편조리세트_톡톡크림 빠네 파스타,스파게티,면 및 만두류,943g,233,13.4,6.05,55.0,112.0,0.46,,,1.8,,,,,,,0.7050000000000001,,,0.1,0.0,
스파게티_간편조리세트_할라피뇨베이컨파스타,스파게티,면 및 만두류,851g,200,19.29,4.62,26.0,161.0,0.52,,,1.9,,,,,,,0.685,,,0.25,0.0,
스파게티_간편조리세트_핫매콤크림파스타,스파게티,면 및 만두류,854g,179,22.24,5.07,35.0,138.0,0.45,,,1.3,,,,,,,0.857,,,0.08,0.0,
스파게티_간편조리세트_해장파스타,스파게티,면 및 만두류,769g,98,15.82,4.07,13.0,117.0,0.52,,,1.3,,,,,,,0.921,,,1.52,0.0,
스파게티_간편조리세트_쉬림프 로제파스타,스파게티,면 및 만두류,901g,144,14.76,4.24,30.0,128.0,0.38,,,2.3,,,,,,,0.829,,,1.01,0.0,
스파게티_간편조리세트_쉬림프 크림파스타,스파게티,면 및 만두류,790g,226,13.06,4.81,60.0,99.0,0.37,,,1.3,,,,,,,1.4809999999999999,,,0.25,0.0,
스파게티_간편조리세트_알리오올리오파스타,스파게티,면 및 만두류,406g,313,26.72,6.47,21.0,117.0,0.73,,,1.8,,,,,,,0.235,,,0.48,0.0,
스프_단호박 크림 수프,스프,죽 및 스프류,180g,131,,1.67,,,,,,,,,,,,,0.0,,,,,
스프_토마토 로제 수프,스프,죽 및 스프류,180g,136,,2.78,,,,,,,,,,,,,0.0,,,,,
스프_트러플 머쉬룸 수프,스프,죽 및 스프류,180g,93,,1.67,,,,,,,,,,,,,0.0,,,,,
스프_양송이 수프,스프,죽 및 스프류,200g,125,,1.5,,,,,,,,,,,,,0.0,,,,,
스프_콘 수프,스프,죽 및 스프류,200g,171,,2.0,,,,,,,,,,,,,0.0,,,,,
스프_트러플 머쉬룸 수프볼,스프,죽 및 스프류,362g,178,,5.52,,,,,,,,,,,,,0.0,,,,,
스프_양송이버섯,스프,죽 및 스프류,100g,105,8.06,2.41,41.0,224.0,0.14,10.34,0.29,1.6,2151.09,182.96,37.98,8.84,,77.0,0.51,11.75,0.0,0.0,0.0,
스프_감자,스프,죽 및 스프류,100g,98,7.91,1.91,32.0,105.0,0.09,,,0.5,,,,,,,0.203,,,0.28,0.0,
스프_소고기,스프,죽 및 스프류,100g,40,6.91,1.06,5.0,34.0,0.12,,,0.9,,,,,,3.0,0.536,,,0.0,0.0,
스프_양송이버섯,스프,죽 및 스프류,100g,42,7.23,0.78,6.0,44.0,0.08,,,0.4,,,,,,2.0,0.2,,,0.0,0.0,
스프_크림,스프,죽 및 스프류,100g,45,7.03,0.64,7.0,34.0,0.06,,,0.3,,,,,,5.0,0.203,,,0.0,0.0,
스프_옥수수,스프,죽 및 스프류,,46,7.33,0.83,20.0,44.0,0.12,,,0.4,,,,,,4.0,0.20700000000000002,,,0.0,0.0,
시금치 겉절이,시금치 겉절이,채소무침류,80.9ml,54,6.28,3.0,40.0,602.0,1.11,59.24,0.9,2.8,,,,,0.12,267.0,0.8009999999999999,81.22,,27.11,0.0,0.98
시금치 겉절이,시금치 겉절이,채소무침류,80.9ml,54,6.28,3.0,40.0,602.0,1.11,59.24,0.9,2.8,,,,,0.12,267.0,0.8009999999999999,81.22,,27.11,0.0,0.98
시금치 된장국,시금치 된장국,된장국류,300ml,12,1.65,1.0,14.0,162.0,0.35,16.15,0.24,0.8,,,,,0.04,66.0,0.388,22.34,,7.01,0.0,0.17
시금치 된장국,시금치 된장국,된장국류,150ml,15,2.44,1.1,13.0,194.0,0.36,17.27,0.25,1.0,,,,,0.05,67.0,0.5760000000000001,23.19,,7.01,0.0,0.17
시금치 된장국,시금치 된장국,된장국류,190ml,15,2.19,1.2,14.0,197.0,0.37,17.18,0.24,1.0,,,,,0.05,61.0,0.703,22.14,,6.57,0.0,0.16
시금치 된장국,시금치 된장국,된장국류,270ml,15,2.12,1.2,14.0,200.0,0.38,18.59,0.27,1.0,,,,,0.05,74.0,0.491,25.91,,7.89,0.0,0.17
시금치나물,시금치나물,나물·숙채류,50g,69,3.36,3.74,86.0,627.0,1.28,66.6,0.86,2.0,2319.94,247.42,7.48,1.5,,154.0,1.1,34.64,0.0,0.26,0.0,
시금치나물_고추장,시금치나물,나물·숙채류,50ml,24,3.19,1.6,29.0,380.0,0.7,38.49,0.57,1.6,,,,,0.14,213.0,0.281,60.53,,20.98,0.0,0.56
시금치나물_당근,시금치나물,나물·숙채류,50ml,23,2.78,1.6,30.0,370.0,0.7,38.07,0.57,1.6,,,,,0.12,213.0,0.261,60.74,,20.88,0.0,0.57
시금치나물,시금치나물,나물·숙채류,50ml,27,3.02,1.6,28.0,420.0,0.7,41.82,0.6,1.6,,,,,0.23,209.0,0.305,61.54,,21.96,0.0,0.37
시금치나물_간장,시금치나물,나물·숙채류,35.6ml,41,5.69,3.0,48.0,833.0,1.3,83.46,1.16,3.0,,,,,0.16,409.0,0.562,120.59,,43.18,0.0,0.65
시금치나물_간장_소금,시금치나물,나물·숙채류,50ml,27,3.09,1.58,27.0,420.0,0.7,,,1.6,,,,,,209.0,0.309,61.54,,21.97,0.0,
시금치나물_고추장,시금치나물,나물·숙채류,50ml,35,5.81,1.71,28.0,440.0,0.73,,,1.8,,,,,,225.0,0.388,62.18,,22.17,0.0,
시금치나물,시금치나물,나물·숙채류,60ml,27,3.11,1.6,28.0,444.0,0.71,43.86,0.62,1.7,,,,,0.12,222.0,0.313,64.77,,23.21,0.0,0.38
시금치나물_간장,시금치나물,나물·숙채류,55ml,35,4.57,2.4,40.0,683.0,1.07,66.9,0.95,2.5,,,,,0.14,340.0,0.446,99.5,,35.91,0.0,0.55
시금치나물_간장_소금,시금치나물,나물·숙채류,60ml,27,3.2,1.61,28.0,443.0,0.71,,,1.7,,,,,,222.0,0.32,64.78,,23.22,0.0,
시금치나물,시금치나물,나물·숙채류,150ml,25,3.21,1.6,26.0,454.0,0.71,43.9,0.63,1.7,,,,,0.09,228.0,0.306,66.38,,23.83,0.0,0.37
시금치나물_간장_소금,시금치나물,나물·숙채류,150ml,25,3.26,1.6,26.0,454.0,0.71,,,1.7,,,,,,228.0,0.31,66.39,,23.84,0.0,
시금치나물_당근,시금치나물,나물·숙채류,50ml,23,2.78,1.6,30.0,370.0,0.7,38.07,0.57,1.6,,,,,0.12,213.0,0.261,60.74,,20.88,0.0,0.57
시금치나물_소금,시금치나물,나물·숙채류,70ml,49,5.26,3.8,81.0,502.0,1.63,58.86,1.08,3.2,,,,,0.27,417.0,0.33099999999999996,121.56,,37.26,0.0,2.23
시래기 된장국,시래기 된장국,된장국류,300ml,11,1.6,0.7,23.0,34.0,0.37,5.28,0.08,1.0,,,,,0.07,25.0,0.28300000000000003,5.82,,0.52,0.0,0.09
시래기 된장국,시래기 된장국,된장국류,170ml,17,2.32,1.1,23.0,77.0,0.41,8.77,0.14,1.3,,,,,0.24,21.0,0.528,7.51,,0.6,0.0,0.14
시래기 된장국,시래기 된장국,된장국류,190ml,17,2.36,1.1,25.0,82.0,0.43,9.32,0.14,1.4,,,,,0.15,24.0,0.585,7.81,,0.8,0.0,0.17
시래기 된장국,시래기 된장국,된장국류,300ml,13,1.9,0.9,22.0,54.0,0.37,6.32,0.1,1.2,,,,,0.04,24.0,0.379,6.61,,0.31,0.0,0.12
시래기나물,시래기나물,나물·숙채류,100ml,60,10.61,2.1,90.0,75.0,1.28,17.64,0.29,3.8,,,,,0.12,135.0,0.44299999999999995,13.3,,0.35,0.0,0.54
시래기나물_간장_소금,시래기나물,나물·숙채류,75ml,30,2.65,0.93,52.0,13.0,0.74,,,2.0,,,,,,67.0,0.138,7.07,,0.13,0.0,
시래기나물,시래기나물,나물·숙채류,44.1ml,58,10.49,2.0,89.0,74.0,1.27,17.25,0.29,3.8,,,,,0.12,135.0,0.43399999999999994,13.19,,0.35,0.0,0.53
시래기나물,시래기나물,나물·숙채류,44.1ml,58,10.49,2.0,89.0,74.0,1.27,17.25,0.29,3.8,,,,,0.12,135.0,0.43399999999999994,13.19,,0.35,0.0,0.53
시래기나물,시래기나물,나물·숙채류,100ml,60,10.61,2.1,90.0,75.0,1.28,17.64,0.29,3.8,,,,,0.12,135.0,0.44299999999999995,13.3,,0.35,0.0,0.54
시래기나물무침,시래기나물무침,나물·숙채류,50g,114,7.74,4.32,186.0,75.0,3.72,20.12,0.64,6.7,4241.4,399.84,50.28,3.76,,12.0,1.12,7.64,0.0,0.16,0.0,
시루떡,시루떡,빵 및 과자류,100g,224,48.13,3.77,14.0,161.0,0.66,24.82,1.07,4.0,3531.7,325.69,30.42,6.75,,0.0,0.37,5.87,0.0,1.83,0.0,
시루떡,시루떡,빵 및 과자류,100g,217,47.54,5.47,18.0,201.0,0.01,0.0,0.0,4.4,-,0.0,0.0,0.0,,3.0,0.816,0.0,0.0,0.01,,
시루떡_녹두,시루떡,빵 및 과자류,100g,246,48.08,7.74,26.0,251.0,0.0,40.9,1.02,4.9,-,583.27,97.91,2.78,,0.0,0.532,43.39,0.0,0.0,,
시리얼_우유,시리얼,빵 및 과자류,190ml,85,13.15,2.9,84.0,113.0,1.01,8.82,1.11,0.3,,,,,0.01,269.0,3.871,62.32,,21.02,0.64,0.64
시리얼_무슬리,시리얼,빵 및 과자류,40g,445,,12.0,,,,,,,,,,,,,0.0,,,,,
식빵_더블롤치즈 식빵 (소),식빵,빵 및 과자류,240g,346,,12.08,,,,,,,,,,,,,0.0,,,,,
식빵_더블롤치즈 식빵,식빵,빵 및 과자류,480g,346,,11.88,,,,,,,,,,,,,0.0,,,,,
식빵_모카패스트리 식빵,식빵,빵 및 과자류,360g,386,,8.33,,,,,,,,,,,,,0.0,,,,,
식빵_미니모카패스트리 식빵,식빵,빵 및 과자류,180g,400,,8.89,,,,,,,,,,,,,0.0,,,,,
식빵_순수한맛순우유 식빵,식빵,빵 및 과자류,410g,279,,8.05,,,,,,,,,,,,,0.0,,,,,
식빵_72겹의정성데니쉬 식빵,식빵,빵 및 과자류,375g,369,,7.73,,,,,,,,,,,,,0.0,,,,,
식빵_고소담백더치 브레드,식빵,빵 및 과자류,210g,240,,7.14,,,,,,,,,,,,,0.0,,,,,
식빵_고소함이톡톡곡물 식빵,식빵,빵 및 과자류,382g,249,,8.64,,,,,,,,,,,,,0.0,,,,,
식빵_마구마구밤 식빵,식빵,빵 및 과자류,580g,293,,6.38,,,,,,,,,,,,,0.0,,,,,
식빵_마구마구밤 식빵 (소),식빵,빵 및 과자류,285g,298,,6.67,,,,,,,,,,,,,0.0,,,,,
식빵_아침엔보리 쌀롤 (6개입),식빵,빵 및 과자류,216g,306,,6.94,,,,,,,,,,,,,0.0,,,,,
식빵_착한빵식 통밀빵,식빵,빵 및 과자류,245g,292,,8.57,,,,,,,,,,,,,0.0,,,,,
식빵_착한빵 식통밀식빵,식빵,빵 및 과자류,489g,292,,8.38,,,,,,,,,,,,,0.0,,,,,
식빵_고구마가달구마,식빵,빵 및 과자류,285g,245,,5.0,,,,,,,,,,,,,0.0,,,,,
식빵_담백하고 쫄깃한 뜯어먹는 식빵 (H),식빵,빵 및 과자류,218g,265,44.0,7.0,,,,,,,,,,,,,0.0,,,,,
식빵_데니쉬식빵,식빵,빵 및 과자류,510g,300,,7.0,,,,,,,,,,,,,0.0,,,,,
식빵_뜯어먹는 쫄깃하고담백한식빵,식빵,빵 및 과자류,435g,265,,7.0,,,,,,,,,,,,,0.0,,,,,
식빵_뜯어먹는롤치즈브레드 (H),식빵,빵 및 과자류,275g,287,36.73,9.09,,,,,,,,,,,,,0.0,,,,,
식빵_뜯어먹는롤치즈식빵,식빵,빵 및 과자류,530g,285,,9.0,,,,,,,,,,,,,0.0,,,,,
식빵_뜯어먹는밤식빵 (H),식빵,빵 및 과자류,290g,255,,5.0,,,,,,,,,,,,,0.0,,,,,
식빵_뜯어먹는밤식빵,식빵,빵 및 과자류,580g,255,,5.0,,,,,,,,,,,,,0.0,,,,,
식빵_뜯어먹는크랜베리식빵 (H),식빵,빵 및 과자류,264g,275,,6.0,,,,,,,,,,,,,0.0,,,,,
식빵_뜯어먹는크랜베리식빵,식빵,빵 및 과자류,530g,275,,6.0,,,,,,,,,,,,,0.0,,,,,
식빵_롤치즈식빵,식빵,빵 및 과자류,465g,285,,9.0,,,,,,,,,,,,,0.0,,,,,
식빵_모닝토스트,식빵,빵 및 과자류,405g,385,,8.0,,,,,,,,,,,,,0.0,,,,,
식빵_모카크림식빵 (H),식빵,빵 및 과자류,150g,393,47.33,6.0,,,,,,,,,,,,,0.0,,,,,
식빵_모카크림식빵,식빵,빵 및 과자류,300g,395,47.0,6.0,,,,,,,,,,,,,0.0,,,,,
식빵_밤식빵 (H),식빵,빵 및 과자류,195g,282,,5.64,,,,,,,,,,,,,0.0,,,,,
식빵_밤식빵,식빵,빵 및 과자류,390g,282,,5.64,,,,,,,,,,,,,0.0,,,,,
식빵_상미종 생식빵,식빵,빵 및 과자류,320g,275,,7.0,,,,,,,,,,,,,0.0,,,,,
식빵_소보루듬뿍데니쉬식빵,식빵,빵 및 과자류,530g,310,,7.0,,,,,,,,,,,,,0.0,,,,,
식빵_스위트밀크식빵 (소),식빵,빵 및 과자류,255g,315,,8.0,,,,,,,,,,,,,0.0,,,,,
식빵_스위트밀크식빵,식빵,빵 및 과자류,510g,315,,8.0,,,,,,,,,,,,,0.0,,,,,
식빵_시나몬롤식빵,식빵,빵 및 과자류,200g,403,,6.5,,,,,,,,,,,,,0.0,,,,,
식빵_촉촉함은 담은 쫄깃한 식빵,식빵,빵 및 과자류,430g,280,,9.0,,,,,,,,,,,,,0.0,,,,,
식빵_NEW 모닝토스트,식빵,빵 및 과자류,405g,370,48.0,8.0,,,,,,,,,,,,,0.0,,,,,
식빵_NEW 밤식빵,식빵,빵 및 과자류,390g,336,,7.69,,,,,,,,,,,,,0.0,,,,,
식빵_NEW 밤식빵 (H),식빵,빵 및 과자류,195g,292,,7.69,,,,,,,,,,,,,0.0,,,,,
식빵_고구마슈크림식빵,식빵,빵 및 과자류,277g,222,36.1,5.42,,,,,,,,,,,,,0.0,,,,,
식빵_고소한 소보루데니쉬식빵,식빵,빵 및 과자류,320g,352,52.19,7.19,,,,,,,,,,,,,0.0,,,,,
식빵_고소한 소보루데니쉬식빵 (H),식빵,빵 및 과자류,160g,353,51.88,7.5,,,,,,,,,,,,,0.0,,,,,
식빵_달콤향긋한시나몬식빵,식빵,빵 및 과자류,134g,362,52.99,5.97,,,,,,,,,,,,,0.0,,,,,
식빵_담백하고 쫄깃한 뜯어먹는 식빵,식빵,빵 및 과자류,435g,265,44.0,7.0,,,,,,,,,,,,,0.0,,,,,
식빵_뜯어먹는롤치즈브레드,식빵,빵 및 과자류,550g,286,36.73,8.91,,,,,,,,,,,,,0.0,,,,,
식빵_러스크,식빵,빵 및 과자류,20g,400,50.0,5.0,,,,,,,,,,,,,0.0,,,,,
식빵_블랙올리브탕종식빵,식빵,빵 및 과자류,211g,258,43.6,7.11,,,,,,,,,,,,,0.0,,,,,
식빵_시나몬모닝토스트,식빵,빵 및 과자류,405g,385,50.0,7.0,,,,,,,,,,,,,0.0,,,,,
식빵_촉촉함을 담은 쫄깃한 식빵,식빵,빵 및 과자류,430g,280,47.0,9.0,,,,,,,,,,,,,0.0,,,,,
식빵,식빵,빵 및 과자류,100g,264,50.91,9.34,219.0,129.0,0.76,25.76,0.78,3.5,7581.05,590.79,51.68,20.04,,11.0,0.30000000000000004,31.0,0.1,0.11,0.0,
식빵_통밀식빵,식빵,빵 및 과자류,100g,279,48.64,9.33,35.0,179.0,1.5,,,5.0,,,,,,,1.204,,,0.1,0.0,
식빵튀김,식빵튀김,튀김류,63.8ml,309,43.69,7.1,21.0,77.0,0.48,14.94,0.42,2.9,,,,,0.55,1.0,1.674,27.43,,0.0,0.0,1.29
식빵튀김,식빵튀김,튀김류,41.7ml,262,37.0,6.0,17.0,65.0,0.4,12.62,0.36,2.4,,,,,0.47,1.0,1.415,23.17,,0.0,0.0,1.1
식빵튀김,식빵튀김,튀김류,41.7ml,262,37.0,6.0,17.0,65.0,0.4,12.62,0.36,2.4,,,,,0.47,1.0,1.415,23.17,,0.0,0.0,1.1
식혜_얼음동동 식혜,식혜,음료 및 차류,650g,44,10.82,0.11,,,,,,,,,,,,,0.0,,,,,
식혜_식혜 아이스,식혜,음료 및 차류,614g,47,,0.16,,,,,,,,,,,,,0.0,,,,,
식혜_단호박 식혜,식혜,음료 및 차류,100g,48,11.69,0.16,,,,,,,,,,,,,0.0,,,,,
식혜,식혜,음료 및 차류,150g,87,16.21,1.53,6.0,13.0,0.0,3.8,0.27,0.3,-,119.78,26.43,0.81,,0.0,0.121,3.33,0.0,0.2,,
쌀국수,쌀국수,면 및 만두류,600g,53,9.18,2.6,7.0,42.0,0.0,6.02,0.48,0.3,-,179.44,49.47,3.45,,1.0,0.545,7.04,0.22,0.06,,
쌀국수,쌀국수,면 및 만두류,800ml,58,10.29,2.2,24.0,118.0,0.36,8.37,0.21,0.8,,,,,0.02,15.0,0.607,10.06,,0.73,0.03,0.2
쌀국수,쌀국수,면 및 만두류,323.3ml,67,12.81,2.2,22.0,113.0,0.32,7.07,0.18,0.6,,,,,0.05,10.0,0.691,7.02,,0.41,0.04,0.07
쌀국수,쌀국수,면 및 만두류,433.86ml,66,12.66,2.2,21.0,114.0,0.32,7.08,0.17,0.6,,,,,0.04,12.0,0.6819999999999999,6.59,,0.42,0.02,0.08
쌀국수,쌀국수,면 및 만두류,560ml,66,12.32,2.3,20.0,113.0,0.33,7.07,0.18,0.6,,,,,0.04,14.0,0.6679999999999999,7.13,,0.43,0.03,0.09
쌀밥,쌀밥,밥류,100g,166,37.33,3.36,6.0,26.0,0.0,,,0.1,,,,,,,0.541,,,0.16,0.0,
쌀밥,쌀밥,밥류,250ml,120,25.78,2.2,2.0,30.0,0.08,10.11,0.61,0.6,,,,,0.0,0.0,0.419,5.2,,0.0,0.0,0.14
쌀밥,쌀밥,밥류,450ml,120,25.79,2.2,2.0,29.0,0.08,9.95,0.61,0.6,,,,,0.0,0.0,0.40199999999999997,5.22,,0.0,0.0,0.14
쌀죽(흰죽),쌀죽(흰죽),죽 및 스프류,100g,53,11.45,0.99,0.0,6.0,0.0,,,0.0,,,,,,0.0,0.032,,,0.0,0.0,
쌀죽(흰죽),쌀죽(흰죽),죽 및 스프류,100g,52,11.43,1.33,9.0,9.0,0.25,,,0.6,,,,,,,0.05,,,0.0,0.0,
쌀죽(흰죽)_삼광,쌀죽(흰죽),죽 및 스프류,100g,53,11.51,0.89,1.0,6.0,0.0,,,0.0,,,,,,0.0,0.049,,,0.0,0.0,
쌀죽(흰죽)_새일미,쌀죽(흰죽),죽 및 스프류,100g,55,11.72,1.09,0.0,6.0,0.0,,,0.0,,,,,,0.0,0.0,,,0.0,0.0,
쌀죽(흰죽)_신동진,쌀죽(흰죽),죽 및 스프류,100g,53,11.42,0.96,1.0,5.0,0.0,,,0.0,,,,,,0.0,0.035,,,0.0,0.0,
쌀죽(흰죽)_오대,쌀죽(흰죽),죽 및 스프류,100g,52,11.16,1.02,0.0,7.0,0.0,,,0.0,,,,,,0.0,0.004,,,0.0,0.0,
쌀죽(흰죽)_칠분도미,쌀죽(흰죽),죽 및 스프류,100g,68,15.6,1.1,2.0,15.0,0.1,,,0.2,,,,,,0.0,0.32999999999999996,,,0.0,0.0,
쌈장,쌈장,"장류, 양념류",22.1ml,142,20.13,6.5,54.0,360.0,1.31,43.37,0.74,5.2,,,,,0.23,57.0,1.2810000000000001,44.53,,2.06,0.0,0.93
쌈장,쌈장,"장류, 양념류",22.1ml,142,20.14,6.5,54.0,356.0,1.31,43.37,0.74,5.2,,,,,0.23,57.0,1.284,44.53,,2.13,0.0,0.93
쌍화차_대추쌍화차 아이스,쌍화차,음료 및 차류,355g,39,,0.0,,,,,,,,,,,,,0.0,,,,,
쌍화차_대추쌍화차 핫,쌍화차,음료 및 차류,355g,39,,0.0,,,,,,,,,,,,,0.0,,,,,
쌍화차_대추쌍화차 아이스,쌍화차,음료 및 차류,650g,40,9.93,0.03,,,,,,,,,,,,,0.0,,,,,
쌍화차_대추쌍화차 핫,쌍화차,음료 및 차류,500g,51,12.91,0.03,,,,,,,,,,,,,0.0,,,,,
쌍화차_쌍화차 아이스,쌍화차,음료 및 차류,360g,54,,0.08,,,,,,,,,,,,,0.0,,,,,
쌍화차_쌍화차 핫,쌍화차,음료 및 차류,360g,54,,0.08,,,,,,,,,,,,,0.0,,,,,
쑥 된장국,쑥 된장국,된장국류,280ml,14,1.64,1.0,15.0,84.0,0.73,7.33,0.19,0.9,,,,,0.14,25.0,0.177,8.53,,0.83,0.0,0.08
쑥 된장국,쑥 된장국,된장국류,208.3ml,25,2.81,2.2,41.0,171.0,1.39,14.46,0.38,1.6,,,,,0.09,43.0,0.28800000000000003,17.09,,1.71,0.01,0.16
쑥 된장국,쑥 된장국,된장국류,208.3ml,25,2.81,2.2,41.0,171.0,1.39,14.46,0.38,1.6,,,,,0.09,43.0,0.28800000000000003,17.09,,1.71,0.01,0.16
쑥갓나물,쑥갓나물,나물·숙채류,50ml,19,1.85,1.3,56.0,147.0,0.5,12.84,0.19,1.5,,,,,0.13,118.0,0.224,72.71,,5.68,0.0,0.14
쑥갓나물_두부,쑥갓나물,나물·숙채류,50ml,33,2.23,3.1,63.0,154.0,0.73,26.85,0.4,1.9,,,,,0.18,111.0,0.22799999999999998,77.85,,5.07,0.0,0.23
쑥갓나물_모듬채소,쑥갓나물,나물·숙채류,50ml,25,2.11,2.1,61.0,153.0,0.59,18.85,0.28,1.7,,,,,0.17,120.0,0.225,83.31,,5.67,0.0,0.19
쑥갓나물,쑥갓나물,나물·숙채류,50ml,19,1.85,1.3,56.0,148.0,0.5,12.82,0.19,1.5,,,,,0.13,118.0,0.218,72.68,,5.69,0.0,0.14
쑥갓나물_고춧가루,쑥갓나물,나물·숙채류,45ml,45,4.37,2.7,89.0,275.0,0.93,25.36,0.39,2.8,,,,,0.08,179.0,0.607,101.86,,8.86,0.0,0.55
쑥갓나물_두부,쑥갓나물,나물·숙채류,50ml,33,2.23,3.1,63.0,154.0,0.73,26.85,0.4,1.9,,,,,0.18,111.0,0.22799999999999998,77.85,,5.07,0.0,0.23
쑥갓나물,쑥갓나물,나물·숙채류,50ml,19,1.85,1.3,56.0,148.0,0.5,12.82,0.19,1.5,,,,,0.13,118.0,0.218,72.68,,5.69,0.0,0.14
쑥갓나물_고춧가루,쑥갓나물,나물·숙채류,45ml,45,4.43,2.6,90.0,273.0,0.92,25.44,0.39,2.8,,,,,0.08,178.0,0.629,102.01,,8.81,0.0,0.55
쑥갓나물_두부,쑥갓나물,나물·숙채류,50ml,33,2.22,3.1,63.0,154.0,0.73,26.86,0.4,1.9,,,,,0.18,111.0,0.23299999999999998,77.86,,5.07,0.0,0.23
쑥갓나물,쑥갓나물,나물·숙채류,50ml,19,1.85,1.3,56.0,148.0,0.5,12.82,0.19,1.5,,,,,0.13,118.0,0.218,72.68,,5.69,0.0,0.14
쑥갓나물_두부,쑥갓나물,나물·숙채류,50ml,33,2.23,3.1,63.0,154.0,0.73,26.85,0.4,1.9,,,,,0.18,111.0,0.22799999999999998,77.85,,5.07,0.0,0.23
쑥갓나물_소금,쑥갓나물,나물·숙채류,70ml,26,3.27,1.8,84.0,201.0,0.51,15.05,0.31,2.3,,,,,0.12,202.0,0.192,224.61,,4.13,0.0,0.29
쑥갓나물무침,쑥갓나물무침,채소무침류,150g,64,4.4,3.0,104.0,256.0,0.0,32.54,0.45,3.9,-,207.99,14.97,3.97,,245.0,1.467,40.52,0.0,0.33,,
쑥갓무침,쑥갓무침,채소무침류,34.2ml,40,4.01,2.5,93.0,276.0,0.92,23.87,0.36,2.8,,,,,0.09,195.0,0.524,109.94,,9.68,0.0,0.49
쑥갓오이무침,쑥갓오이무침,채소무침류,126.4ml,37,5.57,1.9,59.0,209.0,0.6,16.09,0.27,1.9,,,,,0.06,128.0,0.33199999999999996,72.62,,8.06,0.0,0.32
쑥갓오이무침,쑥갓오이무침,채소무침류,126.4ml,37,5.58,1.9,59.0,207.0,0.59,16.12,0.28,1.9,,,,,0.06,127.0,0.33999999999999997,72.67,,8.07,0.0,0.32
쑥떡,쑥떡,빵 및 과자류,100g,249,57.89,3.36,17.0,75.0,0.0,13.48,0.6,2.4,-,282.22,50.16,2.66,,5.0,0.066,13.52,0.0,0.0,,
쑥전(부침개),쑥전(부침개),육류 및 채소구이류,96.5ml,127,13.44,4.8,87.0,501.0,6.17,27.42,1.06,4.6,,,,,0.49,265.0,0.861,46.42,,4.78,0.19,0.78
쑥튀김,쑥튀김,튀김류,60.3ml,234,19.95,6.6,65.0,286.0,3.49,19.13,0.97,2.3,,,,,0.8,155.0,0.562,39.79,,2.18,0.34,1.59
쑥튀김,쑥튀김,튀김류,60.3ml,234,19.95,6.6,65.0,286.0,3.49,19.13,0.97,2.3,,,,,0.8,155.0,0.562,39.79,,2.18,0.34,1.59
씀바귀나물,씀바귀나물,나물·숙채류,60ml,38,6.54,1.5,30.0,190.0,0.5,22.69,0.39,1.9,,,,,0.2,64.0,0.879,41.54,,2.25,0.0,0.68
씀바귀나물무침,씀바귀나물무침,나물·숙채류,90g,97,16.57,3.87,46.0,245.0,1.42,38.07,0.98,5.2,2713.41,142.68,30.63,1.98,,4.0,2.6670000000000003,22.93,0.0,1.42,0.0,
아구탕,아구탕,국 및 탕류,600g,41,2.13,6.3,50.0,146.0,0.0,17.16,0.45,1.1,-,430.93,154.8,21.39,,40.0,1.405,12.57,1.21,0.0,,
아귀 매운탕,아귀 매운탕,찌개 및 전골류,600ml,25,2.15,3.7,13.0,96.0,0.77,13.18,0.27,0.9,,,,,0.03,15.0,1.419,11.01,,0.96,0.2,0.42
아귀 매운탕,아귀 매운탕,찌개 및 전골류,234.3ml,37,3.57,4.6,19.0,103.0,0.84,18.12,0.39,1.1,,,,,0.06,26.0,1.205,14.96,,1.84,0.21,0.54
아귀 매운탕,아귀 매운탕,찌개 및 전골류,333.1ml,37,3.64,4.6,18.0,103.0,0.84,18.09,0.38,1.1,,,,,0.06,27.0,1.213,15.12,,1.99,0.21,0.54
아귀지리,아귀지리,찌개 및 전골류,540ml,21,0.89,3.97,8.0,39.0,0.75,,,0.3,,,,,,9.0,1.345,6.95,,0.89,0.25,
아귀찜,아귀찜,찜류,200g,84,7.26,6.72,26.0,267.0,1.4,27.51,0.55,3.1,6661.4,507.6,152.55,32.99,,42.0,4.14,42.76,1.46,1.62,0.0,
아귀찜,아귀찜,찜류,400g,78,4.37,12.08,54.0,147.0,0.0,20.5,0.69,1.6,-,920.3,344.98,0.0,,35.0,1.7770000000000001,0.0,0.0,1.09,,
아귀찜,아귀찜,찜류,300ml,30,1.93,4.0,18.0,93.0,0.82,14.68,0.29,0.8,,,,,0.03,21.0,1.2550000000000001,12.96,,1.61,0.23,0.49
아귀찜,아귀찜,찜류,282ml,30,2.08,4.1,16.0,91.0,0.77,12.66,0.28,0.8,,,,,0.03,23.0,1.278,13.08,,1.34,0.23,0.48
아귀찜,아귀찜,찜류,300ml,30,2.19,4.1,16.0,91.0,0.77,12.71,0.29,0.9,,,,,0.03,23.0,1.299,13.34,,1.46,0.23,0.48
아욱 된장국,아욱 된장국,된장국류,300ml,12,1.89,1.0,55.0,97.0,0.23,14.03,0.22,1.0,,,,,0.04,53.0,0.46,21.66,,6.8,0.0,0.11
아욱 된장국,아욱 된장국,된장국류,190ml,15,2.47,1.1,43.0,129.0,0.22,14.23,0.2,1.1,,,,,0.04,45.0,0.675,19.05,,5.62,0.0,0.12
아욱 된장국_건새우,아욱 된장국,된장국류,188.4ml,19,2.84,1.7,83.0,150.0,0.38,19.95,0.3,1.4,,,,,0.06,55.0,0.388,28.47,,6.9,0.01,0.14
아욱 된장국,아욱 된장국,된장국류,190ml,16,2.45,1.2,43.0,121.0,0.25,14.71,0.22,1.2,,,,,0.05,46.0,0.618,20.79,,5.86,0.0,0.12
아욱 된장국,아욱 된장국,된장국류,230ml,19,2.89,1.5,56.0,153.0,0.31,18.19,0.3,1.5,,,,,0.07,69.0,0.719,26.96,,7.89,0.0,0.24
아이스 카페라떼,아이스 카페라떼,음료 및 차류,355ml,31,3.05,1.4,51.0,118.0,0.02,7.62,0.16,0.0,,,,,0.0,24.0,0.375,1.5,,0.35,0.04,0.03
아이스 카페라떼_시럽,아이스 카페라떼,음료 및 차류,355ml,46,6.73,1.4,56.0,129.0,0.03,8.77,0.24,0.0,,,,,0.0,24.0,0.453,1.5,,0.35,0.04,0.03
아이스 카페라떼_카라멜,아이스 카페라떼,음료 및 차류,355ml,55,9.26,1.4,57.0,131.0,0.03,9.06,0.22,0.0,,,,,0.0,24.0,0.46599999999999997,1.5,,0.35,0.04,0.03
아이스 카페모카,아이스 카페모카,음료 및 차류,355ml,58,9.65,1.6,55.0,140.0,0.39,13.91,0.24,0.3,,,,,0.0,23.0,0.531,1.76,,0.33,0.04,0.03
아이스 카페모카_카라멜,아이스 카페모카,음료 및 차류,355ml,73,13.69,1.6,58.0,148.0,0.4,14.83,0.27,0.3,,,,,0.0,23.0,0.589,1.76,,0.33,0.04,0.03
아이스 카페모카_카라멜_휘핑크림,아이스 카페모카,음료 및 차류,355ml,104,14.25,1.8,63.0,156.0,0.4,15.35,0.29,0.3,,,,,0.01,44.0,0.655,2.02,,0.36,0.04,0.07
아이스 카페모카_휘핑크림,아이스 카페모카,음료 및 차류,355ml,89,10.21,1.8,60.0,148.0,0.39,14.43,0.26,0.3,,,,,0.01,44.0,0.596,2.02,,0.36,0.04,0.07
아이스크림_31요거트 아이스크림,아이스크림,유제품류 및 빙과류,115g,172,26.96,4.35,,,,,,,,,,,,,0.0,,,,,
아이스크림_그린티 아이스크림,아이스크림,유제품류 및 빙과류,115g,213,23.48,4.35,,,,,,,,,,,,,0.0,,,,,
아이스크림_뉴욕치즈 케이크 아이스크림,아이스크림,유제품류 및 빙과류,115g,257,29.57,5.22,,,,,,,,,,,,,0.0,,,,,
아이스크림_망고탱고 아이스크림,아이스크림,유제품류 및 빙과류,115g,173,26.96,2.61,,,,,,,,,,,,,0.0,,,,,
아이스크림_민트초콜릿칩 아이스크림,아이스크림,유제품류 및 빙과류,115g,225,23.48,3.48,,,,,,,,,,,,,0.0,,,,,
아이스크림_바닐라 아이스크림,아이스크림,유제품류 및 빙과류,115g,214,22.61,3.48,,,,,,,,,,,,,0.0,,,,,
아이스크림_바람과함께사라지다 아이스크림,아이스크림,유제품류 및 빙과류,115g,234,29.57,3.48,,,,,,,,,,,,,0.0,,,,,
아이스크림_베리베리스트로베리 아이스크림,아이스크림,유제품류 및 빙과류,115g,198,23.48,2.61,,,,,,,,,,,,,0.0,,,,,
아이스크림_슈팅스타 아이스크림,아이스크림,유제품류 및 빙과류,115g,226,30.43,2.61,,,,,,,,,,,,,0.0,,,,,
아이스크림_쌀떡궁합 아이스크림,아이스크림,유제품류 및 빙과류,100g,138,,1.96,,,,,,,,,,,,,0.0,,,,,
아이스크림_아몬드봉봉 아이스크림,아이스크림,유제품류 및 빙과류,115g,271,32.17,4.35,,,,,,,,,,,,,0.0,,,,,
아이스크림_아이스마카롱 체리쥬빌레,아이스크림,유제품류 및 빙과류,83g,295,,5.82,,,,,,,,,,,,,0.0,,,,,
아이스크림_아이스마카롱 쿠키앤크림,아이스크림,유제품류 및 빙과류,83g,308,,5.82,,,,,,,,,,,,,0.0,,,,,
아이스크림_아이스크림롤 바닐라,아이스크림,유제품류 및 빙과류,32g,328,,6.25,,,,,,,,,,,,,0.0,,,,,
아이스크림_아이스크림롤 초콜릿,아이스크림,유제품류 및 빙과류,32g,328,,6.25,,,,,,,,,,,,,0.0,,,,,
아이스크림_엄마는외계인 아이스크림,아이스크림,유제품류 및 빙과류,115g,257,28.7,4.35,,,,,,,,,,,,,0.0,,,,,
아이스크림_이상한나라의솜사탕 아이스크림,아이스크림,유제품류 및 빙과류,115g,250,28.7,4.35,,,,,,,,,,,,,0.0,,,,,
아이스크림_쫀떡궁합 아이스크림,아이스크림,유제품류 및 빙과류,115g,245,29.57,4.35,,,,,,,,,,,,,0.0,,,,,
아이스크림_찰떡꽁떡 아이스크림,아이스크림,유제품류 및 빙과류,100g,140,,3.0,,,,,,,,,,,,,0.0,,,,,
아이스크림_체리쥬빌레 아이스크림,아이스크림,유제품류 및 빙과류,115g,208,27.83,2.61,,,,,,,,,,,,,0.0,,,,,
아이스크림_초콜릿무스 아이스크림,아이스크림,유제품류 및 빙과류,115g,277,29.57,4.35,,,,,,,,,,,,,0.0,,,,,
아이스크림_초콜릿 아이스크림,아이스크림,유제품류 및 빙과류,115g,238,27.83,4.35,,,,,,,,,,,,,0.0,,,,,
아이스크림_쿠키앤크림 아이스크림,아이스크림,유제품류 및 빙과류,115g,198,21.74,4.35,,,,,,,,,,,,,0.0,,,,,
아이스크림_피스타치오아몬드 아이스크림,아이스크림,유제품류 및 빙과류,115g,263,24.35,6.09,,,,,,,,,,,,,0.0,,,,,
아이스크림_다크 초코 나이트 아이스크림,아이스크림,유제품류 및 빙과류,115g,302,33.91,4.35,,,,,,,,,,,,,0.0,,,,,
아이스크림_레드 라즈베리 소르베 아이스크림,아이스크림,유제품류 및 빙과류,115g,129,32.17,0.0,,,,,,,,,,,,,0.0,,,,,
아이스크림_레인보우샤베트 아이스크림,아이스크림,유제품류 및 빙과류,115g,141,28.7,2.61,,,,,,,,,,,,,0.0,,,,,
아이스크림_바나나쥬빌레 아이스크림,아이스크림,유제품류 및 빙과류,115g,217,24.35,2.61,,,,,,,,,,,,,0.0,,,,,
아이스크림_바닐라아몬드 크런치 아이스크림,아이스크림,유제품류 및 빙과류,115g,218,26.96,6.09,,,,,,,,,,,,,0.0,,,,,
아이스크림_블랙 소르베 아이스크림,아이스크림,유제품류 및 빙과류,115g,122,30.43,0.0,,,,,,,,,,,,,0.0,,,,,
아이스크림_사랑에 빠진 딸기 아이스크림,아이스크림,유제품류 및 빙과류,115g,254,28.7,3.48,,,,,,,,,,,,,0.0,,,,,
아이스크림_애플 민트 아이스크림,아이스크림,유제품류 및 빙과류,115g,164,26.09,5.22,,,,,,,,,,,,,0.0,,,,,
아이스크림_에스프레소 앤 크림 아이스크림,아이스크림,유제품류 및 빙과류,115g,178,22.61,4.35,,,,,,,,,,,,,0.0,,,,,
아이스크림_오레오 쿠키 앤 크림치즈 아이스크림,아이스크림,유제품류 및 빙과류,115g,265,28.7,4.35,,,,,,,,,,,,,0.0,,,,,
아이스크림_월넛 아이스크림,아이스크림,유제품류 및 빙과류,115g,240,28.7,7.83,,,,,,,,,,,,,0.0,,,,,
아이스크림_초코 아몬드 봉봉 아이스크림,아이스크림,유제품류 및 빙과류,115g,268,30.43,5.22,,,,,,,,,,,,,0.0,,,,,
아이스크림_초코넛 마카다미아 아이스크림,아이스크림,유제품류 및 빙과류,115g,235,27.83,3.48,,,,,,,,,,,,,0.0,,,,,
아이스크림_초콜릿 칩 아이스크림,아이스크림,유제품류 및 빙과류,115g,233,23.48,3.48,,,,,,,,,,,,,0.0,,,,,
아이스크림_피치 요거트 아이스크림,아이스크림,유제품류 및 빙과류,115g,192,38.26,1.74,,,,,,,,,,,,,0.0,,,,,
아이스크림_녹차 아이스크림,아이스크림,유제품류 및 빙과류,103g,313,51.75,4.27,,,,,,,,,,,,,0.0,,,,,
아이스크림_뉴욕치즈케이크아츄,아이스크림,유제품류 및 빙과류,317g,382,47.63,6.18,,,,,,,,,,,,,0.0,,,,,
아이스크림_소프트 아이스크림,아이스크림,유제품류 및 빙과류,210g,139,21.62,3.0,,,,,,,,,,,,,0.0,,,,,
아이스크림_아이스크림츄러스,아이스크림,유제품류 및 빙과류,297g,189,29.49,3.7,,,,,,,,,,,,,0.0,,,,,
아이스크림_오레오 아츄,아이스크림,유제품류 및 빙과류,315g,345,55.87,5.4,,,,,,,,,,,,,0.0,,,,,
아이스크림_인절미 아츄,아이스크림,유제품류 및 빙과류,305g,298,44.59,6.36,,,,,,,,,,,,,0.0,,,,,
아이스크림_초코 아이스크림,아이스크림,유제품류 및 빙과류,82g,350,53.66,6.95,,,,,,,,,,,,,0.0,,,,,
아이스크림_카라멜 아이스크림,아이스크림,유제품류 및 빙과류,98g,387,50.41,5.51,,,,,,,,,,,,,0.0,,,,,
아이스크림_컬러후레이크 아이스크림,아이스크림,유제품류 및 빙과류,96g,398,61.46,5.21,,,,,,,,,,,,,0.0,,,,,
아이스크림_콘 아이스크림,아이스크림,유제품류 및 빙과류,98g,323,49.9,5.31,,,,,,,,,,,,,0.0,,,,,
아이스크림_그린티 젤라또,젤라또,유제품류 및 빙과류,100g,161,,4.0,,,,,,,,,,,,,0.0,,,,,
아이스크림_그린티 티라미수 젤라또,젤라또,유제품류 및 빙과류,100g,178,,4.4,,,,,,,,,,,,,0.0,,,,,
아이스크림_꿀 자몽 젤라또,젤라또,유제품류 및 빙과류,100g,143,,1.3,,,,,,,,,,,,,0.0,,,,,
아이스크림_다크초코렛 젤라또,젤라또,유제품류 및 빙과류,100g,168,,3.7,,,,,,,,,,,,,0.0,,,,,
아이스크림_더블 초코 바나나 젤라또,젤라또,유제품류 및 빙과류,100g,188,,3.9,,,,,,,,,,,,,0.0,,,,,
아이스크림_딸기 라떼 젤라또,젤라또,유제품류 및 빙과류,100g,121,,1.6,,,,,,,,,,,,,0.0,,,,,
아이스크림_딸기 솔베 젤라또,젤라또,유제품류 및 빙과류,100g,103,,0.5,,,,,,,,,,,,,0.0,,,,,
아이스크림_딸기 요거트 젤라또,젤라또,유제품류 및 빙과류,100g,146,,2.4,,,,,,,,,,,,,0.0,,,,,
아이스크림_땅콩 바나나 젤라또,젤라또,유제품류 및 빙과류,100g,195,,5.0,,,,,,,,,,,,,0.0,,,,,
아이스크림_레드 포레스트 젤라또,젤라또,유제품류 및 빙과류,100g,155,,2.8,,,,,,,,,,,,,0.0,,,,,
아이스크림_레몬 젤라또,젤라또,유제품류 및 빙과류,100g,118,,0.5,,,,,,,,,,,,,0.0,,,,,
아이스크림_리코타 젤라또,젤라또,유제품류 및 빙과류,100g,164,,4.1,,,,,,,,,,,,,0.0,,,,,
아이스크림_마스카포네치즈 젤라또,젤라또,유제품류 및 빙과류,100g,179,,4.4,,,,,,,,,,,,,0.0,,,,,
아이스크림_망고 라떼 젤라또,젤라또,유제품류 및 빙과류,100g,124,,1.6,,,,,,,,,,,,,0.0,,,,,
아이스크림_망고 솔베 젤라또,젤라또,유제품류 및 빙과류,100g,121,,0.4,,,,,,,,,,,,,0.0,,,,,
아이스크림_망고 요거트 젤라또,젤라또,유제품류 및 빙과류,100g,148,,2.4,,,,,,,,,,,,,0.0,,,,,
아이스크림_민트 초코 젤라또,젤라또,유제품류 및 빙과류,100g,181,,3.3,,,,,,,,,,,,,0.0,,,,,
아이스크림_바나나 속 초코칩 젤라또,젤라또,유제품류 및 빙과류,100g,185,,3.7,,,,,,,,,,,,,0.0,,,,,
아이스크림_바나나 젤라또,젤라또,유제품류 및 빙과류,100g,170,,3.7,,,,,,,,,,,,,0.0,,,,,
아이스크림_바나나 품은 헤이즐넛 초코렛 젤라또,젤라또,유제품류 및 빙과류,100g,193,,4.0,,,,,,,,,,,,,0.0,,,,,
아이스크림_바닐라 빈 젤라또,젤라또,유제품류 및 빙과류,100g,165,,3.6,,,,,,,,,,,,,0.0,,,,,
아이스크림_바닐라 젤라또,젤라또,유제품류 및 빙과류,100g,166,,3.6,,,,,,,,,,,,,0.0,,,,,
아이스크림_복숭아 젤라또,젤라또,유제품류 및 빙과류,100g,130,,1.6,,,,,,,,,,,,,0.0,,,,,
아이스크림_블루베리 라떼 젤라또,젤라또,유제품류 및 빙과류,100g,123,,1.5,,,,,,,,,,,,,0.0,,,,,
아이스크림_블루베리 솔베 젤라또,젤라또,유제품류 및 빙과류,100g,118,,0.3,,,,,,,,,,,,,0.0,,,,,
아이스크림_블루베리 요거트 젤라또,젤라또,유제품류 및 빙과류,100g,148,,2.4,,,,,,,,,,,,,0.0,,,,,
아이스크림_솔티드 카라멜 젤라또,젤라또,유제품류 및 빙과류,100g,167,,3.2,,,,,,,,,,,,,0.0,,,,,
아이스크림_솔티드 카초멜리아 젤라또,젤라또,유제품류 및 빙과류,100g,180,,3.8,,,,,,,,,,,,,0.0,,,,,
아이스크림_솜사탕 젤라또,젤라또,유제품류 및 빙과류,100g,119,,1.3,,,,,,,,,,,,,0.0,,,,,
아이스크림_스트라치아텔라 젤라또,젤라또,유제품류 및 빙과류,100g,177,,3.8,,,,,,,,,,,,,0.0,,,,,
아이스크림_요거트 젤라또,젤라또,유제품류 및 빙과류,100g,150,,2.6,,,,,,,,,,,,,0.0,,,,,
아이스크림_초코렛 젤라또,젤라또,유제품류 및 빙과류,100g,193,,4.3,,,,,,,,,,,,,0.0,,,,,
아이스크림_카라멜 젤라또,젤라또,유제품류 및 빙과류,100g,171,,3.2,,,,,,,,,,,,,0.0,,,,,
아이스크림_카초멜리아 젤라또,젤라또,유제품류 및 빙과류,100g,182,,3.7,,,,,,,,,,,,,0.0,,,,,
아이스크림_카페 모카 젤라또,젤라또,유제품류 및 빙과류,100g,159,,3.3,,,,,,,,,,,,,0.0,,,,,
아이스크림_쿠키 & 크림 젤라또,젤라또,유제품류 및 빙과류,100g,168,,3.6,,,,,,,,,,,,,0.0,,,,,
아이스크림_크리미 요거트 젤라또,젤라또,유제품류 및 빙과류,100g,172,,3.2,,,,,,,,,,,,,0.0,,,,,
아이스크림_티라미수 젤라또,젤라또,유제품류 및 빙과류,100g,165,,4.2,,,,,,,,,,,,,0.0,,,,,
아이스크림_피넛버터 & 젤리 젤라또,젤라또,유제품류 및 빙과류,100g,202,,5.4,,,,,,,,,,,,,0.0,,,,,
아이스크림_허니 레몬 젤라또,젤라또,유제품류 및 빙과류,100g,129,,1.6,,,,,,,,,,,,,0.0,,,,,
아이스크림_헤이즐넛초콜렛 젤라또,젤라또,유제품류 및 빙과류,100g,193,,4.2,,,,,,,,,,,,,0.0,,,,,
아이스크림_로얄밀크티파르페 아이스(ICED) (Short),아이스크림,유제품류 및 빙과류,247g,251,,2.83,,,,,,,,,,,,,0.0,,,,,
아이스크림_바닐라아포가토,아이스크림,유제품류 및 빙과류,159g,208,,2.52,,,,,,,,,,,,,0.0,,,,,
아이스크림_소프트 아이스크림 (컵),아이스크림,유제품류 및 빙과류,110g,159,,2.73,,,,,,,,,,,,,0.0,,,,,
아이스크림_소프트 아이스크림 (콘),아이스크림,유제품류 및 빙과류,135g,241,,4.44,,,,,,,,,,,,,0.0,,,,,
아이스크림_초콜릿파르페 아이스(ICED) (Short),아이스크림,유제품류 및 빙과류,245g,259,,3.27,,,,,,,,,,,,,0.0,,,,,
아이스크림_딸기라떼 젤라또,젤라또,유제품류 및 빙과류,140g,139,,2.86,,,,,,,,,,,,,0.0,,,,,
아이스크림_라떼 젤라또,젤라또,유제품류 및 빙과류,140g,214,,5.0,,,,,,,,,,,,,0.0,,,,,
아이스크림_망고패션 젤라또,젤라또,유제품류 및 빙과류,140g,129,,0.54,,,,,,,,,,,,,0.0,,,,,
아이스크림_멜론 젤라또,젤라또,유제품류 및 빙과류,140g,114,,1.43,,,,,,,,,,,,,0.0,,,,,
아이스크림_초코크런치 젤라또,젤라또,유제품류 및 빙과류,140g,243,,2.86,,,,,,,,,,,,,0.0,,,,,
아이스크림_티라미수 젤라또,젤라또,유제품류 및 빙과류,140g,207,,3.57,,,,,,,,,,,,,0.0,,,,,
아이스크림_썬대,아이스크림,유제품류 및 빙과류,100g,196,30.45,3.17,110.0,166.0,0.52,,,0.9,,,,,,,0.336,,,0.15,0.0,
아이스티_로즈 오로라 아이스티,아이스티,음료 및 차류,470g,61,,0.0,,,,,,,,,,,,,0.0,,,,,
아이스티_복숭아숭숭 아이스,아이스티,음료 및 차류,946g,38,8.56,0.0,,,,,,,,,,,,,0.0,,,,,
아이스티_복숭아 아이스티,아이스티,음료 및 차류,420g,37,,0.0,,,,,,,,,,,,,0.0,,,,,
아이스티_디카페인 아샷추 아이스티,아이스티,음료 및 차류,591g,34,,0.0,,,,,,,,,,,,,0.0,,,,,
아이스티_복숭아 아이스티,아이스티,음료 및 차류,591g,34,,0.02,,,,,,,,,,,,,0.0,,,,,
아이스티_아이스티,아이스티,음료 및 차류,591g,33,,0.0,,,,,,,,,,,,,0.0,,,,,
아이스티_복숭아아이스티 아이스,아이스티,음료 및 차류,710g,42,,0.01,,,,,,,,,,,,,0.0,,,,,
아이스티_NEW복숭아아이스티,아이스티,음료 및 차류,650g,31,7.54,0.01,,,,,,,,,,,,,0.0,,,,,
아이스티_레몬아이스티,아이스티,음료 및 차류,460g,34,,0.0,,,,,,,,,,,,,0.0,,,,,
아이스티_피치아이스티,아이스티,음료 및 차류,460g,35,,0.0,,,,,,,,,,,,,0.0,,,,,
아이스티_딸기 아이스티,아이스티,음료 및 차류,473g,23,,0.0,,,,,,,,,,,,,0.0,,,,,
아이스티_애플망고 아이스티,아이스티,음료 및 차류,473g,42,,0.08,,,,,,,,,,,,,0.0,,,,,
아이스티_달콤아이스티 아이스(ICED),아이스티,음료 및 차류,950g,43,,0.11,,,,,,,,,,,,,0.0,,,,,
아이스티_달콤아이스티,아이스티,음료 및 차류,600g,45,,0.0,,,,,,,,,,,,,0.0,,,,,
아이스티_아이스티샷추가 아샷추,아이스티,음료 및 차류,900g,33,,0.11,,,,,,,,,,,,,0.0,,,,,
아이스티_아이스티샷추가 아샷추,아이스티,음료 및 차류,600g,44,,0.15,,,,,,,,,,,,,0.0,,,,,
아이스티_레몬 아이스티,아이스티,음료 및 차류,946g,27,,0.0,,,,,,,,,,,,,0.0,,,,,
아이스티_레몬 아이스티,아이스티,음료 및 차류,591g,26,,0.0,,,,,,,,,,,,,0.0,,,,,
아이스티_복숭아 아이스티,아이스티,음료 및 차류,946g,29,,0.0,,,,,,,,,,,,,0.0,,,,,
아이스티_복숭아 아이스티,아이스티,음료 및 차류,591g,28,,0.0,,,,,,,,,,,,,0.0,,,,,
아이스티_자두 아이스티,아이스티,음료 및 차류,946g,30,,0.0,,,,,,,,,,,,,0.0,,,,,
아이스티_자두 아이스티,아이스티,음료 및 차류,591g,24,,0.0,,,,,,,,,,,,,0.0,,,,,
아이스티_레몬 크러쉬 아이스티,아이스티,음료 및 차류,660g,48,,0.0,,,,,,,,,,,,,0.0,,,,,
아이스티_복숭아 크러쉬 아이스티,아이스티,음료 및 차류,660g,48,,0.0,,,,,,,,,,,,,0.0,,,,,
아이스티_레몬 아이스티,아이스티,음료 및 차류,651g,55,,0.0,,,,,,,,,,,,,0.0,,,,,
아이스티_레몬 아이스티,아이스티,음료 및 차류,414g,43,,0.0,,,,,,,,,,,,,0.0,,,,,
아이스티_복숭아 아이스티,아이스티,음료 및 차류,651g,57,,0.0,,,,,,,,,,,,,0.0,,,,,
아이스티_복숭아 아이스티,아이스티,음료 및 차류,414g,45,,0.0,,,,,,,,,,,,,0.0,,,,,
아이스티_레몬아이스티,아이스티,음료 및 차류,100g,37,,0.02,,,,,,,,,,,,,0.0,,,,,
아이스티_복숭아아이스티,아이스티,음료 및 차류,100g,36,,0.03,,,,,,,,,,,,,0.0,,,,,
아이스티_아이스티,아이스티,음료 및 차류,591g,44,,0.0,,,,,,,,,,,,,0.0,,,,,
아이스티_자이언트 아이스티,아이스티,음료 및 차류,946g,48,,0.0,,,,,,,,,,,,,0.0,,,,,
아이스티_레몬 아이스티,아이스티,음료 및 차류,473g,38,,0.0,,,,,,,,,,,,,0.0,,,,,
아이스티_복숭아 아이스티,아이스티,음료 및 차류,473g,38,,0.0,,,,,,,,,,,,,0.0,,,,,
아이스티_레몬 아이스티,아이스티,음료 및 차류,420g,38,,0.0,,,,,,,,,,,,,0.0,,,,,
아이스티_복숭아 아이스티,아이스티,음료 및 차류,420g,39,,0.0,,,,,,,,,,,,,0.0,,,,,
아이스티_복숭아 아이스티,아이스티,음료 및 차류,450g,54,,0.0,,,,,,,,,,,,,0.0,,,,,
아이스티_복숭아 아이스티,아이스티,음료 및 차류,100g,51,12.4,0.06,,,,,,,,,,,,,0.0,,,,,
아이스티_아이스티 복숭아,아이스티,음료 및 차류,450g,61,,0.0,,,,,,,,,,,,,0.0,,,,,
아이스티_아이스티 복숭아,아이스티,음료 및 차류,400g,46,,0.0,,,,,,,,,,,,,0.0,,,,,
아이스티_아이스티,아이스티,음료 및 차류,360g,44,,0.03,,,,,,,,,,,,,0.0,,,,,
아이스티_복숭아 아이스티,아이스티,음료 및 차류,595g,40,,0.0,,,,,,,,,,,,,0.0,,,,,
아이스티_샤인 매실 아이스티,아이스티,음료 및 차류,415g,44,,0.24,,,,,,,,,,,,,0.0,,,,,
아이스티_청포도 아이스티,아이스티,음료 및 차류,595g,40,,0.0,,,,,,,,,,,,,0.0,,,,,
아이스티_라즈베리 아이스티,아이스티,음료 및 차류,390g,31,,0.0,,,,,,,,,,,,,0.0,,,,,
아이스티_라즈베리 아이스티,아이스티,음료 및 차류,610g,30,,0.0,,,,,,,,,,,,,0.0,,,,,
아이스티_리치 히비 빅 아이스티,아이스티,음료 및 차류,610g,19,,0.05,,,,,,,,,,,,,0.0,,,,,
아이스티_복숭아 아이스티,아이스티,음료 및 차류,400g,33,,0.0,,,,,,,,,,,,,0.0,,,,,
아이스티_복숭아 아이스티,아이스티,음료 및 차류,600g,30,,0.0,,,,,,,,,,,,,0.0,,,,,
아이스티_청귤 자스민 빅 아이스티,아이스티,음료 및 차류,610g,20,,0.08,,,,,,,,,,,,,0.0,,,,,
아이스티_청포도 민트 빅 아이스티,아이스티,음료 및 차류,610g,22,,0.08,,,,,,,,,,,,,0.0,,,,,
아이스티_피치 우롱 빅 아이스티,아이스티,음료 및 차류,610g,23,,0.16,,,,,,,,,,,,,0.0,,,,,
아이스티_복숭아아이스티,아이스티,음료 및 차류,438g,37,,0.02,,,,,,,,,,,,,0.0,,,,,
아이스티_복숭아아이스티,아이스티,음료 및 차류,624g,34,,0.02,,,,,,,,,,,,,0.0,,,,,
아이스티_아이스티 샷추가,아이스티,음료 및 차류,464.6g,41,,0.23,,,,,,,,,,,,,0.0,,,,,
아이스티_아이스티 샷추가,아이스티,음료 및 차류,657.2g,40,,0.17,,,,,,,,,,,,,0.0,,,,,
알밥,알밥,밥류,330g,128,15.75,4.73,43.0,128.0,0.44,14.41,0.75,3.5,3598.77,326.28,67.94,15.3,,39.0,2.3449999999999998,7.14,1.93,2.64,0.0,
알밥,알밥,밥류,500ml,86,15.67,2.3,11.0,50.0,0.21,8.63,0.44,0.8,,,,,0.09,14.0,0.245,13.0,,1.17,0.45,0.47
알밥,알밥,밥류,500ml,86,16.25,2.4,12.0,57.0,0.47,9.31,0.44,0.9,,,,,0.07,18.0,0.35800000000000004,14.93,,1.38,0.46,0.41
알밥,알밥,밥류,500ml,86,15.67,2.3,11.0,50.0,0.21,8.63,0.44,0.8,,,,,0.09,14.0,0.245,13.0,,1.17,0.45,0.47
알밥,알밥,밥류,500ml,86,16.25,2.4,12.0,57.0,0.47,9.31,0.44,0.9,,,,,0.07,18.0,0.35800000000000004,14.93,,1.38,0.46,0.41
알밥_간편조리세트_갑오징어알뚝밥,알밥,밥류,355g,124,10.21,9.82,20.0,108.0,0.23,,,1.0,,,,,,,0.277,,,1.93,0.0,
알탕,알탕,찌개 및 전골류,520g,39,1.74,6.37,11.0,164.0,0.32,12.2,0.75,1.6,5337.78,532.45,119.42,49.44,,23.0,12.427000000000001,12.38,4.32,5.03,0.89,
알탕_해물,알탕,찌개 및 전골류,940ml,46,2.29,6.82,25.0,129.0,1.67,,,0.8,,,,,,26.0,2.432,50.7,,1.58,2.33,
알탕,알탕,찌개 및 전골류,198.8ml,25,2.42,2.8,9.0,63.0,0.24,7.78,0.21,0.5,,,,,0.09,21.0,1.371,17.03,,1.46,1.55,1.15
앙금빵_완전소중한완두 앙금빵,앙금빵,빵 및 과자류,139g,281,,7.19,,,,,,,,,,,,,0.0,,,,,
앙금빵_적앙금트위스트(갈비빵),앙금빵,빵 및 과자류,328g,330,,8.0,,,,,,,,,,,,,0.0,,,,,
앙금빵_마구마구 고구마,앙금빵,빵 및 과자류,353g,248,,5.1,,,,,,,,,,,,,0.0,,,,,
앙금빵_앙버터 라우겐,앙금빵,빵 및 과자류,150g,387,,7.33,,,,,,,,,,,,,0.0,,,,,
앙금빵_완두 앙금빵,앙금빵,빵 및 과자류,80g,319,,7.5,,,,,,,,,,,,,0.0,,,,,
앙금빵_앙금빵의 정석 망고,앙금빵,빵 및 과자류,60g,298,63.33,6.67,,,,,,,,,,,,,0.0,,,,,
앙금빵_앙금빵의 정석 메론,앙금빵,빵 및 과자류,60g,298,65.0,6.67,,,,,,,,,,,,,0.0,,,,,
앙금빵_고구마앙금빵,앙금빵,빵 및 과자류,95g,253,,5.26,,,,,,,,,,,,,0.0,,,,,
앙금빵_완두앙금빵,앙금빵,빵 및 과자류,100g,255,,7.0,,,,,,,,,,,,,0.0,,,,,
앙금빵_찹쌀앙금빵,앙금빵,빵 및 과자류,85g,341,,7.06,,,,,,,,,,,,,0.0,,,,,
앙금빵_앙버터빵,앙금빵,빵 및 과자류,100g,372,41.64,7.0,30.0,136.0,0.62,,,4.1,,,,,,,3.986,,,0.18,0.0,
애호박 감자된장국_바지락,애호박 감자된장국,된장국류,222.2ml,23,3.35,1.9,13.0,111.0,0.4,11.64,0.22,1.0,,,,,0.04,4.0,0.221,13.76,,1.88,0.0,0.08
애호박 감자된장국_바지락,애호박 감자된장국,된장국류,222.2ml,23,3.16,1.9,15.0,119.0,1.25,11.65,0.22,1.0,,,,,0.05,5.0,0.40700000000000003,13.8,,1.87,0.0,0.08
애호박 감자된장국_바지락,애호박 감자된장국,된장국류,320ml,24,3.39,1.9,13.0,112.0,0.41,11.89,0.22,1.0,,,,,0.04,4.0,0.228,14.05,,1.87,0.0,0.09
애호박 된장국,애호박 된장국,된장국류,320ml,23,3.18,2.0,50.0,150.0,0.5,18.92,0.23,1.5,,,,,0.07,38.0,0.40299999999999997,29.29,,1.6,0.01,0.32
애호박 볶음,애호박 볶음,채소볶음류,50g,59,5.3,1.32,34.0,235.0,0.38,20.06,0.28,2.4,1163.22,99.44,1.36,2.06,,11.0,0.7,28.32,0.04,0.0,0.0,
애호박 볶음,애호박 볶음,채소볶음류,49.4ml,64,4.25,1.1,20.0,173.0,0.26,13.52,0.16,1.8,,,,,0.3,17.0,0.415,26.23,,2.36,0.0,0.52
애호박나물,애호박나물,나물·숙채류,50ml,37,5.51,1.3,21.0,228.0,0.29,16.35,0.16,2.2,,,,,0.3,22.0,0.479,32.5,,3.49,0.0,0.23
애호박나물,애호박나물,나물·숙채류,50ml,37,5.51,1.3,21.0,228.0,0.29,16.35,0.16,2.2,,,,,0.3,22.0,0.479,32.5,,3.49,0.0,0.23
애호박나물,애호박나물,나물·숙채류,50ml,37,5.51,1.3,21.0,228.0,0.29,16.35,0.16,2.2,,,,,0.3,22.0,0.479,32.5,,3.49,0.0,0.23
애호박부침개_새우,애호박부침개,전·적 및 부침류,119.7ml,141,16.23,6.4,32.0,185.0,0.81,16.46,0.48,1.7,,,,,0.33,29.0,0.8109999999999999,36.11,,3.51,0.2,1.01
애호박부침개,애호박부침개,전·적 및 부침류,53.4ml,159,19.42,4.6,19.0,153.0,0.54,13.68,0.33,1.6,,,,,0.39,31.0,0.447,31.5,,1.53,0.27,0.85
애호박부침개,애호박부침개,전·적 및 부침류,53.4ml,159,19.42,4.6,19.0,153.0,0.54,13.68,0.33,1.6,,,,,0.39,31.0,0.447,31.5,,1.53,0.27,0.85
애호박부침개_새우,애호박부침개,전·적 및 부침류,119.7ml,141,16.23,6.4,32.0,185.0,0.81,16.46,0.48,1.7,,,,,0.33,29.0,0.8109999999999999,36.11,,3.51,0.2,1.01
애호박전,애호박전,전·적 및 부침류,150g,122,6.73,4.35,33.0,213.0,0.66,18.37,0.45,2.1,3708.84,336.55,40.1,7.7,,23.0,0.503,43.19,0.15,0.0,0.0,
애호박전,애호박전,전·적 및 부침류,70ml,84,6.53,2.2,15.0,117.0,0.32,9.14,0.2,1.1,,,,,0.35,24.0,0.301,21.15,,2.92,0.1,0.64
애호박전,애호박전,전·적 및 부침류,50ml,142,11.87,3.6,21.0,168.0,0.49,12.46,0.31,1.6,,,,,0.48,33.0,0.434,30.42,,2.87,0.15,1.01
애호박전,애호박전,전·적 및 부침류,60ml,126,12.12,3.5,21.0,197.0,0.49,13.77,0.31,1.9,,,,,0.43,36.0,0.518,37.13,,2.56,0.25,0.87
애호박전,애호박전,전·적 및 부침류,200ml,87,6.0,2.2,12.0,108.0,0.32,7.71,0.19,1.0,,,,,0.35,21.0,0.258,19.65,,1.25,0.1,0.69
애호박죽,애호박죽,죽 및 스프류,171.5ml,77,15.0,1.4,5.0,75.0,0.3,8.63,0.36,0.6,,,,,0.01,4.0,0.37,8.33,,0.54,0.0,0.1
애호박찌개,애호박찌개,찌개 및 전골류,227ml,17,3.54,0.9,11.0,149.0,0.2,9.21,0.12,1.6,,,,,0.03,16.0,0.344,20.25,,2.09,0.0,0.21
애호박찌개_감자,애호박찌개,찌개 및 전골류,305ml,38,3.87,3.7,49.0,154.0,0.57,20.37,0.4,1.4,,,,,0.09,5.0,0.383,16.0,,2.28,0.03,0.13
애호박찌개_두부,애호박찌개,찌개 및 전골류,222ml,39,3.79,3.7,47.0,149.0,0.58,21.71,0.41,1.4,,,,,0.09,4.0,0.372,15.58,,2.15,0.02,0.15
애호박찌개_감자,애호박찌개,찌개 및 전골류,305ml,38,3.87,3.7,49.0,154.0,0.57,20.37,0.4,1.4,,,,,0.09,5.0,0.383,16.0,,2.28,0.03,0.13
애호박찜,애호박찜,찜류,100g,181,21.18,9.5,27.0,144.0,1.02,29.73,1.21,2.2,7153.71,622.5,107.86,3.36,,13.0,0.54,5.95,0.36,1.3,0.0,
애호박찜,애호박찜,찜류,128.7ml,36,4.43,1.7,32.0,178.0,0.28,22.3,0.16,1.7,,,,,0.06,15.0,0.388,24.36,,2.45,0.0,0.2
애호박찜,애호박찜,찜류,106.2ml,41,5.05,2.0,36.0,202.0,0.32,25.43,0.19,2.0,,,,,0.06,17.0,0.442,27.78,,2.79,0.0,0.22
애호박찜,애호박찜,찜류,128.7ml,36,4.43,1.7,32.0,180.0,0.28,22.3,0.16,1.7,,,,,0.06,15.0,0.385,24.36,,2.41,0.0,0.19
액상커피_커피가루_설탕_크림,액상커피,음료 및 차류,100g,51,10.06,0.43,14.0,117.0,0.05,,,0.1,,,,,,0.0,0.9530000000000001,,,0.0,0.0,
액상커피_커피가루_설탕(중량2.7g),액상커피,음료 및 차류,100g,17,3.98,0.18,2.0,34.0,0.02,,,0.0,,,,,,0.0,0.263,,,0.0,0.0,
액상커피_커피가루,액상커피,음료 및 차류,100g,4,0.7,0.2,2.0,38.0,0.02,,,0.0,,,,,,0.0,0.283,,,0.0,0.0,
야채빵_야채넣은 롤빵,야채빵,빵 및 과자류,317g,332,,12.0,,,,,,,,,,,,,0.0,,,,,
야채빵_올리브야채 브레드,야채빵,빵 및 과자류,237g,283,,8.0,,,,,,,,,,,,,0.0,,,,,
야채빵_햄야채롤 (6개입),야채빵,빵 및 과자류,198g,354,,10.61,,,,,,,,,,,,,0.0,,,,,
야채빵_햄야채롤 (8개입),야채빵,빵 및 과자류,264g,352,,10.98,,,,,,,,,,,,,0.0,,,,,
야채빵_맛살크림 샐러드,야채빵,빵 및 과자류,90g,333,,7.78,,,,,,,,,,,,,0.0,,,,,
야채빵_야채 샐러드,야채빵,빵 및 과자류,120g,197,,4.17,,,,,,,,,,,,,0.0,,,,,
야채빵_에그마요 샐러드,야채빵,빵 및 과자류,120g,245,,8.33,,,,,,,,,,,,,0.0,,,,,
야채빵_양파꽃이피었습니다,야채빵,빵 및 과자류,140g,368,,7.86,,,,,,,,,,,,,0.0,,,,,
약과,약과,빵 및 과자류,30g,399,84.89,4.2,12.0,73.0,0.0,24.5,0.53,5.3,-,293.7,30.7,8.23,,0.0,0.595,8.13,0.0,0.0,,
약식,약식,빵 및 과자류,100g,220,45.24,4.21,13.0,85.0,0.33,20.84,0.82,2.6,3909.55,335.28,91.16,3.24,,0.0,0.01,7.77,0.0,0.0,0.0,
약식,약식,빵 및 과자류,,220,45.43,4.44,14.0,139.0,0.35,,,1.5,,,,,,1.0,0.477,,,0.0,0.0,
양념 도토리묵,양념 도토리묵,채소무침류,116.9ml,55,9.91,1.1,17.0,64.0,0.36,9.39,0.28,1.6,,,,,0.01,4.0,0.365,9.61,,0.15,0.0,0.33
양념 돼지고기튀김,양념 돼지고기튀김,튀김류,192.5ml,189,13.89,12.9,11.0,241.0,0.53,21.35,0.9,0.6,,,,,0.41,19.0,2.117,8.58,,0.65,0.17,0.92
양념 돼지고기튀김,양념 돼지고기튀김,튀김류,192.5ml,189,13.89,12.9,11.0,241.0,0.53,21.35,0.9,0.6,,,,,0.41,19.0,2.117,8.58,,0.65,0.17,0.92
양념 바지락젓,양념 바지락젓,젓갈류,12.5ml,50,2.07,5.8,89.0,40.0,11.01,44.26,0.2,0.6,,,,,0.08,9.0,1.514,28.42,,0.64,0.0,0.36
양념 새우젓,양념 새우젓,젓갈류,15ml,67,6.78,7.3,290.0,343.0,1.04,157.03,0.67,2.2,,,,,0.17,41.0,1.187,25.51,,2.4,0.0,1.77
양념 오징어젓,양념 오징어젓,젓갈류,15ml,60,4.81,7.9,76.0,219.0,0.9,30.53,0.4,1.0,,,,,0.28,15.0,1.405,13.74,,2.59,0.16,0.83
양념 오징어젓_낙지,양념 오징어젓,젓갈류,15ml,66,5.27,8.2,79.0,203.0,0.94,31.35,0.38,0.9,,,,,0.28,11.0,1.498,11.99,,2.32,0.0,0.82
양념 오징어젓,양념 오징어젓,젓갈류,69.1ml,112,15.71,5.1,28.0,276.0,0.76,29.85,0.51,2.8,,,,,0.19,36.0,0.8740000000000001,24.17,,9.56,0.0,1.33
양념두부,양념두부,볶음류,66.4ml,68,2.99,6.2,41.0,105.0,1.02,51.71,0.75,2.0,,,,,0.24,3.0,0.351,14.21,,0.0,0.0,0.6
양념채김치,양념채김치,김치류,190.3ml,53,7.5,3.3,112.0,309.0,1.44,40.75,2.1,2.8,,,,,0.07,43.0,0.823,36.2,,4.06,0.0,0.86
양념초장,양념초장,"장류, 양념류",5ml,134,21.8,10.4,39.0,677.0,2.07,84.68,1.05,3.8,,,,,0.03,46.0,3.882,44.44,,0.0,0.0,2.13
양념초장,양념초장,"장류, 양념류",5ml,134,21.8,10.4,39.0,677.0,2.07,84.68,1.05,3.8,,,,,0.03,46.0,3.882,44.44,,0.0,0.0,2.13
양미리조림,양미리조림,조림류,100g,65,9.09,5.76,129.0,324.0,1.18,28.55,1.06,2.8,5120.47,395.71,92.41,10.84,,88.0,6.37,28.46,5.97,1.34,0.0,
양미리조림,양미리조림,조림류,123.2ml,143,5.61,18.1,65.0,347.0,0.83,42.12,1.64,0.7,,,,,1.05,43.0,3.819,21.25,,3.35,14.75,0.97
양미리조림,양미리조림,조림류,123.2ml,143,5.61,18.1,65.0,347.0,0.83,42.12,1.64,0.7,,,,,1.05,43.0,3.819,21.25,,3.35,14.75,0.97
양배추 겉절이,양배추 겉절이,채소무침류,114.6ml,39,6.5,1.7,33.0,229.0,0.4,16.04,0.24,2.4,,,,,0.14,22.0,0.603,18.76,,11.63,0.0,0.56
양배추 겉절이,양배추 겉절이,채소무침류,42.2ml,46,7.87,2.0,41.0,275.0,0.46,19.24,0.29,2.9,,,,,0.15,26.0,0.745,22.58,,13.93,0.0,0.68
양배추 겉절이,양배추 겉절이,채소무침류,42.2ml,46,7.87,2.0,41.0,275.0,0.46,19.24,0.29,2.9,,,,,0.15,26.0,0.745,22.58,,13.93,0.0,0.68
양배추 겉절이,양배추 겉절이,채소무침류,114.6ml,39,6.5,1.7,33.0,229.0,0.4,16.04,0.24,2.4,,,,,0.14,22.0,0.603,18.76,,11.63,0.0,0.56
양배추 된장국,양배추 된장국,된장국류,184.4ml,34,3.93,2.9,50.0,128.0,0.53,19.42,0.33,1.6,,,,,0.09,5.0,0.332,13.35,,5.58,0.01,0.15
양배추 사과 샐러드,양배추 사과 샐러드,샐러드류,55.4ml,136,10.14,0.8,19.0,141.0,0.24,7.13,0.14,1.9,,,,,0.73,7.0,0.458,7.15,,6.71,0.0,1.21
양배추 사과 샐러드,양배추 사과 샐러드,샐러드류,55.4ml,136,10.14,0.8,19.0,141.0,0.24,7.13,0.14,1.9,,,,,0.73,7.0,0.458,7.15,,6.71,0.0,1.21
양배추 사과 샐러드,양배추 사과 샐러드,샐러드류,104.4ml,141,11.56,1.1,25.0,174.0,0.29,9.1,0.16,2.2,,,,,0.73,8.0,0.551,9.05,,8.93,0.0,1.21
양배추 샐러드,양배추 샐러드,샐러드류,122.2ml,99,4.32,0.9,20.0,123.0,0.2,7.19,0.14,1.3,,,,,0.63,10.0,0.27699999999999997,7.7,,8.5,0.0,1.03
양배추 샐러드,양배추 샐러드,샐러드류,122.2ml,99,4.32,0.9,20.0,123.0,0.2,7.19,0.14,1.3,,,,,0.63,10.0,0.27699999999999997,7.7,,8.5,0.0,1.03
양배추 초나물,양배추 초나물,나물·숙채류,113.3ml,66,9.44,2.0,44.0,219.0,0.42,18.94,0.23,2.4,,,,,0.04,6.0,0.754,16.45,,13.39,0.0,0.4
양배추 초나물,양배추 초나물,나물·숙채류,113.3ml,65,9.45,2.0,44.0,216.0,0.42,18.94,0.23,2.4,,,,,0.04,6.0,0.758,16.45,,13.45,0.0,0.4
양배추김치,양배추김치,김치류,54.7ml,39,8.29,2.2,54.0,296.0,0.49,26.61,0.28,3.4,,,,,0.04,26.0,0.885,18.33,,14.69,0.0,1.0
양배추나물,양배추나물,나물·숙채류,40.2ml,71,8.69,2.2,58.0,265.0,0.47,23.04,0.26,3.1,,,,,0.05,8.0,0.8290000000000001,20.31,,17.25,0.0,0.53
양배추나물,양배추나물,나물·숙채류,40.2ml,71,8.69,2.2,58.0,261.0,0.48,23.04,0.26,3.1,,,,,0.05,8.0,0.8340000000000001,20.31,,17.33,0.0,0.53
양배추부추무침,양배추부추무침,채소무침류,90.6ml,34,6.71,1.9,33.0,151.0,1.38,15.62,0.21,3.2,,,,,0.07,10.0,0.8400000000000001,26.98,,10.29,0.0,0.49
양배추부추무침,양배추부추무침,채소무침류,33.4ml,41,8.08,2.2,38.0,177.0,1.66,18.61,0.25,3.3,,,,,0.11,11.0,0.9339999999999999,31.55,,12.36,0.0,0.56
양배추부추무침,양배추부추무침,채소무침류,33.4ml,41,8.01,2.2,40.0,178.0,1.66,18.61,0.25,3.8,,,,,0.08,11.0,0.999,32.34,,12.36,0.0,0.56
양배추부추무침,양배추부추무침,채소무침류,90.6ml,34,6.71,1.9,33.0,151.0,1.38,15.62,0.21,3.2,,,,,0.07,10.0,0.8400000000000001,26.98,,10.29,0.0,0.49
양배추오이  샐러드,양배추오이  샐러드,샐러드류,34.1ml,188,8.2,1.8,42.0,240.0,0.35,14.6,0.28,2.3,,,,,1.19,4.0,0.518,14.66,,17.64,0.0,1.94
양배추오이  샐러드,양배추오이  샐러드,샐러드류,34.1ml,188,8.2,1.8,42.0,240.0,0.35,14.6,0.28,2.3,,,,,1.19,4.0,0.518,14.66,,17.64,0.0,1.94
양상추 샐러드,양상추 샐러드,샐러드류,85ml,78,4.84,1.1,14.0,92.0,0.26,6.08,0.2,1.0,,,,,0.41,19.0,0.253,10.78,,3.64,0.04,0.79
양상추 샐러드,양상추 샐러드,샐러드류,61.8ml,79,4.72,1.7,20.0,118.0,0.38,7.88,0.29,1.1,,,,,0.38,26.0,0.29300000000000004,14.19,,3.56,0.08,0.81
양상추 샐러드,양상추 샐러드,샐러드류,61.8ml,79,4.72,1.7,20.0,118.0,0.38,7.88,0.29,1.1,,,,,0.38,26.0,0.29300000000000004,14.19,,3.56,0.08,0.81
양상추 샐러드,양상추 샐러드,샐러드류,85ml,78,4.84,1.1,14.0,92.0,0.26,6.08,0.2,1.0,,,,,0.41,19.0,0.253,10.78,,3.64,0.04,0.79
양송이 덮밥,양송이 덮밥,밥류,572ml,93,19.64,1.9,4.0,117.0,0.42,9.1,0.47,0.7,,,,,0.04,11.0,1.0110000000000001,8.9,,0.95,0.0,0.14
양송이 덮밥,양송이 덮밥,밥류,572ml,93,19.64,1.9,4.0,117.0,0.42,9.1,0.47,0.7,,,,,0.04,11.0,1.0110000000000001,8.9,,0.95,0.0,0.14
양송이버섯볶음_소고기,양송이버섯볶음,채소볶음류,117.5ml,104,5.17,4.5,17.0,221.0,0.88,14.05,1.09,1.2,,,,,0.18,5.0,1.837,18.49,,1.09,0.0,0.29
양송이버섯볶음_소고기,양송이버섯볶음,채소볶음류,82.7ml,84,3.85,4.1,13.0,229.0,0.76,13.35,0.92,1.2,,,,,0.16,38.0,2.111,17.4,,1.13,0.0,0.41
양송이버섯볶음_소고기,양송이버섯볶음,채소볶음류,82.7ml,84,3.85,4.1,13.0,229.0,0.76,13.35,0.92,1.2,,,,,0.16,38.0,2.111,17.4,,1.13,0.0,0.41
양송이버섯볶음_소고기,양송이버섯볶음,채소볶음류,117.5ml,102,5.16,4.7,18.0,224.0,0.96,14.11,1.09,1.0,,,,,0.18,4.0,2.268,17.94,,1.04,0.0,0.29
양장피,양장피,무침류,220g,133,10.95,7.3,62.0,174.0,1.78,38.75,0.63,1.9,7831.55,610.3,181.18,28.06,,134.0,2.314,9.55,1.01,2.28,0.0,
양장피,양장피,무침류,344.4ml,81,5.33,10.7,53.0,261.0,1.51,46.49,0.79,1.8,,,,,0.19,62.0,1.253,27.78,,5.63,0.96,0.69
양장피,양장피,무침류,344.4ml,81,5.33,10.7,53.0,261.0,1.51,46.49,0.79,1.8,,,,,0.19,62.0,1.253,27.78,,5.63,0.96,0.69
양태구이,양태구이,생선구이류,100ml,107,0.1,14.0,71.0,3.0,0.42,23.58,0.42,0.0,,,,,0.36,13.0,2.4779999999999998,2.8,,0.7,0.7,0.55
양파 소고기전,양파 소고기전,전·적 및 부침류,82ml,155,8.88,5.0,17.0,145.0,0.64,10.35,0.85,1.2,,,,,0.49,16.0,0.488,14.57,,3.71,0.13,0.92
양파링튀김,양파링튀김,튀김류,100g,411,43.58,3.86,115.0,167.0,0.78,,,2.7,,,,,,0.0,0.8460000000000001,,,1.4,0.0,
양파볶음,양파볶음,채소볶음류,80g,56,9.51,0.99,18.0,139.0,0.3,9.91,0.49,1.6,693.65,39.3,2.2,0.88,,0.0,0.614,91.54,0.0,0.88,0.0,
양파볶음,양파볶음,채소볶음류,105.2ml,68,4.71,0.9,19.0,117.0,0.2,9.48,0.14,1.4,,,,,0.31,44.0,0.243,9.79,,3.64,0.0,0.54
양파볶음,양파볶음,채소볶음류,105.2ml,67,4.72,0.9,19.0,117.0,0.2,9.48,0.14,1.4,,,,,0.31,44.0,0.243,9.79,,3.64,0.0,0.54
양파장아찌,양파장아찌,장아찌·절임류,50ml,63,16.05,0.6,17.0,112.0,0.17,9.38,0.09,1.0,,,,,0.0,0.0,0.161,6.6,,3.53,0.0,0.0
어묵 감자볶음,어묵 감자볶음,볶음류,79.7ml,208,23.66,8.2,37.0,240.0,0.61,20.88,0.34,1.3,,,,,0.68,16.0,0.485,12.95,,3.96,0.0,0.83
어묵 감자볶음,어묵 감자볶음,볶음류,41.1ml,208,23.52,8.2,37.0,239.0,0.61,20.84,0.34,1.3,,,,,0.69,17.0,0.482,12.92,,3.96,0.0,0.84
어묵 감자볶음,어묵 감자볶음,볶음류,79.7ml,209,23.61,8.2,35.0,238.0,0.62,20.82,0.33,1.3,,,,,0.68,17.0,0.471,12.82,,4.05,0.0,0.83
어묵 매운탕,어묵 매운탕,찌개 및 전골류,600ml,36,4.64,2.5,15.0,64.0,0.2,6.74,0.11,0.4,,,,,0.09,8.0,0.279,4.9,,0.66,0.05,0.19
어묵 매운탕,어묵 매운탕,찌개 및 전골류,190.6ml,40,5.86,2.8,40.0,139.0,0.34,13.86,0.17,0.8,,,,,0.09,13.0,0.229,13.51,,1.0,0.01,0.19
어묵 매운탕,어묵 매운탕,찌개 및 전골류,190.6ml,40,5.86,2.8,40.0,139.0,0.34,13.86,0.17,0.8,,,,,0.09,13.0,0.229,13.51,,1.0,0.01,0.19
어묵 매운탕,어묵 매운탕,찌개 및 전골류,282.2ml,39,5.66,2.7,39.0,137.0,0.33,13.45,0.17,0.8,,,,,0.09,14.0,0.21500000000000002,13.59,,1.03,0.01,0.19
어묵 오이무침,어묵 오이무침,무침류,105.7ml,128,18.13,7.7,44.0,189.0,0.54,19.86,0.28,1.3,,,,,0.26,88.0,0.573,11.25,,3.17,0.0,0.57
어묵 오이무침,어묵 오이무침,무침류,42.6ml,127,18.2,7.7,46.0,188.0,0.53,20.04,0.29,1.3,,,,,0.26,87.0,0.5900000000000001,11.46,,3.13,0.0,0.57
어묵 오이무침,어묵 오이무침,무침류,105.7ml,126,18.17,7.7,45.0,188.0,0.53,19.92,0.29,1.3,,,,,0.26,87.0,0.5880000000000001,11.37,,3.13,0.0,0.57
어묵 우동,어묵 우동,면 및 만두류,800ml,71,12.77,2.1,14.0,40.0,0.22,5.98,0.11,0.7,,,,,0.05,3.0,0.511,4.09,,0.16,0.0,0.16
어묵 우동,어묵 우동,면 및 만두류,410ml,52,9.51,1.6,11.0,36.0,0.17,3.99,0.07,0.6,,,,,0.03,3.0,0.448,2.73,,0.15,0.0,0.09
어묵 우동,어묵 우동,면 및 만두류,530ml,61,11.21,1.8,12.0,42.0,0.19,4.74,0.08,0.7,,,,,0.04,3.0,0.525,3.54,,0.2,0.0,0.11
어묵 우동,어묵 우동,면 및 만두류,630ml,61,11.22,1.9,11.0,34.0,0.16,4.92,0.09,0.6,,,,,0.03,4.0,0.359,4.34,,0.14,0.0,0.11
어묵국,어묵국,국 및 탕류,600ml,32,4.16,2.2,13.0,61.0,0.24,5.78,0.09,0.4,,,,,0.08,7.0,0.40299999999999997,3.76,,0.68,0.02,0.11
어묵국,어묵국,국 및 탕류,170ml,21,2.75,1.4,8.0,43.0,0.1,3.47,0.07,0.2,,,,,0.05,4.0,0.16599999999999998,4.75,,0.96,0.01,0.04
어묵국,어묵국,국 및 탕류,126.4ml,43,5.53,3.3,47.0,157.0,0.39,16.59,0.22,0.6,,,,,0.11,11.0,0.195,18.11,,1.86,0.01,0.08
어묵국,어묵국,국 및 탕류,210ml,50,6.34,3.9,54.0,167.0,0.44,17.67,0.23,0.7,,,,,0.13,10.0,0.20700000000000002,18.34,,1.68,0.02,0.09
어묵국(어묵탕)_츠쿠네 어묵탕,어묵국(어묵탕),국 및 탕류,100g,63,,5.2,,,,,,,,,,,,,0.0,,,,,
어묵국(어묵탕),어묵국(어묵탕),국 및 탕류,350g,31,3.83,1.49,19.0,110.0,0.19,7.95,0.07,0.4,1389.0,110.29,32.02,16.58,,3.0,0.539,5.54,0.11,0.0,0.0,
어묵국(어묵탕)_고춧가루 제외,어묵국(어묵탕),국 및 탕류,190ml,25,3.44,1.69,12.0,81.0,0.16,,,0.3,,,,,,5.0,0.514,4.93,,0.95,0.0,
어묵국(어묵탕)_고춧가루,어묵국(어묵탕),국 및 탕류,230ml,30,4.31,1.93,13.0,99.0,0.18,,,0.5,,,,,,9.0,0.552,5.62,,1.15,0.0,
어묵국(어묵탕)_고춧가루 제외,어묵국(어묵탕),국 및 탕류,320ml,21,2.92,1.4,9.0,60.0,0.12,,,0.2,,,,,,4.0,0.29,4.93,,1.0,0.0,
어묵국(어묵탕)_간편조리세트_프리미엄 이자카야어묵탕,어묵국(어묵탕),국 및 탕류,1383g,69,11.01,3.48,66.0,89.0,0.27,,,0.8,,,,,,,1.439,,,0.6,0.0,
어묵국물,어묵국물,국 및 탕류,300ml,7,1.05,0.5,6.0,37.0,0.17,5.03,0.05,0.2,,,,,0.01,0.0,0.385,2.62,,0.08,0.0,0.01
어묵볶음,어묵볶음,볶음류,140g,197,24.33,8.41,43.0,130.0,0.69,22.18,0.49,2.5,8315.66,634.96,179.32,23.11,,9.0,4.692,14.79,0.12,0.14,0.39,
어묵볶음_채소,어묵볶음,볶음류,90g,152,17.2,6.33,33.0,175.0,0.64,17.98,0.61,2.2,5821.0,462.62,89.68,7.38,,57.0,3.055,11.4,0.6,1.16,0.0,
어묵볶음,어묵볶음,볶음류,110ml,125,15.39,7.3,35.0,118.0,0.45,13.59,0.2,0.7,,,,,0.39,23.0,0.45399999999999996,7.96,,1.28,0.0,0.4
어묵볶음_어묵,어묵볶음,볶음류,100ml,89,11.02,5.07,23.0,81.0,0.32,,,0.5,,,,,,16.0,0.312,4.6,,0.27,0.0,
어묵볶음_어묵_채소,어묵볶음,볶음류,100ml,80,9.87,4.23,21.0,77.0,0.28,,,0.5,,,,,,21.0,0.271,6.29,,1.81,0.0,
어묵볶음_채소,어묵볶음,볶음류,100ml,81,9.87,4.2,21.0,77.0,0.28,9.11,0.12,0.5,,,,,0.21,21.0,0.27,6.29,,1.78,0.0,0.32
어묵볶음,어묵볶음,볶음류,53.3ml,110,10.49,4.7,26.0,121.0,0.34,10.12,0.14,1.0,,,,,0.41,55.0,0.362,9.62,,3.55,0.0,0.57
어묵볶음_어묵_채소,어묵볶음,볶음류,100ml,78,8.9,3.65,19.0,68.0,0.25,,,0.5,,,,,,21.0,0.251,5.83,,1.91,0.0,
어묵볶음_채소,어묵볶음,볶음류,100ml,78,8.88,3.7,19.0,68.0,0.25,8.07,0.11,0.5,,,,,0.24,21.0,0.249,5.83,,1.91,0.0,0.35
어묵볶음,어묵볶음,볶음류,53.3ml,110,10.49,4.7,26.0,121.0,0.34,10.12,0.14,1.0,,,,,0.41,55.0,0.362,9.62,,3.55,0.0,0.57
어묵볶음_어묵_채소,어묵볶음,볶음류,150ml,78,9.78,3.97,20.0,81.0,0.28,,,0.6,,,,,,27.0,0.29700000000000004,5.6,,1.41,0.0,
어묵볶음_채소,어묵볶음,볶음류,150ml,79,9.77,4.0,20.0,81.0,0.28,8.83,0.12,0.6,,,,,0.22,26.0,0.29800000000000004,5.6,,1.41,0.0,0.36
어묵볶음,어묵볶음,볶음류,41.2ml,350,39.84,17.0,93.0,333.0,1.29,45.24,0.62,1.9,,,,,1.01,89.0,1.436,26.36,,2.27,0.0,1.3
어묵볶음_어묵_채소,어묵볶음,볶음류,170ml,88,10.04,4.25,22.0,92.0,0.3,,,0.7,,,,,,28.0,0.333,7.13,,2.28,0.0,
어묵볶음_채소,어묵볶음,볶음류,170ml,89,10.05,4.3,22.0,92.0,0.3,9.88,0.13,0.7,,,,,0.27,28.0,0.334,7.15,,2.11,0.0,0.45
어묵잡채,어묵잡채,볶음류,237.6ml,126,9.87,6.5,27.0,118.0,0.59,12.96,0.59,0.6,,,,,0.18,36.0,0.5509999999999999,7.07,,1.41,0.0,0.32
어묵잡채,어묵잡채,볶음류,99.6ml,128,10.14,6.7,27.0,121.0,0.6,13.2,0.6,0.6,,,,,0.19,37.0,0.565,7.24,,1.45,0.0,0.32
어묵잡채,어묵잡채,볶음류,99.6ml,128,10.14,6.7,27.0,121.0,0.6,13.2,0.6,0.6,,,,,0.19,37.0,0.565,7.24,,1.45,0.0,0.32
어묵잡채,어묵잡채,볶음류,237.6ml,126,9.87,6.5,27.0,118.0,0.59,12.96,0.59,0.6,,,,,0.18,36.0,0.5509999999999999,7.07,,1.41,0.0,0.32
어묵전,어묵전,전·적 및 부침류,63.8ml,334,35.46,15.3,60.0,155.0,1.19,22.04,0.63,0.9,,,,,0.89,63.0,0.633,33.31,,0.04,0.56,1.56
어묵전,어묵전,전·적 및 부침류,70.7ml,214,22.1,9.9,37.0,99.0,0.78,14.11,0.4,0.6,,,,,0.56,37.0,0.358,16.23,,0.03,0.21,1.01
어묵조림,어묵조림,조림류,200g,159,23.16,5.83,40.0,174.0,0.69,19.73,0.74,2.9,5362.43,421.62,79.46,7.46,,35.0,2.8199999999999994,10.0,0.47,1.07,0.0,
어묵조림,어묵조림,조림류,95ml,179,22.68,9.6,47.0,176.0,0.66,21.59,0.3,1.0,,,,,0.41,42.0,0.6719999999999999,12.22,,1.27,0.0,0.58
어묵조림_풋고추,어묵조림,조림류,82.5ml,173,21.18,9.3,40.0,154.0,0.6,21.27,0.25,0.8,,,,,0.47,24.0,0.629,11.22,,5.33,0.0,0.52
어묵조림,어묵조림,조림류,52.4ml,166,17.71,8.4,36.0,135.0,0.54,16.08,0.23,0.7,,,,,0.54,24.0,0.552,7.95,,0.22,0.0,0.88
어묵조림,어묵조림,조림류,52.4ml,166,17.71,8.4,36.0,135.0,0.54,16.08,0.23,0.7,,,,,0.54,24.0,0.552,7.95,,0.22,0.0,0.88
어묵조림,어묵조림,조림류,95ml,179,22.68,9.6,47.0,176.0,0.66,21.59,0.3,1.0,,,,,0.41,42.0,0.6719999999999999,12.22,,1.27,0.0,0.58
어묵조림_풋고추,어묵조림,조림류,82.5ml,172,21.18,9.3,40.0,154.0,0.6,21.27,0.25,0.8,,,,,0.47,24.0,0.629,11.22,,5.33,0.0,0.52
어묵탕,어묵탕,국 및 탕류,600ml,30,3.92,2.1,12.0,59.0,0.26,5.31,0.08,0.3,,,,,0.07,6.0,0.47,3.22,,0.64,0.0,0.07
어묵탕_고춧가루,어묵탕,국 및 탕류,600ml,36,4.64,2.5,14.0,63.0,0.21,6.69,0.11,0.4,,,,,0.09,9.0,0.272,4.81,,0.76,0.05,0.19
어묵탕,어묵탕,국 및 탕류,190ml,25,3.38,1.7,12.0,81.0,0.16,6.02,0.07,0.3,,,,,0.06,5.0,0.508,4.92,,0.93,0.0,0.05
어묵탕_고춧가루,어묵탕,국 및 탕류,600ml,36,4.64,2.5,14.0,63.0,0.21,6.69,0.11,0.4,,,,,0.09,9.0,0.272,4.81,,0.76,0.05,0.19
어묵탕,어묵탕,국 및 탕류,600ml,30,3.92,2.1,12.0,59.0,0.26,5.31,0.08,0.3,,,,,0.07,6.0,0.47,3.22,,0.64,0.0,0.07
어묵탕_고춧가루,어묵탕,국 및 탕류,230ml,29,4.23,1.9,13.0,99.0,0.18,8.33,0.1,0.5,,,,,0.06,9.0,0.534,5.62,,1.06,0.0,0.18
어묵탕,어묵탕,국 및 탕류,320ml,21,2.86,1.4,9.0,60.0,0.12,4.88,0.07,0.2,,,,,0.05,4.0,0.283,4.93,,0.99,0.0,0.04
어묵탕_고춧가루,어묵탕,국 및 탕류,600ml,36,4.64,2.5,14.0,63.0,0.21,6.69,0.11,0.4,,,,,0.09,9.0,0.272,4.81,,0.76,0.05,0.19
어묵튀김,어묵튀김,튀김류,94ml,180,15.34,8.5,38.0,85.0,0.64,11.11,0.34,0.3,,,,,0.59,33.0,0.29,12.82,,0.0,0.17,0.94
어묵튀김,어묵튀김,튀김류,52.1ml,179,15.75,8.4,39.0,86.0,0.62,11.1,0.34,0.3,,,,,0.6,36.0,0.323,16.79,,0.0,0.29,0.93
어묵튀김,어묵튀김,튀김류,52.1ml,179,15.75,8.4,39.0,86.0,0.62,11.1,0.34,0.3,,,,,0.6,36.0,0.323,16.79,,0.0,0.29,0.93
어묵튀김,어묵튀김,튀김류,94ml,179,15.76,8.5,39.0,86.0,0.62,11.11,0.34,0.3,,,,,0.6,36.0,0.324,16.81,,0.0,0.29,0.92
어육소시지전,어육소시지전,전·적 및 부침류,80ml,177,12.73,8.23,32.0,54.0,0.63,,,0.1,,,,,,27.0,0.738,18.48,,10.92,0.32,
어죽,어죽,죽 및 스프류,800g,69,12.6,2.55,24.0,86.0,0.0,10.98,0.27,1.1,-,156.22,34.85,3.23,,7.0,0.30100000000000005,6.87,0.0,0.0,,
어탕,어탕,국 및 탕류,150g,57,1.21,8.47,53.0,109.0,0.0,31.09,1.05,0.7,-,582.89,191.65,37.75,,10.0,0.515,13.29,0.0,0.0,,
얼갈이 겉절이,얼갈이 겉절이,채소무침류,110ml,21,3.61,1.12,74.0,143.0,0.37,,,2.1,,,,,,62.0,0.614,19.45,,8.16,0.0,
얼갈이 겉절이,얼갈이 겉절이,채소무침류,100ml,22,4.12,1.3,38.0,230.0,0.36,14.69,0.26,1.7,,,,,0.02,20.0,0.5800000000000001,24.92,,9.66,0.0,0.59
얼갈이 겉절이,얼갈이 겉절이,채소무침류,70ml,27,4.71,1.17,87.0,145.0,0.37,,,2.0,,,,,,68.0,0.602,21.87,,9.87,0.0,
얼갈이 겉절이,얼갈이 겉절이,채소무침류,130ml,25,4.09,1.14,82.0,153.0,0.34,,,2.1,,,,,,74.0,0.635,20.79,,8.97,0.0,
얼갈이 나물,얼갈이 나물,나물·숙채류,100ml,48,4.0,1.9,175.0,186.0,0.57,40.94,0.54,2.7,,,,,0.05,106.0,0.837,37.29,,17.59,0.0,0.7
얼갈이 나물,얼갈이 나물,나물·숙채류,100ml,48,3.96,1.9,173.0,187.0,0.58,40.89,0.54,2.7,,,,,0.05,106.0,0.8250000000000001,37.19,,17.63,0.0,0.7
얼갈이 된장국,얼갈이 된장국,된장국류,300ml,10,1.49,0.8,44.0,69.0,0.24,11.58,0.15,0.9,,,,,0.06,27.0,0.439,12.03,,4.82,0.0,0.13
얼갈이 된장국,얼갈이 된장국,된장국류,180ml,13,1.72,0.9,36.0,96.0,0.26,11.87,0.16,1.0,,,,,0.15,20.0,0.636,10.23,,3.57,0.0,0.14
얼갈이 된장국,얼갈이 된장국,된장국류,200ml,14,1.76,1.0,35.0,87.0,0.27,11.62,0.16,1.0,,,,,0.1,19.0,0.5730000000000001,10.58,,3.42,0.0,0.13
얼갈이 된장국,얼갈이 된장국,된장국류,320ml,11,1.56,0.9,34.0,84.0,0.21,10.6,0.17,0.9,,,,,0.05,21.0,0.514,11.04,,3.35,0.0,0.14
얼갈이배추김치,얼갈이배추김치,김치류,80g,63,10.94,1.59,57.0,189.0,0.51,18.31,0.35,1.7,1127.55,100.64,2.9,3.01,,109.0,0.125,18.13,0.0,0.04,0.0,
얼갈이배추김치,얼갈이배추김치,김치류,100g,30,4.37,1.88,125.0,201.0,0.39,,,3.3,,,,,,115.0,0.6150000000000001,,,5.36,0.0,
샌드위치_에그마요 소금빵,에그 샌드위치,빵 및 과자류,153g,259,,9.15,,,,,,,,,,,,,0.0,,,,,
샌드위치_에그쉬림프 샌드위치,에그 샌드위치,빵 및 과자류,224g,205,,7.59,,,,,,,,,,,,,0.0,,,,,
샌드위치_에그쏙텐더 샌드위치,에그 샌드위치,빵 및 과자류,325g,183,,6.77,,,,,,,,,,,,,0.0,,,,,
샌드위치_에그튜나 샌드위치,에그 샌드위치,빵 및 과자류,268g,254,,8.96,,,,,,,,,,,,,0.0,,,,,
샌드위치_제주당근에그마요 샌드위치,에그 샌드위치,빵 및 과자류,139g,261,,10.0,,,,,,,,,,,,,0.0,,,,,
샌드위치_단호박 에그 샌드위치,에그 샌드위치,빵 및 과자류,190g,186,,6.32,,,,,,,,,,,,,0.0,,,,,
샌드위치_에그마요 반미 샌드위치,에그 샌드위치,빵 및 과자류,302g,237,20.86,7.95,,,,,,,,,,,,,0.0,,,,,
샌드위치_햄에그 파니니,에그 샌드위치,빵 및 과자류,155g,304,,12.9,,,,,,,,,,,,,0.0,,,,,
샌드위치_딸기 에그 번 샌드위치,에그 샌드위치,빵 및 과자류,215g,286,,6.37,,,,,,,,,,,,,0.0,,,,,
샌드위치_에그 반미 샌드위치,에그 샌드위치,빵 및 과자류,248g,316,,8.55,,,,,,,,,,,,,0.0,,,,,
샌드위치_에그 번 샌드위치,에그 샌드위치,빵 및 과자류,200g,289,,6.95,,,,,,,,,,,,,0.0,,,,,
샌드위치_대만식 샌드위치 에그듬뿍샌드,에그 샌드위치,빵 및 과자류,80g,296,,7.5,,,,,,,,,,,,,0.0,,,,,
샌드위치_반반마요 에그 감자 샌드위치,에그 샌드위치,빵 및 과자류,285g,240,,9.12,,,,,,,,,,,,,0.0,,,,,
샌드위치_에그 마요 샌드위치,에그 샌드위치,빵 및 과자류,270g,241,,11.48,,,,,,,,,,,,,0.0,,,,,
에이드_라임 모히또,에이드,음료 및 차류,946g,52,12.79,0.0,,,,,,,,,,,,,0.0,,,,,
에이드_라임 모히또,에이드,음료 및 차류,710g,33,8.17,0.0,,,,,,,,,,,,,0.0,,,,,
에이드_레몬 에이드,에이드,음료 및 차류,946g,43,10.57,0.0,,,,,,,,,,,,,0.0,,,,,
에이드_레몬 에이드,에이드,음료 및 차류,710g,31,7.61,0.0,,,,,,,,,,,,,0.0,,,,,
에이드_유자 에이드,에이드,음료 및 차류,946g,62,11.52,0.0,,,,,,,,,,,,,0.0,,,,,
에이드_유자 에이드,에이드,음료 및 차류,710g,58,10.56,0.0,,,,,,,,,,,,,0.0,,,,,
에이드_자몽 에이드,에이드,음료 및 차류,946g,47,9.94,0.11,,,,,,,,,,,,,0.0,,,,,
에이드_자몽 에이드,에이드,음료 및 차류,710g,41,9.01,0.0,,,,,,,,,,,,,0.0,,,,,
에이드_청포도 에이드,에이드,음료 및 차류,946g,45,11.21,0.0,,,,,,,,,,,,,0.0,,,,,
에이드_청포도 에이드,에이드,음료 및 차류,710g,34,8.45,0.0,,,,,,,,,,,,,0.0,,,,,
에이드_메론소다 에이드,에이드,음료 및 차류,591g,35,,0.17,,,,,,,,,,,,,0.0,,,,,
에이드_청포도 에이드,에이드,음료 및 차류,591g,35,,0.17,,,,,,,,,,,,,0.0,,,,,
에이드_크림소다 에이드,에이드,음료 및 차류,591g,35,,0.17,,,,,,,,,,,,,0.0,,,,,
에이드_레몬 에이드,에이드,음료 및 차류,473g,25,,0.08,,,,,,,,,,,,,0.0,,,,,
에이드_샹그리아 에이드,에이드,음료 및 차류,473g,38,,0.08,,,,,,,,,,,,,0.0,,,,,
에이드_자몽 에이드,에이드,음료 및 차류,473g,39,,0.19,,,,,,,,,,,,,0.0,,,,,
에이드_청포도 에이드,에이드,음료 및 차류,473g,37,,0.08,,,,,,,,,,,,,0.0,,,,,
에이드_깔라만시 에이드,에이드,음료 및 차류,600g,36,,0.17,,,,,,,,,,,,,0.0,,,,,
에이드_딸기 에이드,에이드,음료 및 차류,612g,30,,0.33,,,,,,,,,,,,,0.0,,,,,
에이드_레모 네이드,에이드,음료 및 차류,625g,39,,0.0,,,,,,,,,,,,,0.0,,,,,
에이드_미초(석류) 에이드,에이드,음료 및 차류,650g,22,,0.15,,,,,,,,,,,,,0.0,,,,,
에이드_배 에이드,에이드,음료 및 차류,650g,45,,0.15,,,,,,,,,,,,,0.0,,,,,
에이드_복숭아 에이드,에이드,음료 및 차류,625g,39,,0.16,,,,,,,,,,,,,0.0,,,,,
에이드_삼라봉 에이드,에이드,음료 및 차류,613g,34,,0.49,,,,,,,,,,,,,0.0,,,,,
에이드_자몽 에이드,에이드,음료 및 차류,625g,41,,0.16,,,,,,,,,,,,,0.0,,,,,
에이드_청포도 에이드,에이드,음료 및 차류,600g,39,,0.0,,,,,,,,,,,,,0.0,,,,,
에이드_딸기 아사이 레모네이드 스타벅스 리프레셔,에이드,음료 및 차류,355g,30,,0.28,,,,,,,,,,,,,0.0,,,,,
에이드_딸기 스파클링 에이드,에이드,음료 및 차류,506g,33,8.5,0.0,,,,,,,,,,,,,0.0,,,,,
에이드_레드자몽 스파클링 에이드,에이드,음료 및 차류,422g,25,6.4,0.0,,,,,,,,,,,,,0.0,,,,,
에이드_샤인머스캣 스파클링 에이드,에이드,음료 및 차류,506g,39,9.88,0.0,,,,,,,,,,,,,0.0,,,,,
에이드_한라봉 스파클링 에이드,에이드,음료 및 차류,420g,39,9.05,0.0,,,,,,,,,,,,,0.0,,,,,
에이드_그린애플 스파클링 에이드,에이드,음료 및 차류,600g,40,,0.0,,,,,,,,,,,,,0.0,,,,,
에이드_레몬 스파클링 에이드,에이드,음료 및 차류,360g,37,,0.0,,,,,,,,,,,,,0.0,,,,,
에이드_오렌지 스파클링 에이드,에이드,음료 및 차류,360g,33,,0.08,,,,,,,,,,,,,0.0,,,,,
에이드_자몽 스파클링 에이드,에이드,음료 및 차류,360g,28,,0.0,,,,,,,,,,,,,0.0,,,,,
에이드_체리 레몬 에이드,에이드,음료 및 차류,360g,65,,0.0,,,,,,,,,,,,,0.0,,,,,
에이드_레몬 에이드,에이드,음료 및 차류,651g,29,,0.06,,,,,,,,,,,,,0.0,,,,,
에이드_레몬 에이드,에이드,음료 및 차류,414g,28,,0.06,,,,,,,,,,,,,0.0,,,,,
에이드_자몽 에이드,에이드,음료 및 차류,651g,31,,0.16,,,,,,,,,,,,,0.0,,,,,
에이드_자몽 에이드,에이드,음료 및 차류,414g,30,,0.16,,,,,,,,,,,,,0.0,,,,,
에이드_청포도 에이드,에이드,음료 및 차류,651g,30,,0.04,,,,,,,,,,,,,0.0,,,,,
에이드_청포도 에이드,에이드,음료 및 차류,414g,32,,0.04,,,,,,,,,,,,,0.0,,,,,
에이드_오렌지 크러쉬드 에이드,에이드,음료 및 차류,410g,31,7.57,0.17,,,,,,,,,,,,,0.0,,,,,
에이드_제주 한라봉 크러쉬드 에이드,에이드,음료 및 차류,410g,86,21.09,0.22,,,,,,,,,,,,,0.0,,,,,
에이드_복숭아 에이드,에이드,음료 및 차류,473g,41,,0.21,,,,,,,,,,,,,0.0,,,,,
에이드_복숭아 에이드,에이드,음료 및 차류,591g,37,,0.17,,,,,,,,,,,,,0.0,,,,,
에이드_샤인머스캣청포도 에이드,에이드,음료 및 차류,473g,43,,0.16,,,,,,,,,,,,,0.0,,,,,
에이드_샤인머스캣청포도 에이드,에이드,음료 및 차류,591g,39,,0.13,,,,,,,,,,,,,0.0,,,,,
에이드_선샤인청귤 에이드,에이드,음료 및 차류,495g,35,,0.15,,,,,,,,,,,,,0.0,,,,,
에이드_선샤인청귤 에이드,에이드,음료 및 차류,555g,36,,0.14,,,,,,,,,,,,,0.0,,,,,
에이드_선샤인청사과 에이드,에이드,음료 및 차류,510g,45,,0.15,,,,,,,,,,,,,0.0,,,,,
에이드_선샤인청사과 에이드,에이드,음료 및 차류,565g,45,,0.13,,,,,,,,,,,,,0.0,,,,,
에이드_레몬 스파클링,에이드,음료 및 차류,480g,44,,0.21,,,,,,,,,,,,,0.0,,,,,
에이드_레몬 스파클링,에이드,음료 및 차류,615g,42,,0.16,,,,,,,,,,,,,0.0,,,,,
에이드_자몽 스파클링,에이드,음료 및 차류,480g,42,,0.0,,,,,,,,,,,,,0.0,,,,,
에이드_자몽 스파클링,에이드,음료 및 차류,615g,39,,0.0,,,,,,,,,,,,,0.0,,,,,
에이드_청포도 스파클링,에이드,음료 및 차류,470g,46,,0.0,,,,,,,,,,,,,0.0,,,,,
에이드_청포도 스파클링,에이드,음료 및 차류,605g,46,,0.0,,,,,,,,,,,,,0.0,,,,,
에이드_레몬 에이드,에이드,음료 및 차류,501.7g,40,,0.0,,,,,,,,,,,,,0.0,,,,,
에이드_레몬 에이드,에이드,음료 및 차류,660.9g,43,,0.02,,,,,,,,,,,,,0.0,,,,,
에이드_자몽 에이드,에이드,음료 및 차류,501.7g,45,,0.12,,,,,,,,,,,,,0.0,,,,,
에이드_자몽 에이드,에이드,음료 및 차류,660.9g,49,,0.12,,,,,,,,,,,,,0.0,,,,,
에이드_청포도 에이드,에이드,음료 및 차류,488g,43,,0.0,,,,,,,,,,,,,0.0,,,,,
에이드_청포도 에이드,에이드,음료 및 차류,634g,44,,0.0,,,,,,,,,,,,,0.0,,,,,
에이드_핑크리치 에이드,에이드,음료 및 차류,501.7g,42,,0.02,,,,,,,,,,,,,0.0,,,,,
에이드_핑크리치 에이드,에이드,음료 및 차류,660.9g,44,,0.02,,,,,,,,,,,,,0.0,,,,,
에이드_복숭아 자두 스파클링,에이드,음료 및 차류,472g,38,,0.21,,,,,,,,,,,,,0.0,,,,,
에이드_자몽 파인 스파클링,에이드,음료 및 차류,472g,45,,0.21,,,,,,,,,,,,,0.0,,,,,
에이드_청포도 스파클링,에이드,음료 및 차류,472g,43,,0.21,,,,,,,,,,,,,0.0,,,,,
연근전,연근전,전·적 및 부침류,108.4ml,82,10.21,1.9,12.0,163.0,0.4,9.38,0.17,1.2,,,,,0.21,7.0,0.169,6.36,,8.82,0.06,0.5
연근전,연근전,전·적 및 부침류,161ml,82,10.31,1.9,12.0,163.0,0.4,9.4,0.17,1.2,,,,,0.21,7.0,0.169,6.35,,8.82,0.06,0.5
연근조림,연근조림,조림류,50g,174,29.42,2.68,33.0,258.0,1.54,19.56,0.46,2.6,1994.04,172.74,8.26,4.58,,0.0,0.16,13.5,0.0,5.3,0.0,
연근조림,연근조림,조림류,100g,261,60.2,2.1,23.0,100.0,5.4,,,4.3,,,,,,1.0,1.27,,,0.0,,
연근조림,연근조림,조림류,40ml,71,14.28,1.54,16.0,248.0,0.48,,,1.6,,,,,,0.0,0.42300000000000004,6.91,,12.69,0.0,
연근조림,연근조림,조림류,60ml,76,15.97,1.32,17.0,231.0,0.46,,,1.5,,,,,,0.0,0.351,5.78,,11.96,0.0,
연근조림,연근조림,조림류,40ml,185,28.37,5.0,37.0,482.0,1.04,,,3.6,,,,,,0.0,1.526,24.63,,20.81,0.0,
연근조림,연근조림,조림류,110ml,76,16.09,1.6,20.0,289.0,0.56,,,1.9,,,,,,0.0,0.417,7.08,,15.09,0.0,
연근튀김,연근튀김,튀김류,120.4ml,156,16.27,3.1,27.0,273.0,0.73,15.09,0.36,1.9,,,,,0.49,15.0,0.275,12.69,,14.43,0.13,1.07
연근튀김,연근튀김,튀김류,41.7ml,209,22.14,4.4,38.0,375.0,1.02,20.78,0.51,2.6,,,,,0.64,22.0,0.38,17.92,,19.78,0.19,1.42
연근튀김,연근튀김,튀김류,120.4ml,156,16.27,3.1,27.0,273.0,0.73,15.09,0.36,1.9,,,,,0.49,15.0,0.275,12.69,,14.43,0.13,1.07
연두부찌개,연두부찌개,찌개 및 전골류,257.8ml,42,2.59,4.8,51.0,156.0,0.69,23.19,0.53,0.8,,,,,0.18,13.0,0.5569999999999999,13.23,,4.84,0.14,0.68
연두부찜,연두부찜,찜류,158.9ml,65,3.71,5.1,34.0,222.0,0.96,33.17,0.55,1.1,,,,,0.21,12.0,0.926,15.36,,0.14,0.0,0.9
연두부찜,연두부찜,찜류,108.2ml,65,3.68,5.1,34.0,221.0,0.95,33.0,0.55,1.1,,,,,0.21,12.0,0.92,15.27,,0.14,0.0,0.88
연두부찜,연두부찜,찜류,108.2ml,76,6.35,4.6,43.0,291.0,1.32,33.08,0.56,1.2,,,,,0.18,11.0,0.873,15.42,,0.0,0.0,0.88
연두부찜,연두부찜,찜류,158.9ml,65,3.71,5.1,34.0,222.0,0.96,33.17,0.55,1.1,,,,,0.21,12.0,0.926,15.36,,0.14,0.0,0.9
연어구이,연어구이,생선구이류,100g,234,0.2,24.78,14.0,397.0,0.32,,,0.0,,,,,,,7.14,,,3.68,1.85,
연어구이,연어구이,생선구이류,86.9ml,138,0.2,16.6,20.0,269.0,0.89,23.11,0.4,0.0,,,,,0.72,14.0,6.315,16.11,,0.81,25.78,1.52
연어구이,연어구이,생선구이류,53.9ml,223,0.32,26.8,33.0,434.0,1.44,37.25,0.65,0.0,,,,,1.16,23.0,10.182,25.97,,1.3,41.56,2.45
연어구이,연어구이,생선구이류,53.9ml,223,0.32,26.8,33.0,434.0,1.44,37.25,0.65,0.0,,,,,1.16,23.0,10.182,25.97,,1.3,41.56,2.45
연어구이,연어구이,생선구이류,86.9ml,138,0.2,16.6,20.0,269.0,0.89,23.11,0.4,0.0,,,,,0.68,14.0,6.315,16.11,,0.81,25.78,1.52
연어롤,연어롤,밥류,300g,170,24.77,6.19,45.0,110.0,0.0,11.42,0.49,3.0,-,493.75,140.76,0.0,,19.0,0.974,0.0,0.0,20.01,,
연어튀김,연어튀김,튀김류,70.9ml,149,9.66,13.1,28.0,215.0,0.91,19.62,0.48,0.4,,,,,0.5,19.0,4.372,18.02,,0.55,17.55,1.18
연잎밥,연잎밥,밥류,100g,207,47.0,4.0,14.0,98.0,5.9,,,,,,,,,0.0,1.28,,,3.0,,
연포탕,연포탕,국 및 탕류,1000g,54,2.02,9.49,55.0,103.0,0.0,24.25,1.8,1.4,-,679.17,204.53,0.0,,17.0,0.527,0.0,0.0,0.54,,
열무 겉절이,열무 겉절이,채소무침류,68.8ml,25,4.78,1.6,88.0,221.0,0.98,30.66,0.24,1.3,,,,,0.07,124.0,0.453,39.03,,3.81,0.0,0.58
열무 된장국,열무 된장국,된장국류,152.5ml,20,2.09,2.1,65.0,136.0,0.69,18.35,0.26,1.0,,,,,0.07,51.0,0.28200000000000003,23.89,,1.97,0.01,0.18
열무 된장국,열무 된장국,된장국류,152.5ml,20,2.14,2.1,67.0,137.0,0.68,18.41,0.27,1.0,,,,,0.07,51.0,0.29500000000000004,24.0,,1.91,0.02,0.18
열무 된장국,열무 된장국,된장국류,320ml,20,2.04,2.1,65.0,135.0,0.69,18.19,0.26,1.0,,,,,0.07,52.0,0.276,23.85,,1.98,0.01,0.17
열무 비빔밥,열무 비빔밥,밥류,600ml,84,16.86,2.5,20.0,89.0,0.25,12.7,0.6,0.9,,,,,0.01,15.0,0.47200000000000003,14.75,,0.55,0.0,0.19
열무 비빔밥,열무 비빔밥,밥류,600ml,89,16.86,2.3,20.0,86.0,0.24,12.53,0.59,0.9,,,,,0.01,16.0,0.43399999999999994,14.71,,0.57,0.0,0.19
열무김치,열무김치,김치류,100g,36,5.87,2.39,115.0,353.0,0.65,,,2.7,,,,,,146.0,0.422,,,3.3,0.0,
열무나물,열무나물,나물·숙채류,90g,82,4.76,3.91,138.0,479.0,0.8,35.01,0.58,4.0,3017.81,254.06,17.19,1.77,,226.0,0.1,51.13,0.0,3.49,0.0,
열무나물_된장,열무나물,나물·숙채류,90g,68,4.09,3.71,128.0,388.0,0.81,33.86,0.56,4.0,3234.24,268.77,15.62,3.66,,140.0,0.2,43.59,0.0,0.33,0.0,
열무나물_된장,열무나물,나물·숙채류,120ml,30,3.61,2.2,112.0,274.0,1.3,36.59,0.33,1.6,,,,,0.1,159.0,0.53,53.87,,5.28,0.0,0.46
열무나물_간장,열무나물,나물·숙채류,42.4ml,34,5.4,2.9,151.0,386.0,1.79,50.75,0.47,2.2,,,,,0.11,216.0,0.87,70.47,,6.81,0.0,0.88
열무나물_된장,열무나물,나물·숙채류,40ml,36,3.65,2.18,105.0,248.0,1.23,,,1.5,,,,,,141.0,0.502,49.46,,5.04,0.0,
열무나물_간장,열무나물,나물·숙채류,42.4ml,34,5.4,2.9,151.0,386.0,1.79,50.75,0.47,2.2,,,,,0.11,216.0,0.87,70.47,,6.81,0.0,0.88
열무나물_된장,열무나물,나물·숙채류,40.4ml,50,4.65,3.7,171.0,409.0,2.01,56.62,0.53,2.5,,,,,0.16,228.0,0.8170000000000001,82.08,,7.74,0.0,0.62
열무나물_간장,열무나물,나물·숙채류,100ml,34,5.38,2.9,151.0,384.0,1.79,50.79,0.47,2.2,,,,,0.11,216.0,0.859,70.56,,6.83,0.0,0.85
열무나물_된장,열무나물,나물·숙채류,120ml,30,3.61,2.19,112.0,274.0,1.31,,,1.6,,,,,,159.0,0.531,53.87,,5.28,0.0,
열무물김치,열무물김치,김치류,100g,18,2.91,1.41,32.0,103.0,0.21,,,0.5,,,,,,32.0,0.15400000000000003,,,3.88,0.0,
열무얼갈이김치,열무얼갈이김치,김치류,50g,35,5.22,2.15,79.0,308.0,0.0,33.32,0.4,3.1,-,124.72,19.58,0.0,,152.0,0.792,0.0,0.0,0.0,,
영양돌솥밥,영양돌솥밥,밥류,350g,184,36.06,3.43,9.0,36.0,0.48,6.89,1.14,2.1,2814.65,266.15,58.94,2.07,,10.0,0.279,8.67,0.0,0.0,0.0,
영양돌솥밥,영양돌솥밥,밥류,350ml,119,25.29,2.43,5.0,95.0,0.56,,,0.9,,,,,,3.0,0.583,10.93,,0.64,0.0,
영양돌솥밥,영양돌솥밥,밥류,220ml,111,23.8,2.35,5.0,95.0,0.54,,,0.9,,,,,,6.0,0.658,10.97,,0.74,0.0,
영양돌솥밥,영양돌솥밥,밥류,271.4ml,114,24.87,2.4,12.0,199.0,0.57,20.33,0.55,1.6,,,,,0.02,9.0,0.699,26.74,,2.14,0.0,0.14
영양돌솥밥,영양돌솥밥,밥류,339.1ml,131,27.9,2.9,12.0,180.0,0.35,22.52,0.65,1.8,,,,,0.02,1.0,0.771,23.55,,2.07,0.0,0.27
오겹살구이_돼지고기,오겹살구이,육류 및 채소구이류,100g,408,2.72,20.18,9.0,327.0,3.48,,,0.0,,,,,,,2.981,,,0.53,0.5,
오곡밥,오곡밥,밥류,250g,156,32.93,4.78,11.0,113.0,0.0,24.68,0.8,2.5,-,429.69,75.09,1.6,,0.0,0.228,15.65,0.0,0.0,,
오곡밥,오곡밥,밥류,276ml,144,29.8,3.4,6.0,87.0,0.38,19.85,0.79,1.5,,,,,0.02,0.0,0.603,15.77,,0.14,0.0,0.21
오곡밥,오곡밥,밥류,204ml,166,34.26,4.4,8.0,142.0,0.71,30.04,0.93,2.5,,,,,0.02,0.0,0.79,19.88,,0.28,0.0,0.24
오곡밥,오곡밥,밥류,294ml,166,34.21,4.4,8.0,144.0,0.72,30.4,0.94,2.5,,,,,0.02,0.0,0.7949999999999999,20.21,,0.29,0.0,0.24
오리 간장불고기,오리 간장불고기,육류 및 채소구이류,180ml,98,6.16,12.6,15.0,242.0,1.66,20.29,1.21,0.6,,,,,0.03,20.0,3.2960000000000003,8.98,,1.49,0.72,0.23
오리감자죽,오리감자죽,죽 및 스프류,302ml,97,15.11,3.7,6.0,135.0,0.5,13.51,0.61,1.1,,,,,0.01,17.0,0.9279999999999999,9.87,,2.28,0.13,0.21
오리고기구이,오리고기구이,육류 및 채소구이류,200g,293,4.89,24.06,8.0,335.0,2.74,24.93,2.56,2.2,22658.91,1878.33,657.0,63.89,,30.0,3.3899999999999997,3.35,2.59,0.0,0.0,
오리고기로스,오리고기로스,육류 및 채소구이류,330ml,174,0.5,11.76,12.0,162.0,1.13,,,0.1,,,,,,25.0,2.3970000000000002,4.96,,0.42,1.38,
오리고기로스,오리고기로스,육류 및 채소구이류,42.7ml,169,0.78,29.7,21.0,446.0,3.82,34.59,2.76,0.3,,,,,0.06,16.0,7.686999999999999,7.2,,0.63,1.83,0.43
오리고기로스,오리고기로스,육류 및 채소구이류,42.7ml,169,0.78,29.7,21.0,446.0,3.82,34.59,2.76,0.3,,,,,0.06,16.0,7.686999999999999,7.2,,0.63,1.83,0.43
오리고기로스,오리고기로스,육류 및 채소구이류,42.7ml,169,0.78,29.7,21.0,446.0,3.82,34.59,2.76,0.3,,,,,0.06,16.0,7.686999999999999,7.2,,0.63,1.83,0.43
오리백숙,오리백숙,찌개 및 전골류,300g,112,0.5,10.59,12.0,136.0,1.19,10.94,1.11,1.1,10519.89,865.1,276.01,30.82,,16.0,11.66,14.33,1.42,0.74,0.3,
오리백숙,오리백숙,찌개 및 전골류,810ml,124,5.57,7.36,8.0,123.0,0.82,,,0.3,,,,,,14.0,1.5130000000000001,7.04,,0.66,0.8,
오리백숙,오리백숙,찌개 및 전골류,270.6ml,151,13.4,7.5,11.0,128.0,1.23,13.55,1.11,0.7,,,,,0.07,13.0,1.5650000000000002,8.35,,0.86,0.73,0.22
오리볶음,오리볶음,볶음류,420ml,171,7.3,10.47,20.0,247.0,1.22,,,1.5,,,,,,51.0,2.494,16.36,,1.93,1.12,
오리불고기,오리불고기,육류 및 채소구이류,250g,145,9.05,6.75,14.0,302.0,0.95,20.42,0.72,3.6,6063.16,491.59,98.82,13.3,,67.0,11.072,26.05,0.4,2.62,0.0,
오리불고기,오리불고기,육류 및 채소구이류,127.3ml,130,9.62,14.3,17.0,304.0,1.95,23.84,1.45,1.1,,,,,0.04,32.0,3.759,11.01,,2.35,0.83,0.51
오리불고기,오리불고기,육류 및 채소구이류,150ml,75,5.92,9.2,11.0,197.0,1.26,,,0.8,,,,,,31.0,2.579,8.8,,1.21,0.53,
오리불고기,오리불고기,육류 및 채소구이류,260ml,81,7.36,9.62,13.0,214.0,1.31,,,1.0,,,,,,33.0,2.654,10.25,,2.28,0.55,
오리죽,오리죽,죽 및 스프류,400g,155,19.95,7.5,11.0,85.0,0.8,9.37,1.6,1.7,6934.33,555.38,149.49,7.36,,13.0,6.605,8.85,0.67,0.11,0.0,
오리탕,오리탕,찌개 및 전골류,600g,121,6.08,9.5,32.0,297.0,1.25,24.21,0.98,2.5,9058.39,720.96,189.38,19.63,,14.0,11.334,23.04,1.02,1.04,0.0,
오리탕,오리탕,찌개 및 전골류,840ml,104,3.71,6.68,20.0,187.0,0.87,,,1.3,,,,,,32.0,1.634,13.95,,2.16,0.67,
오리탕,오리탕,찌개 및 전골류,237ml,79,7.73,3.9,8.0,95.0,0.5,8.51,0.55,0.5,,,,,0.03,6.0,0.837,6.57,,0.95,0.35,0.14
오리탕,오리탕,찌개 및 전골류,237ml,79,7.73,3.9,8.0,95.0,0.5,8.51,0.55,0.5,,,,,0.03,6.0,0.837,6.57,,0.95,0.35,0.14
오리탕,오리탕,찌개 및 전골류,155.4ml,169,16.57,8.3,17.0,204.0,1.07,18.25,1.19,1.2,,,,,0.07,14.0,1.793,14.05,,2.02,0.76,0.29
오므라이스_수플레 오믈렛 라이스,오므라이스,밥류,243g,167,,4.94,,,,,,,,,,,,,0.0,,,,,
오므라이스,오므라이스,밥류,400g,173,20.54,6.5,19.0,163.0,0.84,12.24,0.92,2.4,6321.79,533.78,170.92,17.41,,64.0,1.124,53.35,0.39,67.24,0.0,
오므라이스,오므라이스,밥류,450ml,117,17.22,3.64,12.0,87.0,0.5,,,0.8,,,,,,35.0,0.48,16.97,,1.75,0.26,
오므라이스,오므라이스,밥류,374.5ml,106,18.49,2.9,9.0,73.0,0.31,10.11,0.54,0.9,,,,,0.07,30.0,0.40900000000000003,11.76,,0.89,0.09,0.35
오므라이스,오므라이스,밥류,374.5ml,106,18.49,2.9,9.0,73.0,0.31,10.11,0.54,0.9,,,,,0.07,30.0,0.40900000000000003,11.76,,0.89,0.09,0.35
오므라이스,오므라이스,밥류,531.4ml,107,18.69,2.9,10.0,72.0,0.31,10.19,0.54,0.9,,,,,0.07,30.0,0.40800000000000003,11.68,,0.86,0.09,0.35
오믈렛,오믈렛,전·적 및 부침류,198ml,78,1.33,4.5,15.0,69.0,0.56,5.26,0.44,0.2,,,,,0.2,50.0,0.437,16.56,,4.48,0.31,0.65
오믈렛,오믈렛,전·적 및 부침류,50.5ml,171,2.46,13.6,45.0,167.0,1.71,16.49,1.18,0.2,,,,,0.31,79.0,1.252,47.33,,9.52,0.76,1.51
오믈렛,오믈렛,전·적 및 부침류,140ml,88,2.77,6.3,29.0,92.0,0.9,8.43,0.6,0.3,,,,,0.18,69.0,0.579,36.96,,2.16,0.75,0.78
오미자차_문경오미자티 아이스,오미자차,음료 및 차류,650g,39,9.15,0.0,,,,,,,,,,,,,0.0,,,,,
오미자차_문경오미자티 핫,오미자차,음료 및 차류,500g,39,9.15,0.0,,,,,,,,,,,,,0.0,,,,,
오미자차_문경오미자차,오미자차,음료 및 차류,100g,27,,0.29,,,,,,,,,,,,,0.0,,,,,
오미자차_감귤 오미자차 핫,오미자차,음료 및 차류,360g,44,,0.03,,,,,,,,,,,,,0.0,,,,,
오미자차_감귤 오미자차 아이스,오미자차,음료 및 차류,360g,44,,0.03,,,,,,,,,,,,,0.0,,,,,
오븐스파게티,오븐스파게티,면 및 만두류,700ml,122,16.77,5.6,71.0,124.0,0.58,15.79,0.69,1.2,,,,,0.04,32.0,0.994,13.17,,1.96,0.0,0.55
오이 도라지 생채,오이 도라지 생채,채소무침류,130ml,41,8.78,1.3,20.0,184.0,0.3,15.24,0.34,2.0,,,,,0.02,27.0,0.489,19.96,,4.83,0.0,0.77
오이 도라지 생채,오이 도라지 생채,채소무침류,50ml,40,8.9,1.1,18.0,148.0,0.25,13.43,0.27,1.5,,,,,0.01,22.0,0.367,15.33,,4.47,0.0,0.51
오이 도라지 생채,오이 도라지 생채,채소무침류,70ml,42,9.31,1.3,20.0,179.0,0.3,15.82,0.32,1.9,,,,,0.02,26.0,0.452,18.02,,5.41,0.0,0.67
오이 도라지 생채,오이 도라지 생채,채소무침류,130ml,41,8.78,1.3,20.0,184.0,0.3,15.24,0.34,2.0,,,,,0.02,27.0,0.489,19.96,,4.83,0.0,0.77
오이 물김치,오이 물김치,김치류,100ml,51,8.73,2.9,79.0,340.0,0.82,39.34,0.52,2.6,,,,,0.04,30.0,0.829,20.59,,11.49,0.0,1.22
오이 미역냉국,오이 미역냉국,국 및 탕류,270ml,13,2.91,0.7,20.0,124.0,0.2,17.17,0.11,0.8,,,,,0.01,8.0,0.173,9.23,,2.78,0.0,0.1
오이고추 된장무침,오이고추 된장무침,채소무침류,50ml,32,5.18,1.4,13.0,135.0,0.33,12.07,0.19,1.8,,,,,0.04,15.0,0.595,9.23,,27.91,0.0,0.21
오이고추 된장무침,오이고추 된장무침,채소무침류,50ml,32,5.18,1.4,13.0,135.0,0.33,12.07,0.19,1.8,,,,,0.04,15.0,0.595,9.23,,27.91,0.0,0.21
오이고추 된장무침,오이고추 된장무침,채소무침류,50ml,32,5.18,1.4,13.0,135.0,0.33,12.07,0.19,1.8,,,,,0.04,15.0,0.595,9.23,,27.91,0.0,0.21
오이고추 된장무침,오이고추 된장무침,채소무침류,50ml,32,5.18,1.4,13.0,135.0,0.33,12.07,0.19,1.8,,,,,0.04,15.0,0.595,9.23,,27.91,0.0,0.21
오이김치,오이김치,김치류,70g,38,5.64,2.06,35.0,373.0,0.6,31.1,0.36,3.2,1580.16,101.93,15.07,4.99,,38.0,0.5,16.66,0.0,1.17,0.0,
오이김치,오이김치,김치류,100ml,39,7.83,2.5,39.0,313.0,0.81,28.95,0.42,2.2,,,,,0.04,21.0,0.548,22.83,,13.54,0.0,0.75
오이김치,오이김치,김치류,44.3ml,39,7.77,2.6,38.0,313.0,0.8,28.82,0.41,2.2,,,,,0.04,22.0,0.542,22.75,,13.54,0.0,0.73
오이김치,오이김치,김치류,44.3ml,39,7.76,2.5,39.0,312.0,0.81,28.82,0.41,2.2,,,,,0.04,21.0,0.542,22.72,,13.54,0.0,0.73
오이김치,오이김치,김치류,100ml,39,7.83,2.5,39.0,313.0,0.81,28.95,0.42,2.2,,,,,0.04,21.0,0.548,22.83,,13.54,0.0,0.75
오이나물,오이나물,나물·숙채류,108.1ml,73,2.96,1.3,22.0,153.0,0.27,14.04,0.27,0.7,,,,,0.32,5.0,0.18,10.68,,7.64,0.0,0.57
오이나물,오이나물,나물·숙채류,55.8ml,73,2.94,1.3,22.0,153.0,0.27,13.92,0.26,0.7,,,,,0.32,5.0,0.177,10.57,,7.63,0.0,0.58
오이나물,오이나물,나물·숙채류,108.1ml,73,2.96,1.3,22.0,153.0,0.27,14.04,0.27,0.7,,,,,0.32,5.0,0.18,10.68,,7.64,0.0,0.57
오이냉국,오이냉국,국 및 탕류,100g,19,3.92,0.5,16.0,68.0,0.09,,,0.3,,,,,,,0.26599999999999996,,,0.0,0.0,
오이냉국,오이냉국,국 및 탕류,156.1ml,6,0.62,0.3,4.0,40.0,0.05,5.11,0.05,0.1,,,,,0.0,1.0,0.035,2.42,,1.84,0.0,0.02
오이냉국_미역,오이냉국,국 및 탕류,134.4ml,7,1.32,0.7,18.0,115.0,0.18,16.26,0.11,0.6,,,,,0.01,4.0,0.129,8.37,,2.65,0.0,0.02
오이냉국_미역,오이냉국,국 및 탕류,134.4ml,7,1.32,0.7,18.0,115.0,0.18,16.26,0.11,0.6,,,,,0.01,4.0,0.129,8.37,,2.65,0.0,0.02
오이냉국,오이냉국,국 및 탕류,160ml,17,3.59,0.57,10.0,77.0,0.13,,,0.4,,,,,,7.0,0.22,5.15,,5.03,0.0,
오이모듬무침,오이모듬무침,채소무침류,70ml,34,6.89,1.4,23.0,192.0,0.29,15.1,0.25,1.5,,,,,0.02,26.0,0.40299999999999997,12.3,,7.24,0.0,0.55
오이무침_부추,오이무침,채소무침류,100g,31,5.01,1.95,29.0,335.0,0.39,27.76,0.29,2.5,1562.03,103.14,20.04,5.89,,29.0,1.0,11.86,0.0,2.1,0.0,
오이무침,오이무침,채소무침류,108.2ml,35,5.44,1.3,20.0,193.0,0.3,15.12,0.27,1.2,,,,,0.02,13.0,0.309,10.86,,8.49,0.0,0.47
오이무침,오이무침,채소무침류,46.6ml,60,8.13,1.8,28.0,230.0,0.42,22.03,0.35,1.6,,,,,0.03,36.0,0.472,12.72,,8.65,0.0,0.69
오이무침_양파,오이무침,채소무침류,50ml,26,5.26,1.1,16.0,149.0,0.23,12.2,0.2,1.0,,,,,0.01,14.0,0.279,8.71,,5.99,0.0,0.37
오이무침_달래,오이무침,채소무침류,50ml,36,6.7,1.2,20.0,164.0,0.52,15.5,0.24,1.4,,,,,0.02,29.0,0.423,9.67,,4.93,0.0,0.58
오이무침_양파,오이무침,채소무침류,60ml,33,6.65,1.3,17.0,192.0,0.3,14.73,0.25,1.6,,,,,0.02,22.0,0.417,10.31,,6.61,0.0,0.69
오이무침_달래,오이무침,채소무침류,70ml,28,5.72,1.2,18.0,162.0,0.47,14.48,0.23,1.2,,,,,0.02,27.0,0.377,9.65,,5.51,0.0,0.44
오이무침,오이무침,채소무침류,108.2ml,35,5.44,1.3,20.0,193.0,0.3,15.12,0.27,1.2,,,,,0.02,13.0,0.309,10.86,,8.49,0.0,0.47
오이부추무침,오이부추무침,채소무침류,50ml,26,5.68,0.9,11.0,111.0,0.47,10.06,0.16,1.3,,,,,0.02,24.0,0.369,9.73,,3.31,0.0,0.56
오이생채,오이생채,채소무침류,50g,69,8.96,1.78,31.0,254.0,0.46,22.62,0.34,1.7,1475.72,98.78,14.56,9.8,,25.0,0.7,21.36,0.0,0.58,0.0,
오이생채,오이생채,채소무침류,100g,50,7.97,1.44,58.0,231.0,0.46,,,2.1,,,,,,,1.562,,,0.37,0.0,
오이생채_오이만,오이생채,채소무침류,100g,51,6.56,1.61,62.0,268.0,0.46,,,1.7,,,,,,,1.689,,,0.49,0.0,
오이생채_부추,오이생채,채소무침류,50ml,17,3.47,0.9,12.0,123.0,0.43,10.78,0.17,1.2,,,,,0.02,15.0,0.317,10.26,,4.81,0.0,0.46
오이생채_양파,오이생채,채소무침류,100ml,24,4.58,1.3,19.0,191.0,0.26,14.46,0.25,1.1,,,,,0.01,12.0,0.256,10.4,,8.87,0.0,0.3
오이생채_고추장,오이생채,채소무침류,85ml,23,4.39,0.9,13.0,131.0,0.25,10.41,0.18,1.0,,,,,0.01,17.0,0.28200000000000003,7.57,,4.72,0.0,0.43
오이생채_부추,오이생채,채소무침류,60ml,24,4.32,1.0,14.0,128.0,0.38,11.96,0.18,1.1,,,,,0.03,14.0,0.312,9.92,,5.0,0.0,0.4
오이생채_오이,오이생채,채소무침류,50ml,26,5.27,1.1,16.0,149.0,0.23,,,1.0,,,,,,14.0,0.279,8.71,,5.99,0.0,
오이생채_오이_달래,오이생채,채소무침류,50ml,36,6.7,1.22,20.0,165.0,0.52,,,1.4,,,,,,29.0,0.421,9.67,,4.9,0.0,
오이생채_오이_부추,오이생채,채소무침류,60ml,23,4.32,1.04,14.0,128.0,0.38,,,1.1,,,,,,14.0,0.312,10.07,,5.0,0.0,
오이생채_고추장,오이생채,채소무침류,40ml,31,6.38,1.3,18.0,182.0,0.28,15.0,0.25,1.2,,,,,0.01,27.0,0.329,10.31,,7.14,0.0,0.41
오이생채_부추,오이생채,채소무침류,40ml,48,8.94,2.1,29.0,262.0,0.84,23.53,0.38,2.5,,,,,0.04,33.0,0.6849999999999999,21.26,,9.8,0.0,0.94
오이생채_오이,오이생채,채소무침류,60ml,32,6.66,1.32,17.0,192.0,0.3,,,1.6,,,,,,22.0,0.417,10.31,,6.61,0.0,
오이생채_오이_달래,오이생채,채소무침류,70ml,28,5.72,1.22,18.0,163.0,0.46,,,1.2,,,,,,27.0,0.375,9.6,,5.48,0.0,
오이생채_오이_부추,오이생채,채소무침류,40ml,48,8.93,2.13,29.0,263.0,0.85,,,2.5,,,,,,33.0,0.6849999999999999,21.42,,9.8,0.0,
오이생채_부추,오이생채,채소무침류,90ml,37,6.38,1.7,22.0,213.0,0.79,18.57,0.3,2.2,,,,,0.04,25.0,0.595,18.76,,7.74,0.0,0.87
오이생채_양파,오이생채,채소무침류,130ml,30,6.21,1.2,16.0,184.0,0.28,13.95,0.24,1.4,,,,,0.02,19.0,0.369,9.75,,6.83,0.0,0.59
오이생채_오이,오이생채,채소무침류,130ml,30,6.21,1.24,16.0,184.0,0.28,,,1.4,,,,,,19.0,0.369,9.75,,6.83,0.0,
오이생채_오이_부추,오이생채,채소무침류,90ml,36,6.4,1.72,22.0,213.0,0.79,,,2.2,,,,,,25.0,0.598,18.88,,7.75,0.0,
오이생채_고추장,오이생채,채소무침류,85ml,23,4.39,0.9,13.0,131.0,0.25,10.41,0.18,1.0,,,,,0.01,17.0,0.28200000000000003,7.57,,4.72,0.0,0.43
오이소박이,오이소박이,김치류,100g,37,6.66,1.76,29.0,283.0,0.57,,,3.1,,,,,,56.0,0.512,,,0.89,0.0,
오이소박이,오이소박이,김치류,100g,37,5.92,1.93,37.0,308.0,0.55,,,2.0,,,,,,,0.249,,,0.2,0.0,
오이소박이,오이소박이,김치류,100ml,39,7.61,2.7,43.0,354.0,1.11,33.08,0.47,3.3,,,,,0.06,37.0,0.876,27.19,,12.52,0.0,1.46
오이장아찌,오이장아찌,장아찌·절임류,50g,14,2.54,0.36,21.0,18.0,0.38,3.2,0.14,2.3,296.0,26.66,1.46,0.12,,0.0,0.16,1.3,0.0,0.26,0.0,
오이장아찌,오이장아찌,장아찌·절임류,57.9ml,71,7.71,1.9,40.0,144.0,0.74,23.42,0.32,1.2,,,,,0.03,2.0,0.46599999999999997,11.44,,4.09,0.0,0.24
오이장아찌,오이장아찌,장아찌·절임류,57.9ml,71,7.71,1.9,40.0,144.0,0.74,23.42,0.32,1.2,,,,,0.03,2.0,0.46599999999999997,11.44,,4.09,0.0,0.24
오이지,오이지,장아찌·절임류,50g,21,2.84,0.74,22.0,163.0,0.3,85.92,0.08,2.5,617.0,45.58,1.54,34.98,,8.0,1.24,6.46,0.0,0.18,0.0,
오이지,오이지,장아찌·절임류,100g,29,2.52,0.82,60.0,195.0,0.72,,,2.1,,,,,,,0.227,,,0.0,0.0,
오이지무침,오이지무침,채소무침류,100g,52,4.21,0.96,55.0,100.0,0.64,20.79,0.28,3.6,766.7,60.52,11.38,4.05,,3.0,0.47,4.67,0.0,0.18,0.0,
오이지무침,오이지무침,채소무침류,22.5ml,189,15.13,2.3,53.0,243.0,1.0,19.0,0.62,3.7,,,,,0.14,32.0,0.791,18.31,,1.74,0.0,2.18
오이지무침_고추,오이지무침,채소무침류,50ml,28,4.46,1.0,28.0,151.0,0.42,33.45,0.25,1.4,,,,,0.05,16.0,0.33899999999999997,7.02,,3.73,0.0,0.65
오이지무침,오이지무침,채소무침류,50ml,23,3.21,0.59,24.0,56.0,0.28,,,1.0,,,,,,7.0,0.16999999999999998,2.5,,0.17,0.0,
오이지무침,오이지무침,채소무침류,70ml,45,8.12,1.1,37.0,127.0,0.48,10.02,0.35,2.2,,,,,0.05,22.0,0.45899999999999996,5.07,,0.09,0.0,0.91
오이지무침,오이지무침,채소무침류,100ml,28,4.3,0.76,26.0,84.0,0.33,,,1.4,,,,,,12.0,0.268,3.81,,0.21,0.0,
오징어 덮밥_채소,오징어 덮밥,밥류,900ml,91,14.49,5.1,10.0,142.0,0.18,16.06,0.58,1.1,,,,,0.2,20.0,0.28300000000000003,9.55,,1.67,1.16,0.49
오징어 덮밥,오징어 덮밥,밥류,420ml,94,17.35,4.4,5.0,107.0,0.13,15.42,0.59,0.8,,,,,0.13,19.0,0.371,7.64,,2.18,0.92,0.29
오징어 덮밥_채소,오징어 덮밥,밥류,900ml,93,15.02,5.2,11.0,142.0,0.31,16.11,0.58,1.2,,,,,0.2,20.0,0.373,8.94,,1.6,1.16,0.46
오징어 덮밥,오징어 덮밥,밥류,708.2ml,65,11.88,3.3,5.0,93.0,0.23,11.55,0.43,0.4,,,,,0.1,13.0,0.273,4.82,,1.57,0.72,0.12
오징어 덮밥_채소,오징어 덮밥,밥류,900ml,91,14.49,5.1,10.0,142.0,0.18,16.06,0.58,1.1,,,,,0.2,20.0,0.28300000000000003,9.55,,1.67,1.16,0.49
오징어국,오징어국,국 및 탕류,500g,18,0.73,2.22,5.0,82.0,0.05,7.92,0.12,0.3,1463.87,127.95,12.5,4.51,,2.0,0.8079999999999999,3.12,0.11,0.0,0.0,
오징어국,오징어국,국 및 탕류,300ml,24,1.53,3.7,8.0,138.0,0.17,14.16,0.33,0.5,,,,,0.15,7.0,0.403,7.53,,1.04,1.05,0.3
오징어국,오징어국,국 및 탕류,190ml,22,1.41,3.39,9.0,125.0,0.15,,,0.4,,,,,,5.0,0.371,8.25,,1.34,0.95,
오징어국,오징어국,국 및 탕류,220ml,24,1.63,3.6,9.0,140.0,0.16,,,0.6,,,,,,6.0,0.41800000000000004,7.82,,1.32,0.99,
오징어국,오징어국,국 및 탕류,300ml,25,1.6,3.71,8.0,137.0,0.17,,,0.5,,,,,,7.0,0.41400000000000003,7.55,,1.06,1.05,
오징어무침_채소,오징어무침,무침류,240g,62,7.6,5.85,16.0,212.0,0.73,21.22,0.63,2.3,5398.53,454.69,136.0,9.19,,18.0,1.282,15.16,1.09,1.08,0.0,
오징어무침_채소,오징어무침,무침류,85ml,59,4.88,7.7,14.0,218.0,0.22,24.94,0.65,0.9,,,,,0.31,24.0,0.267,11.08,,2.11,2.27,0.48
오징어무침,오징어무침,무침류,70.4ml,83,8.03,9.7,28.0,363.0,0.36,36.32,0.91,1.6,,,,,0.39,64.0,0.5,25.59,,4.59,2.81,0.86
오징어무침_채소,오징어무침,무침류,80ml,63,7.25,6.91,15.0,217.0,0.26,,,1.1,,,,,,33.0,0.348,11.8,,3.02,1.97,
오징어무침_미나리,오징어무침,무침류,49.7ml,107,10.98,13.0,26.0,400.0,0.43,43.97,1.13,2.0,,,,,0.52,48.0,0.635,22.75,,2.22,3.77,1.11
오징어무침,오징어무침,무침류,70.4ml,82,7.68,9.7,28.0,366.0,0.37,36.32,0.91,1.4,,,,,0.39,64.0,0.426,25.59,,4.13,2.81,0.86
오징어무침_채소,오징어무침,무침류,190ml,48,4.92,5.91,11.0,175.0,0.19,,,0.8,,,,,,24.0,0.255,8.69,,2.14,1.72,
오징어무침_미나리,오징어무침,무침류,49.7ml,107,10.98,13.0,26.0,400.0,0.43,43.97,1.13,2.0,,,,,0.52,48.0,0.635,22.75,,2.22,3.77,1.11
오징어무침,오징어무침,무침류,150ml,96,9.33,11.1,32.0,418.0,0.42,41.72,1.04,1.9,,,,,0.45,74.0,0.581,29.4,,5.25,3.22,1.0
오징어무침_채소,오징어무침,무침류,260ml,51,5.8,5.49,13.0,194.0,0.23,,,1.1,,,,,,27.0,0.339,10.49,,2.69,1.53,
오징어미역초무침,오징어미역초무침,무침류,33.3ml,87,5.24,15.0,102.0,772.0,1.05,113.56,1.36,3.6,,,,,0.56,31.0,0.789,49.82,,3.87,4.02,0.75
오징어볶음,오징어볶음,볶음류,200g,128,7.43,9.85,33.0,278.0,0.53,33.19,0.73,4.0,6395.89,523.37,113.72,18.97,,52.0,2.075,18.12,1.42,8.98,0.0,
오징어볶음,오징어볶음,볶음류,100g,120,9.84,10.28,31.0,275.0,0.35,,,2.0,,,,,,,10.680000000000001,,,0.08,0.0,
오징어볶음,오징어볶음,볶음류,330ml,88,7.25,10.1,18.0,308.0,0.38,33.9,0.85,1.7,,,,,0.46,43.0,0.508,15.25,,2.82,2.89,1.05
오징어볶음_채소,오징어볶음,볶음류,330ml,88,7.23,10.06,18.0,307.0,0.38,,,1.7,,,,,,43.0,0.513,15.23,,2.82,2.89,
오징어볶음,오징어볶음,볶음류,130ml,81,8.08,7.9,12.0,206.0,0.22,24.48,0.66,0.9,,,,,0.37,28.0,0.28600000000000003,9.82,,1.89,2.28,0.54
오징어볶음_채소,오징어볶음,볶음류,130ml,81,8.08,7.84,12.0,205.0,0.23,,,0.9,,,,,,28.0,0.319,9.87,,1.89,2.27,
오징어볶음,오징어볶음,볶음류,250ml,77,8.19,8.2,13.0,215.0,0.22,25.5,0.68,0.9,,,,,0.35,29.0,0.304,9.91,,2.12,2.36,0.5
오징어볶음_채소,오징어볶음,볶음류,250ml,77,8.19,8.2,13.0,215.0,0.22,,,0.9,,,,,,29.0,0.304,9.91,,2.13,2.36,
오징어볶음,오징어볶음,볶음류,270ml,82,7.65,8.5,16.0,253.0,0.28,27.49,0.7,1.3,,,,,0.4,30.0,0.424,11.62,,3.28,2.42,0.76
오징어볶음_채소,오징어볶음,볶음류,270ml,82,7.65,8.49,16.0,253.0,0.28,,,1.3,,,,,,30.0,0.425,11.61,,3.28,2.42,
오징어불고기,오징어불고기,생선구이류,231.8ml,123,7.2,16.4,23.0,399.0,0.5,49.4,1.36,1.3,,,,,0.67,26.0,0.447,20.8,,1.26,4.88,0.67
오징어불고기,오징어불고기,생선구이류,231.8ml,123,7.2,16.4,23.0,399.0,0.5,49.4,1.36,1.3,,,,,0.67,26.0,0.447,20.8,,1.26,4.88,0.67
오징어불고기,오징어불고기,생선구이류,231.8ml,123,7.35,16.4,27.0,397.0,0.49,49.57,1.37,1.3,,,,,0.67,24.0,0.48,21.11,,1.11,4.88,0.67
오징어산적,오징어산적,전·적 및 부침류,80g,127,4.5,21.72,20.0,292.0,0.0,60.7,1.68,1.1,-,1557.54,517.45,66.01,,11.0,1.718,5.49,0.0,0.0,,
오징어순대,오징어순대,찜류,350g,133,16.66,13.06,22.0,199.0,0.0,36.81,1.27,1.3,-,906.27,293.38,34.2,,28.0,0.014,13.68,0.0,0.0,,
오징어순대,오징어순대,찜류,250ml,43,1.44,6.7,16.0,142.0,0.45,25.47,0.58,0.8,,,,,0.28,4.0,0.15500000000000003,10.9,,1.08,1.69,0.23
오징어젓_양념,오징어젓,젓갈류,10g,60,3.4,10.1,28.0,233.0,0.3,61.5,0.9,1.6,9220,711.5,232.4,27.2,,29.0,2.5,22.7,2.3,6.9,0.0,
오징어조림,오징어조림,조림류,150g,137,12.45,16.55,27.0,275.0,0.64,49.97,1.71,2.9,18809.83,1572.4,546.02,31.33,,17.0,3.29,30.16,3.19,1.74,0.0,
오징어조림,오징어조림,조림류,153.7ml,61,5.48,8.2,12.0,249.0,0.25,25.23,0.72,0.8,,,,,0.31,6.0,0.32699999999999996,15.37,,2.67,2.35,0.39
오징어조림,오징어조림,조림류,123.7ml,66,6.07,8.3,15.0,262.0,0.27,26.61,0.75,0.7,,,,,0.32,8.0,0.351,16.92,,3.3,2.39,0.49
오징어조림,오징어조림,조림류,153.7ml,61,5.48,8.2,12.0,249.0,0.25,25.23,0.72,0.8,,,,,0.31,6.0,0.32699999999999996,15.37,,2.67,2.35,0.39
오징어찌개,오징어찌개,찌개 및 전골류,250g,34,4.77,3.3,17.0,197.0,0.29,17.01,0.43,1.3,2962.01,253.98,27.05,0.18,,18.0,2.008,36.64,1.26,1.04,0.0,
오징어찌개,오징어찌개,찌개 및 전골류,348.9ml,27,2.53,3.6,8.0,123.0,0.11,14.7,0.34,0.4,,,,,0.14,9.0,0.172,7.43,,0.92,1.04,0.25
오징어찌개,오징어찌개,찌개 및 전골류,323.8ml,25,1.86,3.1,9.0,89.0,0.19,13.82,0.31,0.5,,,,,0.13,7.0,0.124,6.22,,0.73,0.72,0.22
오징어찌개,오징어찌개,찌개 및 전골류,348.9ml,27,2.37,3.6,7.0,124.0,0.13,14.64,0.33,0.5,,,,,0.14,10.0,0.158,7.3,,1.06,1.04,0.24
오징어찜,오징어찜,찜류,166.1ml,56,2.61,8.5,31.0,207.0,0.76,33.13,1.43,0.9,,,,,0.34,9.0,0.5840000000000001,23.12,,1.1,2.18,0.52
오징어채무침,오징어채무침,무침류,80g,258,28.41,23.6,35.0,156.0,0.61,45.44,2.26,6.7,23955.91,1868.73,605.45,45.34,,34.0,2.856,16.46,2.58,1.98,0.0,
오징어채무침,오징어채무침,무침류,85ml,118,9.78,14.2,27.0,208.0,0.84,25.0,0.75,0.9,,,,,0.29,33.0,0.783,6.41,,1.63,4.35,0.76
오징어채무침,오징어채무침,무침류,14.6ml,355,19.55,47.5,190.0,594.0,2.23,133.41,3.75,1.0,,,,,2.63,40.0,6.224,13.12,,0.25,15.32,1.74
오징어채무침,오징어채무침,무침류,14.6ml,355,19.55,47.5,190.0,594.0,2.23,133.41,3.75,1.0,,,,,2.63,40.0,6.224,13.12,,0.25,15.32,1.74
오징어채무침,오징어채무침,무침류,85ml,118,9.78,14.2,27.0,208.0,0.84,25.0,0.75,0.9,,,,,0.29,33.0,0.783,6.41,,1.63,4.35,0.76
오징어채무침_채소,오징어채무침,무침류,90ml,113,13.52,11.61,34.0,306.0,0.88,,,2.5,,,,,,48.0,0.9299999999999999,15.45,,8.13,3.24,
오징어채볶음,오징어채볶음,볶음류,100g,275,29.77,22.04,23.0,265.0,0.57,,,1.6,,,,,,,4.9719999999999995,,,0.2,0.0,
오징어채볶음,오징어채볶음,볶음류,70ml,164,6.56,25.48,18.0,263.0,1.28,,,0.3,,,,,,9.0,0.711,2.48,,0.07,8.11,
오징어채볶음,오징어채볶음,볶음류,70ml,163,10.13,16.1,20.0,195.0,0.92,21.75,0.77,0.5,,,,,0.5,20.0,0.595,4.2,,0.59,4.95,1.1
오징어채볶음,오징어채볶음,볶음류,150ml,54,3.43,6.23,6.0,76.0,0.34,,,0.2,,,,,,8.0,0.22699999999999998,1.11,,0.07,1.95,
오징어채볶음,오징어채볶음,볶음류,100ml,133,5.45,14.6,23.0,175.0,0.79,22.71,0.77,0.4,,,,,0.58,9.0,0.795,4.14,,0.85,4.58,0.9
오징어채조림,오징어채조림,조림류,50g,240,25.36,23.52,47.0,143.0,0.62,42.26,2.24,5.8,22417.08,1920.98,602.16,43.08,,22.0,2.7199999999999998,16.98,2.3,1.98,0.0,
오징어탕수,오징어탕수,튀김류,191.8ml,158,13.13,8.3,18.0,184.0,0.41,21.41,0.7,0.5,,,,,0.61,15.0,0.243,18.65,,1.65,2.07,0.89
오징어탕수,오징어탕수,튀김류,83.1ml,149,12.99,10.4,15.0,230.0,0.32,37.74,0.8,1.7,,,,,0.79,13.0,0.199,52.68,,1.97,2.98,0.79
오징어탕수,오징어탕수,튀김류,81.9ml,158,12.98,8.3,19.0,188.0,0.43,21.54,0.7,0.6,,,,,0.63,15.0,0.254,19.07,,3.28,2.07,0.92
오징어탕수,오징어탕수,튀김류,105.8ml,247,20.31,17.1,23.0,406.0,0.47,45.68,1.34,1.0,,,,,1.19,41.0,0.302,25.31,,3.68,5.06,1.41
오징어튀김_오감볼,오징어튀김,튀김류,100g,166,,9.84,,,,,,,,,,,,,0.0,,,,,
오징어튀김_오징어튀김 (3개),오징어튀김,튀김류,100g,238,,13.21,,,,,,,,,,,,,0.0,,,,,
오징어튀김_통오징어튀김,오징어튀김,튀김류,100g,160,,12.0,,,,,,,,,,,,,0.0,,,,,
오징어튀김,오징어튀김,튀김류,100ml,81,3.83,5.2,6.0,94.0,0.12,12.63,0.39,0.1,,,,,0.47,3.0,0.05,4.75,,0.04,1.48,0.55
오징어튀김,오징어튀김,튀김류,77ml,163,9.96,12.2,17.0,216.0,0.37,28.71,0.96,0.3,,,,,0.83,10.0,0.138,13.35,,0.01,3.32,0.98
오징어튀김,오징어튀김,튀김류,77ml,163,9.96,12.2,17.0,216.0,0.37,28.71,0.96,0.3,,,,,0.83,10.0,0.138,13.35,,0.01,3.32,0.98
오징어튀김,오징어튀김,튀김류,100ml,81,3.83,5.2,6.0,94.0,0.12,12.63,0.39,0.1,,,,,0.47,3.0,0.05,4.75,,0.04,1.48,0.55
오징어포조림,오징어포조림,조림류,67.6ml,133,13.03,15.5,61.0,220.0,0.72,44.57,1.22,0.6,,,,,0.85,23.0,2.085,4.39,,0.4,4.96,0.61
옥돔구이,옥돔구이,생선구이류,230ml,39,0.11,4.91,9.0,1.0,0.22,,,0.0,,,,,,6.0,0.644,1.67,,0.11,0.54,
옥수수_찐옥수수,옥수수,찜류,200g,185,34.2,6.68,5.0,306.0,1.56,63.77,2.19,5.7,5772.53,816.58,98.0,1.88,,1.0,0.51,109.71,0.0,3.7,0.0,
옥수수구이,옥수수구이,육류 및 채소구이류,90ml,148,15.41,1.43,5.0,130.0,0.29,,,0.9,,,,,,17.0,0.768,32.52,,2.94,0.0,
옥수수구이_치즈,옥수수구이,육류 및 채소구이류,70ml,140,13.6,4.4,113.0,117.0,0.27,,,0.9,,,,,,10.0,0.71,30.16,,2.96,0.0,
옥수수밥,옥수수밥,밥류,450ml,113,24.39,2.1,2.0,33.0,0.09,10.01,0.58,0.6,,,,,0.0,0.0,0.426,6.32,,0.14,0.0,0.13
옥수수밥,옥수수밥,밥류,250ml,113,24.3,2.1,2.0,35.0,0.1,10.34,0.58,0.6,,,,,0.0,0.0,0.452,6.46,,0.16,0.0,0.13
옥수수밥,옥수수밥,밥류,450ml,113,24.39,2.1,2.0,33.0,0.09,10.01,0.58,0.6,,,,,0.0,0.0,0.426,6.32,,0.14,0.0,0.13
옥수수밥,옥수수밥,밥류,215ml,170,36.22,3.5,3.0,48.0,0.23,21.35,0.93,1.7,,,,,0.01,1.0,0.6260000000000001,20.29,,0.31,0.0,0.21
옥수수부침,옥수수부침,전·적 및 부침류,130.9ml,176,22.95,3.0,8.0,158.0,0.42,14.54,0.39,2.0,,,,,0.51,2.0,1.4420000000000002,27.61,,3.99,0.0,0.93
옥수수부침,옥수수부침,전·적 및 부침류,62.4ml,184,25.89,3.6,34.0,235.0,0.46,18.7,0.38,2.1,,,,,0.45,34.0,0.771,30.6,,6.4,0.0,0.88
옥수수부침,옥수수부침,전·적 및 부침류,130.9ml,176,22.96,3.0,8.0,158.0,0.42,14.54,0.39,1.9,,,,,0.51,2.0,1.4420000000000002,27.61,,3.99,0.0,0.93
옥수수샐러드,옥수수샐러드,샐러드류,130ml,129,12.49,1.3,12.0,139.0,0.26,10.16,0.27,1.2,,,,,0.56,17.0,0.629,25.46,,6.03,0.0,1.09
옥수수샐러드_햄,옥수수샐러드,샐러드류,112.4ml,178,11.88,7.7,31.0,283.0,1.3,38.42,0.94,2.2,,,,,0.8,5.0,2.184,42.06,,10.66,0.0,1.33
옥수수샐러드,옥수수샐러드,샐러드류,64.6ml,130,17.53,1.4,11.0,166.0,0.33,12.17,0.29,1.2,,,,,0.42,1.0,0.8250000000000001,28.19,,3.77,0.0,0.85
옥수수샐러드,옥수수샐러드,샐러드류,64.6ml,130,17.53,1.4,11.0,166.0,0.33,12.17,0.29,1.2,,,,,0.42,1.0,0.8250000000000001,28.19,,3.77,0.0,0.85
옥수수샐러드,옥수수샐러드,샐러드류,130ml,129,12.49,1.3,12.0,139.0,0.26,10.16,0.27,1.2,,,,,0.56,17.0,0.629,25.46,,6.03,0.0,1.09
옥수수샐러드_햄,옥수수샐러드,샐러드류,112.4ml,190,11.42,7.7,34.0,287.0,1.24,38.42,0.94,2.3,,,,,0.73,6.0,1.5070000000000001,42.24,,9.36,0.0,1.32
올갱이국,올갱이국,국 및 탕류,600g,24,2.17,2.28,65.0,100.0,0.0,31.51,0.41,1.0,-,131.45,29.42,12.25,,36.0,0.40700000000000003,14.14,0.0,0.0,,
올갱이국수,올갱이국수,면 및 만두류,1500g,38,7.44,0.75,16.0,53.0,0.0,8.84,0.11,1.5,-,56.45,9.7,2.37,,5.0,0.372,5.93,0.0,0.63,,
올갱이해장국,올갱이해장국,국 및 탕류,262ml,41,3.54,4.0,113.0,126.0,1.01,28.16,0.85,1.7,,,,,0.12,9.0,0.5549999999999999,16.74,,3.85,0.0,0.38
올갱이해장국,올갱이해장국,국 및 탕류,184.2ml,41,3.45,4.0,114.0,130.0,1.42,28.17,0.85,1.7,,,,,0.12,10.0,0.641,16.75,,3.85,0.0,0.38
올갱이해장국,올갱이해장국,국 및 탕류,262ml,41,3.54,4.0,113.0,126.0,1.01,28.16,0.85,1.7,,,,,0.12,9.0,0.5549999999999999,16.74,,3.85,0.0,0.38
와플_누텔라 와플,와플,빵 및 과자류,105g,419,,5.71,,,,,,,,,,,,,0.0,,,,,
와플_누텔라 아이스크림 와플,와플,빵 및 과자류,170g,256,,2.94,,,,,,,,,,,,,0.0,,,,,
와플_누텔라크림치즈 와플,와플,빵 및 과자류,115g,384,,6.09,,,,,,,,,,,,,0.0,,,,,
와플_단팥생크림 와플,와플,빵 및 과자류,165g,323,,4.24,,,,,,,,,,,,,0.0,,,,,
와플_리얼초코 아이스크림 와플,와플,빵 및 과자류,190g,284,,3.16,,,,,,,,,,,,,0.0,,,,,
와플_바나나누텔라 와플,와플,빵 및 과자류,135g,284,,3.7,,,,,,,,,,,,,0.0,,,,,
와플_바나나생크림누텔라 와플,와플,빵 및 과자류,190g,301,,3.16,,,,,,,,,,,,,0.0,,,,,
와플_베리크런치 아이스크림 와플,와플,빵 및 과자류,210g,243,,2.38,,,,,,,,,,,,,0.0,,,,,
와플_블루베리생크림 와플,와플,빵 및 과자류,165g,325,,3.03,,,,,,,,,,,,,0.0,,,,,
와플_블루베리 아이스크림 와플,와플,빵 및 과자류,205g,226,,1.95,,,,,,,,,,,,,0.0,,,,,
와플_생딸기생크림 와플,와플,빵 및 과자류,187g,272,,3.21,,,,,,,,,,,,,0.0,,,,,
와플_생크림누텔라 와플,와플,빵 및 과자류,148g,373,,4.05,,,,,,,,,,,,,0.0,,,,,
와플_생크림 와플,와플,빵 및 과자류,125g,360,,4.0,,,,,,,,,,,,,0.0,,,,,
와플_아몬드카라멜 아이스크림 와플,와플,빵 및 과자류,185g,253,,2.16,,,,,,,,,,,,,0.0,,,,,
와플_애플생크림 와플,와플,빵 및 과자류,165g,306,,3.03,,,,,,,,,,,,,0.0,,,,,
와플_애플시나몬와플,와플,빵 및 과자류,96g,323,,4.17,,,,,,,,,,,,,0.0,,,,,
와플_오레오생크림 와플,와플,빵 및 과자류,157g,375,,3.82,,,,,,,,,,,,,0.0,,,,,
와플_초코벌집 와플,와플,빵 및 과자류,101g,418,,4.95,,,,,,,,,,,,,0.0,,,,,
와플_크림치즈 와플,와플,빵 및 과자류,103g,367,,5.83,,,,,,,,,,,,,0.0,,,,,
와플_티라미수 와플,와플,빵 및 과자류,125g,332,,4.8,,,,,,,,,,,,,0.0,,,,,
와플_프렌치 아이스크림 와플,와플,빵 및 과자류,203g,207,,1.97,,,,,,,,,,,,,0.0,,,,,
와플_플레인와플,와플,빵 및 과자류,75g,373,,5.33,,,,,,,,,,,,,0.0,,,,,
와플_단팥 아이스크림 와플,와플,빵 및 과자류,207g,227,,2.9,,,,,,,,,,,,,0.0,,,,,
와플_달고나 아이스크림 와플,와플,빵 및 과자류,176g,244,,2.27,,,,,,,,,,,,,0.0,,,,,
와플_로투스 아이스크림 와플,와플,빵 및 과자류,172g,255,,2.91,,,,,,,,,,,,,0.0,,,,,
와플_루비자몽생크림 와플,와플,빵 및 과자류,185g,264,,2.7,,,,,,,,,,,,,0.0,,,,,
와플_루토스생크림 와플,와플,빵 및 과자류,147g,374,,4.08,,,,,,,,,,,,,0.0,,,,,
와플_리얼빼빼로 와플,와플,빵 및 과자류,35g,423,,5.71,,,,,,,,,,,,,0.0,,,,,
와플_말차티라미수 와플,와플,빵 및 과자류,125g,332,,4.8,,,,,,,,,,,,,0.0,,,,,
와플_망고 아이스크림 와플,와플,빵 및 과자류,205g,220,,3.41,,,,,,,,,,,,,0.0,,,,,
와플_망고크림치즈 와플,와플,빵 및 과자류,123g,311,,4.07,,,,,,,,,,,,,0.0,,,,,
와플_블루베리크림치즈 와플,와플,빵 및 과자류,129g,333,,3.88,,,,,,,,,,,,,0.0,,,,,
와플_생체리생크림 와플,와플,빵 및 과자류,165g,298,,3.64,,,,,,,,,,,,,0.0,,,,,
와플_생초콜릿생크림 와플,와플,빵 및 과자류,182g,392,,3.85,,,,,,,,,,,,,0.0,,,,,
와플_스프링클빼빼로 와플,와플,빵 및 과자류,36g,425,,5.56,,,,,,,,,,,,,0.0,,,,,
와플_아몬드빼빼로 와플,와플,빵 및 과자류,38g,421,,5.26,,,,,,,,,,,,,0.0,,,,,
와플_청포도생크림 와플,와플,빵 및 과자류,171g,285,,2.92,,,,,,,,,,,,,0.0,,,,,
와플_체리크림치즈 와플,와플,빵 및 과자류,129g,284,,3.88,,,,,,,,,,,,,0.0,,,,,
와플_초코퐁듀 와플,와플,빵 및 과자류,100g,417,,5.0,,,,,,,,,,,,,0.0,,,,,
와플_쿠키빼빼로 와플,와플,빵 및 과자류,38g,426,,5.26,,,,,,,,,,,,,0.0,,,,,
와플_크런키빼빼로 와플,와플,빵 및 과자류,38g,426,,5.26,,,,,,,,,,,,,0.0,,,,,
와플_포테이토 와플,와플,빵 및 과자류,135g,299,,3.7,,,,,,,,,,,,,0.0,,,,,
와플_피넛버터누텔라 와플,와플,빵 및 과자류,94g,384,,7.45,,,,,,,,,,,,,0.0,,,,,
와플_17곡 와플,와플,빵 및 과자류,130g,300,55.38,5.38,,,,,,,,,,,,,0.0,,,,,
와플_고구마 와플,와플,빵 및 과자류,150g,314,,5.33,,,,,,,,,,,,,0.0,,,,,
와플_딸기누텔라 와플,와플,빵 및 과자류,170g,305,38.82,4.12,,,,,,,,,,,,,0.0,,,,,
와플_딸기누텔라젤라또 와플,와플,빵 및 과자류,250g,242,35.6,3.6,,,,,,,,,,,,,0.0,,,,,
와플_딸기듬뿍 와플,와플,빵 및 과자류,220g,220,33.18,1.82,,,,,,,,,,,,,0.0,,,,,
와플_딸기범벅젤라또 와플,와플,빵 및 과자류,270g,227,33.33,2.22,,,,,,,,,,,,,0.0,,,,,
와플_딸기 와플,와플,빵 및 과자류,150g,297,40.0,2.67,,,,,,,,,,,,,0.0,,,,,
와플_딸기케이크 와플,와플,빵 및 과자류,160g,245,35.63,3.13,,,,,,,,,,,,,0.0,,,,,
와플_망고범벅 와플,와플,빵 및 과자류,300g,223,34.33,2.33,,,,,,,,,,,,,0.0,,,,,
와플_메이플시나몬 와플,와플,빵 및 과자류,90g,332,60.0,4.44,,,,,,,,,,,,,0.0,,,,,
와플_밀크카라멜 와플,와플,빵 및 과자류,110g,339,,3.64,,,,,,,,,,,,,0.0,,,,,
와플_바나나누텔라 와플,와플,빵 및 과자류,180g,276,40.56,3.33,,,,,,,,,,,,,0.0,,,,,
와플_바나나 와플,와플,빵 및 과자류,159g,235,45.28,3.14,,,,,,,,,,,,,0.0,,,,,
와플_베리베리 와플,와플,빵 및 과자류,130g,304,47.69,3.85,,,,,,,,,,,,,0.0,,,,,
와플_베리베리젤라또 와플,와플,빵 및 과자류,220g,243,40.45,3.18,,,,,,,,,,,,,0.0,,,,,
와플_블루베리범벅 와플,와플,빵 및 과자류,240g,261,42.5,2.92,,,,,,,,,,,,,0.0,,,,,
와플_블루베리 와플,와플,빵 및 과자류,120g,305,47.5,3.33,,,,,,,,,,,,,0.0,,,,,
와플_블루베리젤라또 와플,와플,빵 및 과자류,210g,240,39.52,3.33,,,,,,,,,,,,,0.0,,,,,
와플_스노우 와플,와플,빵 및 과자류,130g,372,49.23,3.85,,,,,,,,,,,,,0.0,,,,,
와플_싸만코젤라또 와플,와플,빵 및 과자류,250g,254,41.6,4.4,,,,,,,,,,,,,0.0,,,,,
와플_애플시나몬 와플,와플,빵 및 과자류,130g,321,50.77,3.08,,,,,,,,,,,,,0.0,,,,,
와플_오레오누텔라 와플,와플,빵 및 과자류,210g,293,30.0,4.29,,,,,,,,,,,,,0.0,,,,,
와플_오레오누텔라젤라또 와플,와플,빵 및 과자류,210g,293,42.38,4.29,,,,,,,,,,,,,0.0,,,,,
와플_젤라또 와플,와플,빵 및 과자류,190g,258,39.47,3.68,,,,,,,,,,,,,0.0,,,,,
와플_초코범벅젤라또 와플,와플,빵 및 과자류,240g,284,41.67,3.33,,,,,,,,,,,,,0.0,,,,,
와플_치즈범벅 와플,와플,빵 및 과자류,240g,281,37.92,3.33,,,,,,,,,,,,,0.0,,,,,
와플_치즈케이크&크랜베리 와플,와플,빵 및 과자류,130g,388,53.08,3.85,,,,,,,,,,,,,0.0,,,,,
와플_치즈케이크누텔라젤라또 와플,와플,빵 및 과자류,230g,287,40.87,4.35,,,,,,,,,,,,,0.0,,,,,
와플_크런치딸기잼 와플,와플,빵 및 과자류,120g,334,58.33,4.17,,,,,,,,,,,,,0.0,,,,,
와플_크런치딸기잼젤라또 와플,와플,빵 및 과자류,208g,260,43.75,3.37,,,,,,,,,,,,,0.0,,,,,
와플_크림 와플,와플,빵 및 과자류,110g,415,54.55,4.55,,,,,,,,,,,,,0.0,,,,,
와플_크림젤라또 와플,와플,빵 및 과자류,220g,309,44.09,3.18,,,,,,,,,,,,,0.0,,,,,
와플_티라미수 와플,와플,빵 및 과자류,140g,385,40.0,3.57,,,,,,,,,,,,,0.0,,,,,
와플_팥스노우 와플,와플,빵 및 과자류,160g,292,51.25,5.0,,,,,,,,,,,,,0.0,,,,,
와플_허니브레드 와플,와플,빵 및 과자류,120g,302,50.0,3.33,,,,,,,,,,,,,0.0,,,,,
와플_맥치플 맥앤치즈피자 와플,와플,빵 및 과자류,160g,301,38.75,8.13,,,,,,,,,,,,,0.0,,,,,
와플_베치플 베이직치즈피자 와플,와플,빵 및 과자류,174g,320,33.91,13.22,,,,,,,,,,,,,0.0,,,,,
와플_불치플 불고기치즈피자 와플,와플,빵 및 과자류,160g,306,36.25,13.75,,,,,,,,,,,,,0.0,,,,,
와플_젤라또약과 와플,와플,빵 및 과자류,234g,300,47.01,3.85,,,,,,,,,,,,,0.0,,,,,
와플_호두고구마 와플,와플,빵 및 과자류,150g,314,48.0,5.33,,,,,,,,,,,,,0.0,,,,,
완두콩밥,완두콩밥,밥류,250ml,114,24.47,2.2,3.0,36.0,0.12,10.44,0.6,0.7,,,,,0.0,1.0,0.465,6.59,,0.26,0.0,0.13
완두콩밥,완두콩밥,밥류,250ml,114,24.47,2.2,3.0,36.0,0.12,10.44,0.6,0.7,,,,,0.0,1.0,0.465,6.59,,0.26,0.0,0.13
완두콩밥,완두콩밥,밥류,450ml,114,24.42,2.2,3.0,33.0,0.12,10.11,0.6,0.8,,,,,0.0,1.0,0.436,6.25,,0.2,0.0,0.13
완두콩밥,완두콩밥,밥류,229.2ml,157,33.51,3.2,5.0,55.0,0.21,14.99,0.84,1.2,,,,,0.0,2.0,0.69,10.58,,0.6,0.0,0.18
완자전_돼지고기,완자전,전·적 및 부침류,200g,139,6.51,14.78,36.0,277.0,1.23,33.25,1.42,3.9,12858.68,1037.49,321.71,19.05,,19.0,1.4100000000000001,18.0,0.34,1.61,0.0,
완자전_소고기,완자전,전·적 및 부침류,200g,162,4.68,18.73,41.0,97.0,0.47,17.42,1.51,4.0,18208.51,1548.93,430.25,8.9,,18.0,1.23,16.35,1.0,0.0,0.0,
완자전_참치,완자전,전·적 및 부침류,200g,173,13.57,15.0,19.0,205.0,1.38,20.57,0.66,2.7,15111.35,1245.82,459.03,57.39,,14.0,1.995,20.42,1.77,3.64,1.09,
완자전_해물,완자전,전·적 및 부침류,200g,222,18.04,11.46,23.0,144.0,0.5,25.96,0.78,1.8,10899.29,836.17,282.3,39.85,,15.0,3.74,9.89,3.41,0.0,0.89,
완자전_소고기(동그랑땡/육원전),완자전,전·적 및 부침류,150g,206,8.45,13.08,66.0,230.0,0.0,27.47,1.3,2.4,-,381.49,1018.85,0.0,,36.0,1.204,0.0,0.0,0.0,,
완자전,완자전,전·적 및 부침류,150ml,214,10.73,7.1,46.0,182.0,1.51,26.03,1.17,2.9,,,,,0.63,23.0,0.8109999999999999,20.83,,0.01,0.14,1.8
완자전,완자전,전·적 및 부침류,39.69ml,320,15.75,11.0,68.0,267.0,2.27,37.81,1.74,4.1,,,,,0.94,40.0,1.18,33.16,,0.01,0.26,2.71
완자전,완자전,전·적 및 부침류,85.34ml,313,15.83,11.0,71.0,280.0,2.33,39.89,1.81,4.4,,,,,0.87,35.0,1.245,32.22,,0.01,0.22,2.64
완자전,완자전,전·적 및 부침류,150ml,214,10.73,7.1,46.0,182.0,1.51,26.03,1.17,2.9,,,,,0.63,23.0,0.8109999999999999,20.83,,0.01,0.14,1.8
완자조림,완자조림,조림류,137.4ml,168,12.47,14.2,31.0,248.0,0.93,40.48,1.14,1.5,,,,,0.32,17.0,1.175,19.85,,1.41,0.2,0.75
완자조림,완자조림,조림류,109.2ml,171,13.35,13.9,33.0,241.0,0.97,42.02,1.13,1.6,,,,,0.33,18.0,1.127,20.63,,1.31,0.2,0.78
완자조림,완자조림,조림류,109.2ml,171,13.35,13.9,33.0,241.0,0.97,42.02,1.13,1.6,,,,,0.33,18.0,1.127,20.63,,1.31,0.2,0.78
완자조림,완자조림,조림류,137.4ml,171,12.18,14.0,31.0,254.0,0.96,40.48,1.14,1.5,,,,,0.32,16.0,1.767,17.49,,1.5,0.2,0.8
요구르트(액상)_망고 요구르트+화이트펄 (J),요구르트(액상),유제품류 및 빙과류,651g,44,,0.15,,,,,,,,,,,,,0.0,,,,,
요구르트(액상)_망고 요구르트+화이트펄 (L),요구르트(액상),유제품류 및 빙과류,473g,44,,0.21,,,,,,,,,,,,,0.0,,,,,
요구르트(액상)_망고요구르트 (J),요구르트(액상),유제품류 및 빙과류,651g,36,,0.15,,,,,,,,,,,,,0.0,,,,,
요구르트(액상)_망고요구르트 (L),요구르트(액상),유제품류 및 빙과류,473g,36,,0.21,,,,,,,,,,,,,0.0,,,,,
요구르트(액상)_자몽요구르트 (J),요구르트(액상),유제품류 및 빙과류,651g,31,,0.15,,,,,,,,,,,,,0.0,,,,,
요구르트(액상)_자몽요구르트 (L),요구르트(액상),유제품류 및 빙과류,473g,31,,0.21,,,,,,,,,,,,,0.0,,,,,
요구르트(액상)_블루베리 요거트 병음료,요구르트(액상),유제품류 및 빙과류,190g,82,,2.63,,,,,,,,,,,,,0.0,,,,,
요구르트(액상)_치아씨드 요거트 병음료,요구르트(액상),유제품류 및 빙과류,190g,76,,3.16,,,,,,,,,,,,,0.0,,,,,
요구르트(액상)_딸기요거트,요구르트(액상),유제품류 및 빙과류,100g,75,15.8,1.73,,,,,,,,,,,,,0.0,,,,,
요구르트(액상)_망고요거트,요구르트(액상),유제품류 및 빙과류,100g,72,14.8,1.55,,,,,,,,,,,,,0.0,,,,,
요구르트(액상)_블루베리 요거트,요구르트(액상),유제품류 및 빙과류,100g,96,19.21,1.46,,,,,,,,,,,,,0.0,,,,,
요구르트(액상)_플레인요거트,요구르트(액상),유제품류 및 빙과류,100g,62,13.2,2.16,,,,,,,,,,,,,0.0,,,,,
요구르트(액상)_그래놀라 요거트,요구르트(액상),유제품류 및 빙과류,390g,61,8.03,1.3,,,,,,,,,,,,,0.0,,,,,
요구르트(액상)_그릭요거트,요구르트(액상),유제품류 및 빙과류,400g,144,14.0,6.0,,,,,,,,,,,,,0.0,,,,,
요구르트(액상)_마시는요거트 딸기,요구르트(액상),유제품류 및 빙과류,410g,150,19.02,5.12,,,,,,,,,,,,,0.0,,,,,
요구르트(액상)_마시는요거트 블루베리,요구르트(액상),유제품류 및 빙과류,410g,154,20.24,5.12,,,,,,,,,,,,,0.0,,,,,
요구르트(액상)_마시는요거트 플레인,요구르트(액상),유제품류 및 빙과류,400g,126,12.25,5.25,,,,,,,,,,,,,0.0,,,,,
요구르트(호상)_그릭요거 망고놀라,요구르트(호상),유제품류 및 빙과류,414g,93,,3.43,,,,,,,,,,,,,0.0,,,,,
요구르트(호상)_오가닉 프로틴 그릭 요거트 & 그래놀라,요구르트(호상),유제품류 및 빙과류,120g,205,,10.83,,,,,,,,,,,,,0.0,,,,,
요구르트(호상)_플레인그릭요거트,요구르트(호상),유제품류 및 빙과류,170g,135,,4.12,,,,,,,,,,,,,0.0,,,,,
요구르트(호상)_허니바나나그릭요거트,요구르트(호상),유제품류 및 빙과류,175g,154,,3.43,,,,,,,,,,,,,0.0,,,,,
우거지나물무침,우거지나물무침,나물·숙채류,150g,86,5.8,3.0,130.0,128.0,0.0,,,5.8,,,,,,104.0,0.28700000000000003,,,0.57,,
우동_일식,우동,면 및 만두류,800g,158,30.48,1.78,17.0,39.0,0.3,3.72,0.32,0.8,1594.85,142.74,19.44,5.0,,1.0,0.357,0.58,0.0,0.0,0.0,
우동_김치,우동,면 및 만두류,800g,63,12.39,1.94,14.0,59.0,0.0,5.41,0.09,1.1,-,128.23,26.42,0.0,,8.0,0.558,0.0,0.0,0.17,,
우동_삼선,우동,면 및 만두류,1000g,69,10.59,4.79,21.0,52.0,0.0,12.35,0.38,0.8,-,371.7,108.4,0.0,,9.0,1.2080000000000002,0.0,0.0,0.28,,
우동_일식,우동,면 및 만두류,700g,60,10.6,1.91,11.0,24.0,0.0,0.0,0.0,2.9,-,0.0,0.0,0.0,,3.0,0.547,0.0,0.0,0.0,,
우동_중식,우동,면 및 만두류,1000g,65,8.54,2.95,19.0,46.0,0.0,0.0,0.0,2.2,-,0.0,0.0,0.0,,5.0,0.35500000000000004,0.0,0.0,0.0,,
우동,우동,면 및 만두류,800ml,71,12.76,2.14,14.0,40.0,0.22,,,0.7,,,,,,3.0,0.514,4.11,,0.16,0.0,
우동_배추김치,우동,면 및 만두류,770ml,65,12.11,1.85,14.0,60.0,0.23,,,1.1,,,,,,6.0,0.503,7.59,,0.58,0.0,
우동_해물,우동,면 및 만두류,740ml,69,11.84,2.94,13.0,54.0,0.45,,,0.8,,,,,,6.0,0.5640000000000001,5.37,,0.51,0.18,
우동,우동,면 및 만두류,410ml,52,9.54,1.56,11.0,36.0,0.17,,,0.6,,,,,,3.0,0.451,2.73,,0.16,0.0,
우동,우동,면 및 만두류,530ml,61,11.24,1.81,12.0,41.0,0.19,,,0.7,,,,,,3.0,0.529,3.54,,0.21,0.0,
우동,우동,면 및 만두류,630ml,61,11.22,1.86,11.0,34.0,0.16,,,0.6,,,,,,4.0,0.362,4.35,,0.14,0.0,
우동_간편조리세트_쫄우동,우동,면 및 만두류,1138g,99,15.66,2.62,15.0,84.0,0.17,,,0.1,,,,,,,0.239,,,0.25,0.0,
우동볶음,우동볶음,면 및 만두류,300g,128,24.79,2.8,7.0,110.0,0.19,9.6,0.17,2.0,2423.66,198.37,30.07,3.58,,13.0,0.027,8.19,0.0,0.0,0.0,
우럭 매운탕,우럭 매운탕,찌개 및 전골류,700ml,29,2.83,3.5,19.0,163.0,0.32,12.63,0.27,1.0,,,,,0.11,15.0,0.452,13.79,,1.43,0.64,0.41
우럭 매운탕,우럭 매운탕,찌개 및 전골류,256.5ml,31,2.65,4.0,17.0,153.0,0.2,10.38,0.26,0.5,,,,,0.13,16.0,0.21300000000000002,9.91,,1.41,0.88,0.19
우럭구이,우럭구이,생선구이류,100ml,111,0.45,13.5,30.0,3.0,0.42,20.57,0.52,0.0,,,,,0.5,6.0,1.3860000000000001,6.3,,0.7,3.07,0.67
우럭구이,우럭구이,생선구이류,53.9ml,207,0.84,25.1,56.0,5.0,0.79,38.17,0.97,0.0,,,,,0.93,12.0,2.572,11.69,,1.3,5.69,1.24
우럭구이,우럭구이,생선구이류,100ml,111,0.45,13.5,30.0,3.0,0.42,20.57,0.52,0.0,,,,,0.5,6.0,1.3860000000000001,6.3,,0.7,3.07,0.67
우럭튀김,우럭튀김,튀김류,61.8ml,289,19.21,24.7,77.0,553.0,1.03,41.46,1.31,0.5,,,,,1.28,20.0,0.572,20.31,,0.0,5.36,1.39
우럭회덮밥_양념장,우럭회덮밥,밥류,750ml,67,11.47,3.49,15.0,109.0,0.33,,,0.8,,,,,,26.0,0.278,8.49,,1.26,0.6,
우롱차_우롱티 아이스,우롱차,음료 및 차류,651g,1,,0.15,,,,,,,,,,,,,0.0,,,,,
우롱차_우롱티 아이스,우롱차,음료 및 차류,473g,1,,0.0,,,,,,,,,,,,,0.0,,,,,
우롱차_우롱티 핫,우롱차,음료 및 차류,473g,1,,0.0,,,,,,,,,,,,,0.0,,,,,
우롱차_우롱티 핫,우롱차,음료 및 차류,414g,1,,0.0,,,,,,,,,,,,,0.0,,,,,
우롱차_피치 우롱티 아이스,우롱차,음료 및 차류,946g,19,4.76,0.0,,,,,,,,,,,,,0.0,,,,,
우롱차_피치 우롱티 아이스,우롱차,음료 및 차류,710g,25,6.34,0.0,,,,,,,,,,,,,0.0,,,,,
우롱차_피치 우롱티 핫,우롱차,음료 및 차류,591g,30,7.61,0.0,,,,,,,,,,,,,0.0,,,,,
우롱차_우롱티 아이스,우롱차,음료 및 차류,600g,1,,0.17,,,,,,,,,,,,,0.0,,,,,
우롱차_피치우롱 아이스,우롱차,음료 및 차류,430g,3,0.47,0.23,,,,,,,,,,,,,0.0,,,,,
우롱차_피치우롱 핫,우롱차,음료 및 차류,400g,3,0.5,0.25,,,,,,,,,,,,,0.0,,,,,
우롱차_우롱티 아이스,우롱차,음료 및 차류,586.6g,4,,0.03,,,,,,,,,,,,,0.0,,,,,
우롱차_우롱티 핫,우롱차,음료 및 차류,406.6g,6,,0.05,,,,,,,,,,,,,0.0,,,,,
우엉 양념구이,우엉 양념구이,육류 및 채소구이류,216.2ml,67,12.06,1.7,19.0,154.0,0.37,18.03,0.22,1.9,,,,,0.02,7.0,0.185,7.76,,0.26,0.0,0.3
우엉볶음,우엉볶음,채소볶음류,63.5ml,160,16.33,4.1,62.0,447.0,1.1,52.7,0.69,4.9,,,,,0.54,12.0,0.856,26.3,,1.03,0.0,1.58
우엉볶음,우엉볶음,채소볶음류,80.9ml,65,6.6,1.7,25.0,180.0,0.45,21.42,0.28,2.0,,,,,0.22,5.0,0.348,10.65,,0.41,0.0,0.64
우엉볶음,우엉볶음,채소볶음류,80.9ml,65,6.6,1.7,25.0,180.0,0.45,21.42,0.28,2.0,,,,,0.22,5.0,0.348,10.65,,0.41,0.0,0.64
우엉볶음,우엉볶음,채소볶음류,63.5ml,160,16.33,4.1,62.0,447.0,1.1,52.7,0.69,4.9,,,,,0.54,12.0,0.856,26.3,,1.03,0.0,1.58
우엉조림,우엉조림,조림류,30g,188,34.8,4.8,75.0,388.0,1.13,66.2,0.63,5.8,3761.8,247.8,44.0,1.67,,0.0,6.167,49.03,0.0,4.3,0.0,
우엉조림,우엉조림,조림류,90ml,88,17.89,2.7,32.0,288.0,0.65,34.07,0.4,2.9,,,,,0.02,0.0,0.5309999999999999,15.48,,0.42,0.0,0.29
우엉조림,우엉조림,조림류,40ml,104,16.51,3.69,28.0,243.0,0.67,,,2.3,,,,,,0.0,0.771,14.76,,0.38,0.0,
우엉조림,우엉조림,조림류,50ml,120,16.45,3.76,32.0,274.0,0.65,,,2.9,,,,,,0.0,0.985,19.77,,0.36,0.0,
우엉조림,우엉조림,조림류,90ml,88,17.89,2.71,32.0,288.0,0.65,,,2.9,,,,,,0.0,0.5309999999999999,15.48,,0.42,0.0,
우유_스팀 우유 (Tall),우유,유제품류 및 빙과류,355g,61,,3.66,,,,,,,,,,,,,0.0,,,,,
우유_우유 (Tall),우유,유제품류 및 빙과류,355g,68,,3.38,,,,,,,,,,,,,0.0,,,,,
우유_딸기,우유,유제품류 및 빙과류,100g,73,11.04,2.04,71.0,100.0,0.07,,,0.6,,,,,,,0.42000000000000004,,,1.34,0.0,
우유튀김_우유튀김,우유튀김,튀김류,100g,250,,3.0,,,,,,,,,,,,,0.0,,,,,
울면,울면,면 및 만두류,1000g,73,12.82,3.75,29.0,55.0,0.0,8.84,0.23,0.8,-,255.04,69.71,0.0,,4.0,1.325,0.0,0.0,0.04,,
울면,울면,면 및 만두류,1020m,85,14.05,4.29,15.0,122.0,0.51,,,0.8,,,,,,11.0,0.412,9.97,,1.58,0.38,
월남쌈,월남쌈,면 및 만두류,250g,118,12.25,5.94,19.0,145.0,0.39,14.09,0.93,1.8,5695.82,467.04,137.59,7.44,,17.0,0.42,8.1,0.18,0.0,0.0,
월남쌈_간편조리세트_불고기월남쌈,월남쌈,면 및 만두류,733g,150,17.1,7.22,11.0,117.0,0.4,,,1.2,,,,,,,0.998,,,0.25,0.0,
월남쌈_간편조리세트_소고기야채말이,월남쌈,면 및 만두류,580g,116,6.61,10.47,19.0,398.0,1.86,,,1.9,,,,,,,1.1680000000000001,,,0.54,0.0,
월남쌈_간편조리세트_훈제오리월남쌈,월남쌈,면 및 만두류,888g,111,15.37,5.16,10.0,133.0,0.74,,,0.8,,,,,,,0.621,,,0.12,0.11,
웨이퍼_크리스피초콜릿웨이퍼,웨이퍼,빵 및 과자류,50g,528,55.0,7.0,,,,,,,,,,,,,0.0,,,,,
유과,유과,빵 및 과자류,30g,424,74.23,2.81,58.0,35.0,0.0,23.97,0.47,1.1,-,220.6,50.23,3.07,,0.0,0.532,8.47,0.0,0.0,,
유부 된장국_무,유부 된장국,된장국류,234.4ml,66,2.7,4.4,87.0,87.0,0.79,17.6,0.5,0.9,,,,,0.27,1.0,0.251,13.02,,1.28,0.01,0.38
유부 된장국_무,유부 된장국,된장국류,320ml,79,2.72,5.2,104.0,96.0,0.93,21.0,0.59,0.9,,,,,0.32,1.0,0.29400000000000004,14.59,,1.08,0.01,0.47
유부 초밥,유부 초밥,밥류,300ml,199,27.04,5.8,89.0,52.0,0.87,21.67,0.97,0.9,,,,,0.29,0.0,0.561,10.9,,0.02,0.0,0.62
유부 초밥,유부 초밥,밥류,243.4ml,200,26.78,6.0,92.0,55.0,0.81,21.41,0.97,0.9,,,,,0.31,0.0,0.583,10.58,,0.02,0.0,0.65
유부 초밥,유부 초밥,밥류,298.4ml,199,27.48,5.8,86.0,54.0,0.77,21.02,0.96,0.9,,,,,0.29,0.0,0.5840000000000001,10.4,,0.02,0.0,0.62
유부국,유부국,국 및 탕류,190ml,17,1.13,1.08,22.0,61.0,0.25,,,0.3,,,,,,2.0,0.49,4.92,,0.67,0.0,
유부조림,유부조림,조림류,100ml,254,7.95,13.7,298.0,92.0,2.43,37.84,1.4,0.9,,,,,1.11,0.0,0.73,19.75,,0.12,0.0,1.56
유산슬,유산슬,볶음류,220g,86,4.1,7.54,15.0,241.0,0.5,17.23,0.69,1.8,6671.16,552.3,157.09,9.88,,6.0,0.245,22.75,0.1,16.05,0.0,
유산슬,유산슬,볶음류,410ml,71,4.84,9.09,63.0,184.0,1.93,,,1.2,,,,,,9.0,1.579,22.66,,1.73,0.43,
유산슬,유산슬,볶음류,136.3ml,62,3.52,6.8,12.0,193.0,0.68,29.02,0.66,0.6,,,,,0.36,36.0,0.514,17.34,,3.88,1.33,0.52
유자차_유자차 아이스,유자차,음료 및 차류,355g,43,,0.0,,,,,,,,,,,,,0.0,,,,,
유자차_유자차 핫,유자차,음료 및 차류,355g,43,,0.0,,,,,,,,,,,,,0.0,,,,,
유자차_유자차 아이스,유자차,음료 및 차류,946g,41,7.29,0.0,,,,,,,,,,,,,0.0,,,,,
유자차_유자차 아이스,유자차,음료 및 차류,710g,41,7.75,0.0,,,,,,,,,,,,,0.0,,,,,
유자차_유자차 핫,유자차,음료 및 차류,591g,50,9.31,0.0,,,,,,,,,,,,,0.0,,,,,
유자차_사과유자차,유자차,음료 및 차류,360g,38,,0.1,,,,,,,,,,,,,0.0,,,,,
유자차_사과유자차 아이스,유자차,음료 및 차류,710g,34,,0.04,,,,,,,,,,,,,0.0,,,,,
유자차_사과유자차 핫,유자차,음료 및 차류,591g,38,,0.05,,,,,,,,,,,,,0.0,,,,,
유자차_유자차 아이스,유자차,음료 및 차류,710g,43,,0.04,,,,,,,,,,,,,0.0,,,,,
유자차_유자차 핫,유자차,음료 및 차류,591g,48,,0.05,,,,,,,,,,,,,0.0,,,,,
유자차_레몬 유자티 아이스,유자차,음료 및 차류,473g,50,,0.0,,,,,,,,,,,,,0.0,,,,,
유자차_레몬 유자티 핫,유자차,음료 및 차류,473g,58,,0.0,,,,,,,,,,,,,0.0,,,,,
유자차_유자 민트티 아이스(ICED),유자차,음료 및 차류,355g,41,,0.0,,,,,,,,,,,,,0.0,,,,,
유자차_유자 민트티 핫(HOT),유자차,음료 및 차류,355g,66,,0.0,,,,,,,,,,,,,0.0,,,,,
유자차_유자차 아이스,유자차,음료 및 차류,946g,47,,0.1,,,,,,,,,,,,,0.0,,,,,
유자차_유자차 아이스,유자차,음료 및 차류,591g,50,,0.1,,,,,,,,,,,,,0.0,,,,,
유자차_유자차 핫,유자차,음료 및 차류,946g,47,,0.1,,,,,,,,,,,,,0.0,,,,,
유자차_유자차 핫,유자차,음료 및 차류,591g,50,,0.1,,,,,,,,,,,,,0.0,,,,,
유자차_고흥유자 아이스,유자차,음료 및 차류,470g,58,14.47,0.0,,,,,,,,,,,,,0.0,,,,,
유자차_고흥유자 핫,유자차,음료 및 차류,410g,66,16.59,0.0,,,,,,,,,,,,,0.0,,,,,
유자차_상그리아 유자티 아이스,유자차,음료 및 차류,360g,46,,0.06,,,,,,,,,,,,,0.0,,,,,
유자차_상그리아 유자티 핫,유자차,음료 및 차류,360g,46,,0.06,,,,,,,,,,,,,0.0,,,,,
유자차_유자티,유자차,음료 및 차류,360g,19,,0.0,,,,,,,,,,,,,0.0,,,,,
유자차_유자 피나콜라다 아이스,유자차,음료 및 차류,651g,45,,0.15,,,,,,,,,,,,,0.0,,,,,
유자차_유자 피나콜라다 핫,유자차,음료 및 차류,414g,48,,0.12,,,,,,,,,,,,,0.0,,,,,
유자차_유자 피나콜라다,유자차,음료 및 차류,230g,45,11.3,0.0,,,,,,,,,,,,,0.0,,,,,
유자차_유자차,유자차,음료 및 차류,414g,45,,0.1,,,,,,,,,,,,,0.0,,,,,
유자차_유자차,유자차,음료 및 차류,100g,39,,0.05,,,,,,,,,,,,,0.0,,,,,
유자차_유자레몬티 아이스,유자차,음료 및 차류,591g,48,,0.17,,,,,,,,,,,,,0.0,,,,,
유자차_유자레몬티 핫,유자차,음료 및 차류,650g,48,,0.15,,,,,,,,,,,,,0.0,,,,,
유자차_유자차 아이스,유자차,음료 및 차류,450g,46,,0.22,,,,,,,,,,,,,0.0,,,,,
유자차_유자차 핫,유자차,음료 및 차류,450g,46,,0.22,,,,,,,,,,,,,0.0,,,,,
유자차_유자티,유자차,음료 및 차류,100g,56,13.7,0.13,,,,,,,,,,,,,0.0,,,,,
유자차_고흥유자차,유자차,음료 및 차류,450g,81,,1.6,,,,,,,,,,,,,0.0,,,,,
유자차_고흥유자차,유자차,음료 및 차류,400g,61,,1.2,,,,,,,,,,,,,0.0,,,,,
유자차_맑은 유자 플럼티,유자차,음료 및 차류,360g,34,,0.06,,,,,,,,,,,,,0.0,,,,,
유자차_유자차,유자차,음료 및 차류,360g,28,,0.0,,,,,,,,,,,,,0.0,,,,,
유자차_고흥 유자 레몬 캐모마일티,유자차,음료 및 차류,473g,21,5.07,0.0,,,,,,,,,,,,,0.0,,,,,
유자차_유자티 아이스,유자차,음료 및 차류,415g,67,,0.24,,,,,,,,,,,,,0.0,,,,,
유자차_유자티 핫,유자차,음료 및 차류,385g,68,,0.26,,,,,,,,,,,,,0.0,,,,,
유자차_유자레몬티 핫,유자차,음료 및 차류,355g,73,,0.0,,,,,,,,,,,,,0.0,,,,,
유자차_유자레몬티 아이스,유자차,음료 및 차류,414g,52,,0.0,,,,,,,,,,,,,0.0,,,,,
유자차_유자레몬티 핫,유자차,음료 및 차류,473g,61,,0.0,,,,,,,,,,,,,0.0,,,,,
유자차_고흥 유자차 아이스,유자차,음료 및 차류,354g,62,,0.28,,,,,,,,,,,,,0.0,,,,,
유자차_고흥 유자차 핫,유자차,음료 및 차류,354g,62,,0.28,,,,,,,,,,,,,0.0,,,,,
유자차_유자 캐모마일 아이스,유자차,음료 및 차류,354g,44,,0.0,,,,,,,,,,,,,0.0,,,,,
유자차_유자 캐모마일 핫,유자차,음료 및 차류,354g,44,,0.0,,,,,,,,,,,,,0.0,,,,,
도넛_보스톤크림 도넛,유제품 도넛,빵 및 과자류,67g,364,46.27,4.48,,,,,,,,,,,,,0.0,,,,,
도넛_소금우유 도넛,유제품 도넛,빵 및 과자류,60g,460,51.67,3.33,,,,,,,,,,,,,0.0,,,,,
도넛_요거트올드훼션드 도넛,유제품 도넛,빵 및 과자류,65g,457,,4.62,,,,,,,,,,,,,0.0,,,,,
도넛_켈로그우유 도넛,유제품 도넛,빵 및 과자류,65g,458,,3.08,,,,,,,,,,,,,0.0,,,,,
도넛_제주말차 우유 도넛,유제품 도넛,빵 및 과자류,64g,453,45.31,4.69,,,,,,,,,,,,,0.0,,,,,
도넛_퐁신퐁신우유 도넛,유제품 도넛,빵 및 과자류,102g,348,,4.9,,,,,,,,,,,,,0.0,,,,,
도넛_커스터드 도넛,유제품 도넛,빵 및 과자류,60g,325,45.0,5.0,,,,,,,,,,,,,0.0,,,,,
도넛_우유 도넛,유제품 도넛,빵 및 과자류,50g,404,,7.8,,,,,,,,,,,,,0.0,,,,,
도넛_카스테라크림 꽈배기,유제품 도넛,빵 및 과자류,120g,308,,6.67,,,,,,,,,,,,,0.0,,,,,
도넛_앙버터 도넛,유제품 도넛,빵 및 과자류,100g,408,,8.0,,,,,,,,,,,,,0.0,,,,,
도넛_글레이즈드 사워크림 도넛,유제품 도넛,빵 및 과자류,80g,426,,2.5,,,,,,,,,,,,,0.0,,,,,
도넛_뉴욕 치즈케익 도넛,유제품 도넛,빵 및 과자류,90g,369,,5.56,,,,,,,,,,,,,0.0,,,,,
도넛_딸기 우유크림 듬뿍 도넛,유제품 도넛,빵 및 과자류,87g,405,,5.75,,,,,,,,,,,,,0.0,,,,,
도넛_밀크크림 플라워 도넛,유제품 도넛,빵 및 과자류,71g,415,,5.63,,,,,,,,,,,,,0.0,,,,,
도넛_오리지널 우유 크림 필드 도넛,유제품 도넛,빵 및 과자류,62g,403,,6.45,,,,,,,,,,,,,0.0,,,,,
도넛_우유크림 듬뿍 도넛,유제품 도넛,빵 및 과자류,87g,395,,5.75,,,,,,,,,,,,,0.0,,,,,
도넛_베리베리크림 도넛,유제품 도넛,빵 및 과자류,100g,365,,5.0,,,,,,,,,,,,,0.0,,,,,
도넛_옛날왕슈크림 도넛,유제품 도넛,빵 및 과자류,95g,326,,6.32,,,,,,,,,,,,,0.0,,,,,
도넛_왕크림 도넛,유제품 도넛,빵 및 과자류,130g,335,33.85,6.15,,,,,,,,,,,,,0.0,,,,,
도넛_생크림폭탄 도넛,유제품 도넛,빵 및 과자류,55g,364,34.55,5.45,,,,,,,,,,,,,0.0,,,,,
도넛_생크림폭탄 도넛 (3개입),유제품 도넛,빵 및 과자류,165g,364,34.55,6.06,,,,,,,,,,,,,0.0,,,,,
유채김치,유채김치,김치류,100g,62,10.1,3.5,67.0,464.0,,,,,,,,,,222.0,1.83,,,56.0,,
유채나물,유채나물,나물·숙채류,90g,96,7.82,5.8,161.0,453.0,1.01,38.2,0.68,4.7,4752.98,341.76,47.38,7.87,,225.0,0.356,142.01,0.0,3.02,0.0,
유채나물,유채나물,나물·숙채류,100ml,36,4.89,3.7,146.0,384.0,1.28,27.6,0.37,3.3,,,,,0.15,196.0,0.6890000000000001,190.68,,49.3,0.0,0.91
유채나물_간장_소금,유채나물,나물·숙채류,70ml,22,2.4,2.1,85.0,200.0,0.7,,,1.7,,,,,,111.0,0.327,113.86,,29.05,0.0,
유채나물_된장,유채나물,나물·숙채류,80ml,30,3.65,2.79,98.0,255.0,0.87,,,2.3,,,,,,129.0,0.466,130.75,,33.17,0.0,
유채나물,유채나물,나물·숙채류,36.4ml,50,5.6,4.4,177.0,451.0,1.55,33.49,0.45,3.8,,,,,0.19,234.0,0.7989999999999999,228.83,,59.23,0.0,1.04
유채나물,유채나물,나물·숙채류,36.4ml,50,5.6,4.4,177.0,451.0,1.55,33.49,0.45,3.8,,,,,0.19,234.0,0.7989999999999999,228.83,,59.23,0.0,1.04
유채나물,유채나물,나물·숙채류,100ml,36,4.89,3.7,146.0,384.0,1.28,27.6,0.37,3.3,,,,,0.15,196.0,0.6890000000000001,190.68,,49.3,0.0,0.91
유채나물_간장_소금,유채나물,나물·숙채류,160ml,22,2.68,2.1,83.0,210.0,0.71,,,1.7,,,,,,113.0,0.359,109.0,,28.25,0.0,
유채무침,유채무침,채소무침류,79.2ml,60,12.47,3.4,119.0,340.0,1.1,26.88,0.34,3.0,,,,,0.12,179.0,0.739,152.39,,38.96,0.0,0.89
유채무침,유채무침,채소무침류,79.2ml,60,12.47,3.4,119.0,340.0,1.1,26.88,0.34,3.0,,,,,0.12,179.0,0.739,152.39,,38.96,0.0,0.89
유채무침,유채무침,채소무침류,79.2ml,60,12.47,3.4,119.0,340.0,1.1,26.88,0.34,3.0,,,,,0.12,179.0,0.739,152.39,,38.96,0.0,0.89
유채무침,유채무침,채소무침류,79.2ml,60,12.47,3.4,119.0,340.0,1.1,26.88,0.34,3.0,,,,,0.12,179.0,0.739,152.39,,38.96,0.0,0.89
유채물김치,유채물김치,김치류,100g,17,3.0,1.0,37.0,112.0,,,,,,,,,,3.0,0.82,,,19.0,,
육개장,육개장,국 및 탕류,440g,30,1.49,3.68,17.0,121.0,0.56,9.31,0.67,1.2,3446.33,294.25,70.15,9.28,,2.0,10.309,9.74,0.43,0.0,0.0,
육개장_닭고기,육개장,국 및 탕류,700g,20,1.41,2.74,16.0,106.0,0.19,8.43,0.18,0.7,2064.68,164.09,37.49,0.94,,1.0,1.306,17.46,0.06,0.1,0.0,
육개장_닭고기,육개장,국 및 탕류,420ml,39,2.46,5.0,18.0,120.0,0.53,10.99,0.27,0.8,,,,,0.02,21.0,1.352,12.75,,0.99,0.01,0.33
육개장_소고기,육개장,국 및 탕류,603ml,40,2.03,2.0,16.0,85.0,0.36,5.95,0.58,0.7,,,,,0.05,12.0,0.401,8.69,,0.77,0.0,0.34
육개장_돼지고기,육개장,국 및 탕류,320ml,46,3.47,5.8,13.0,178.0,0.36,18.01,0.53,1.0,,,,,0.04,16.0,1.1059999999999999,16.02,,0.93,0.05,0.32
육개장,육개장,국 및 탕류,119.39ml,47,1.58,3.0,30.0,101.0,0.47,9.49,0.75,0.9,,,,,0.07,22.0,0.493,20.53,,2.8,0.04,0.39
육개장_닭고기,육개장,국 및 탕류,200ml,32,1.16,3.3,13.0,76.0,0.26,8.91,0.29,0.6,,,,,0.06,15.0,0.813,12.5,,1.69,0.01,0.19
육개장_소고기,육개장,국 및 탕류,200ml,26,1.25,2.1,13.0,94.0,0.31,7.79,0.5,0.6,,,,,0.02,11.0,0.626,12.53,,1.85,0.01,0.19
육개장_돼지고기,육개장,국 및 탕류,227.4ml,46,3.45,5.8,13.0,178.0,0.36,17.94,0.53,1.0,,,,,0.04,16.0,1.1059999999999999,16.0,,0.93,0.05,0.32
육개장_닭고기,육개장,국 및 탕류,210ml,44,1.83,4.4,20.0,102.0,0.34,11.9,0.41,0.9,,,,,0.03,25.0,1.038,16.82,,2.59,0.01,0.35
육개장_소고기,육개장,국 및 탕류,220ml,33,1.96,2.6,18.0,123.0,0.4,10.16,0.64,1.0,,,,,0.02,17.0,0.753,17.28,,2.78,0.02,0.33
육개장_돼지고기,육개장,국 및 탕류,227.4ml,45,3.65,5.9,14.0,172.0,0.34,17.98,0.53,1.0,,,,,0.03,15.0,0.815,15.9,,0.89,0.0,0.3
육개장_닭고기,육개장,국 및 탕류,440ml,28,1.46,2.7,13.0,73.0,0.23,8.15,0.27,0.7,,,,,0.03,17.0,0.654,12.63,,1.94,0.01,0.33
육개장_소고기,육개장,국 및 탕류,440ml,26,1.41,1.9,13.0,81.0,0.3,7.23,0.49,0.7,,,,,0.02,13.0,0.398,13.77,,2.0,0.01,0.28
육개장_돼지고기,육개장,국 및 탕류,320ml,46,3.47,5.8,13.0,178.0,0.36,18.01,0.53,1.0,,,,,0.04,16.0,1.1059999999999999,16.02,,0.93,0.05,0.32
육회,육회,수·조·어·육류,150g,130,8.12,9.93,12.0,236.0,1.37,22.56,2.32,6.6,9150.07,774.6,210.87,10.15,,1.0,0.694,15.27,0.28,3.17,0.0,
육회,육회,수·조·어·육류,300ml,158,13.17,9.5,18.0,240.0,1.75,21.0,2.01,1.3,,,,,0.03,29.0,1.4049999999999998,17.68,,2.54,0.23,0.57
육회비빔밥,육회비빔밥,밥류,700ml,115,17.66,3.9,27.0,78.0,0.7,16.54,0.81,0.9,,,,,0.06,20.0,0.533,14.47,,0.16,0.07,0.38
율무밥,율무밥,밥류,270ml,118,25.56,2.2,2.0,58.0,0.48,9.58,0.58,0.3,,,,,0.0,0.0,0.489,4.5,,0.0,0.0,0.05
율무밥,율무밥,밥류,190ml,118,25.52,2.28,2.0,59.0,0.5,,,0.3,,,,,,0.0,0.494,4.66,,0.0,0.0,
율무밥,율무밥,밥류,270ml,118,25.56,2.23,2.0,58.0,0.48,,,0.3,,,,,,0.0,0.489,4.5,,0.0,0.0,
율무밥,율무밥,밥류,270ml,118,25.56,2.2,2.0,58.0,0.48,9.58,0.58,0.3,,,,,0.0,0.0,0.489,4.5,,0.0,0.0,0.05
율무죽,율무죽,죽 및 스프류,100g,77,13.75,3.26,3.0,58.0,1.11,,,0.7,,,,,,0.0,0.35800000000000004,,,0.0,0.0,
율무차,율무차,음료 및 차류,100ml,66,11.85,0.9,5.0,59.0,0.13,5.45,0.13,0.0,,,,,0.03,0.0,0.143,3.1,,0.0,0.0,0.14
율무차,율무차,음료 및 차류,100ml,59,12.64,0.8,3.0,30.0,0.11,5.45,0.13,0.0,,,,,0.0,0.0,0.16899999999999998,0.0,,0.0,0.0,0.14
은대구구이,은대구구이,생선구이류,100ml,137,0.03,9.2,74.0,190.0,1.54,18.68,0.21,0.0,,,,,1.75,0.0,0.0,0.7,,0.0,2.45,3.7
인절미,인절미,빵 및 과자류,100g,242,50.07,5.64,16.0,128.0,0.4,27.42,1.0,2.9,5186.31,463.92,75.15,4.01,,0.0,1.08,12.48,0.0,2.99,0.0,
인절미_콩고물,인절미,빵 및 과자류,100g,231,49.69,5.52,12.0,88.0,0.33,,,2.1,,,,,,0.0,0.509,,,0.0,0.0,
인절미_팥고물,인절미,빵 및 과자류,100g,204,44.8,4.2,16.0,58.0,1.9,,,,,,,,,0.0,0.7799999999999999,,,0.0,,
임연수구이,임연수구이,생선구이류,250g,198,1.4,21.52,107.0,384.0,0.0,44.9,0.66,0.4,-,1512.98,617.68,81.8,,16.0,9.494,9.95,7.29,0.28,,
임연수구이,임연수구이,생선구이류,100ml,81,0.73,8.0,6.0,3.0,3.2,13.79,0.45,0.0,,,,,0.89,9.0,1.581,3.73,,0.0,1.21,0.87
임연수구이,임연수구이,생선구이류,77.9ml,256,0.71,26.4,19.0,3.0,10.65,45.1,1.48,0.0,,,,,2.94,31.0,5.284,12.13,,0.0,4.04,2.82
임연수구이,임연수구이,생선구이류,77.9ml,256,0.71,26.4,19.0,3.0,10.65,45.1,1.48,0.0,,,,,2.94,31.0,5.284,12.13,,0.0,4.04,2.82
임연수구이,임연수구이,생선구이류,100ml,81,0.73,8.0,6.0,3.0,3.2,13.79,0.45,0.0,,,,,0.89,9.0,1.581,3.73,,0.0,1.21,0.87
임연수조림,임연수조림,조림류,56ml,144,6.95,15.9,24.0,158.0,6.24,34.67,1.1,0.8,,,,,1.46,24.0,3.364,23.34,,2.53,2.28,1.59
임연수조림,임연수조림,조림류,148.6ml,91,4.5,9.9,13.0,96.0,3.88,21.52,0.68,0.6,,,,,0.9,16.0,2.109,14.38,,1.92,1.41,0.99
임연수튀김,임연수튀김,튀김류,71.7ml,369,17.54,26.5,39.0,51.0,9.81,45.23,1.67,0.5,,,,,2.97,46.0,4.8389999999999995,26.78,,0.0,3.81,3.26
임연수튀김,임연수튀김,튀김류,73ml,181,9.29,12.7,20.0,27.0,4.65,21.67,0.81,0.3,,,,,1.39,22.0,2.27,11.85,,0.0,1.75,1.55
임연수튀김,임연수튀김,튀김류,73ml,180,9.48,12.7,20.0,27.0,4.64,21.67,0.81,0.3,,,,,1.39,23.0,2.286,13.73,,0.0,1.81,1.54
임연수튀김,임연수튀김,튀김류,71.7ml,372,17.18,26.5,38.0,50.0,9.82,45.23,1.67,0.5,,,,,2.97,44.0,4.807,23.29,,0.0,3.7,3.27
잉어 매운탕,잉어 매운탕,찌개 및 전골류,275.8ml,52,4.08,5.7,29.0,209.0,0.64,18.07,0.53,1.2,,,,,0.15,29.0,1.232,17.21,,3.12,3.55,0.86
자몽차_허니몽 아이스,자몽차,음료 및 차류,473g,52,,1.69,,,,,,,,,,,,,0.0,,,,,
자몽차_허니몽 핫,자몽차,음료 및 차류,355g,69,,2.25,,,,,,,,,,,,,0.0,,,,,
자몽차_자몽차 아이스,자몽차,음료 및 차류,946g,24,5.07,0.11,,,,,,,,,,,,,0.0,,,,,
자몽차_자몽차 아이스,자몽차,음료 및 차류,710g,24,4.65,0.14,,,,,,,,,,,,,0.0,,,,,
자몽차_자몽차 핫,자몽차,음료 및 차류,591g,28,5.58,0.17,,,,,,,,,,,,,0.0,,,,,
자몽차_자몽차,자몽차,음료 및 차류,360g,36,,0.17,,,,,,,,,,,,,0.0,,,,,
자몽차_자몽티 아이스,자몽차,음료 및 차류,591g,48,,0.08,,,,,,,,,,,,,0.0,,,,,
자몽차_자몽티 핫,자몽차,음료 및 차류,473g,27,,0.11,,,,,,,,,,,,,0.0,,,,,
자몽차_자몽차 아이스,자몽차,음료 및 차류,710g,42,,0.06,,,,,,,,,,,,,0.0,,,,,
자몽차_자몽차 핫,자몽차,음료 및 차류,591g,50,,0.07,,,,,,,,,,,,,0.0,,,,,
자몽차_자몽티 아이스,자몽차,음료 및 차류,650g,22,4.65,0.1,,,,,,,,,,,,,0.0,,,,,
자몽차_자몽티 핫,자몽차,음료 및 차류,500g,28,6.05,0.13,,,,,,,,,,,,,0.0,,,,,
자몽차_자몽티 아이스,자몽차,음료 및 차류,470g,21,,0.0,,,,,,,,,,,,,0.0,,,,,
자몽차_자몽티 핫,자몽차,음료 및 차류,310g,28,,0.0,,,,,,,,,,,,,0.0,,,,,
자몽차_꿀 자몽티 아이스,자몽차,음료 및 차류,473g,42,,0.08,,,,,,,,,,,,,0.0,,,,,
자몽차_꿀 자몽티 핫,자몽차,음료 및 차류,473g,54,,0.15,,,,,,,,,,,,,0.0,,,,,
자몽차_자몽티 아이스,자몽차,음료 및 차류,600g,40,,0.33,,,,,,,,,,,,,0.0,,,,,
자몽차_자몽티 핫,자몽차,음료 및 차류,400g,70,,0.25,,,,,,,,,,,,,0.0,,,,,
자몽차_자몽차 아이스,자몽차,음료 및 차류,946g,22,,0.12,,,,,,,,,,,,,0.0,,,,,
자몽차_자몽차 아이스,자몽차,음료 및 차류,591g,21,,0.12,,,,,,,,,,,,,0.0,,,,,
자몽차_자몽차 핫,자몽차,음료 및 차류,946g,22,,0.12,,,,,,,,,,,,,0.0,,,,,
자몽차_자몽차 핫,자몽차,음료 및 차류,591g,21,,0.12,,,,,,,,,,,,,0.0,,,,,
자몽차_루비자몽 아이스,자몽차,음료 및 차류,470g,56,14.04,0.0,,,,,,,,,,,,,0.0,,,,,
자몽차_루비자몽 핫,자몽차,음료 및 차류,410g,64,16.1,0.0,,,,,,,,,,,,,0.0,,,,,
자몽차_시트러스자몽 아이스,자몽차,음료 및 차류,486g,33,8.23,0.0,,,,,,,,,,,,,0.0,,,,,
자몽차_자몽티,자몽차,음료 및 차류,360g,40,,0.28,,,,,,,,,,,,,0.0,,,,,
자몽차_자몽블랙티,자몽차,음료 및 차류,360g,45,,0.03,,,,,,,,,,,,,0.0,,,,,
자몽차_자몽 네이블 오렌지 아이스,자몽차,음료 및 차류,651g,49,,0.15,,,,,,,,,,,,,0.0,,,,,
자몽차_자몽 네이블 오렌지 핫,자몽차,음료 및 차류,414g,47,,0.1,,,,,,,,,,,,,0.0,,,,,
자몽차_자몽 네이블오렌지,자몽차,음료 및 차류,230g,59,14.78,0.0,,,,,,,,,,,,,0.0,,,,,
자몽차_자몽차,자몽차,음료 및 차류,414g,45,,0.08,,,,,,,,,,,,,0.0,,,,,
자몽차_자몽차,자몽차,음료 및 차류,100g,30,,0.13,,,,,,,,,,,,,0.0,,,,,
자몽차_자몽티 아이스,자몽차,음료 및 차류,591g,36,,0.17,,,,,,,,,,,,,0.0,,,,,
자몽차_자몽티 핫,자몽차,음료 및 차류,650g,49,,0.31,,,,,,,,,,,,,0.0,,,,,
자몽차_자몽차 아이스,자몽차,음료 및 차류,450g,49,,0.22,,,,,,,,,,,,,0.0,,,,,
자몽차_자몽차 핫,자몽차,음료 및 차류,450g,49,,0.22,,,,,,,,,,,,,0.0,,,,,
자몽차_꿀자몽티,자몽차,음료 및 차류,100g,58,14.3,0.13,,,,,,,,,,,,,0.0,,,,,
자몽차_자몽차,자몽차,음료 및 차류,450g,30,,0.14,,,,,,,,,,,,,0.0,,,,,
자몽차_자몽차,자몽차,음료 및 차류,400g,26,,0.13,,,,,,,,,,,,,0.0,,,,,
자몽차_자몽티 아이스,자몽차,음료 및 차류,360g,32,,0.11,,,,,,,,,,,,,0.0,,,,,
자몽차_자몽티 핫,자몽차,음료 및 차류,360g,32,,0.11,,,,,,,,,,,,,0.0,,,,,
자몽차_캐모마일 자몽 릴렉싱티,자몽차,음료 및 차류,509g,29,,0.08,,,,,,,,,,,,,0.0,,,,,
자몽차_자몽티,자몽차,음료 및 차류,591ml,41,10.03,0.0,,,,,,,,,,,,,0.0,,,,,
자몽차_자몽티 아이스,자몽차,음료 및 차류,410g,24,5.85,0.24,,,,,,,,,,,,,0.0,,,,,
자몽차_자몽티 핫,자몽차,음료 및 차류,310g,32,7.74,0.32,,,,,,,,,,,,,0.0,,,,,
자몽차_허니 자몽티,자몽차,음료 및 차류,310g,52,12.9,0.32,,,,,,,,,,,,,0.0,,,,,
자몽차_자몽티 아이스,자몽차,음료 및 차류,415g,41,,0.0,,,,,,,,,,,,,0.0,,,,,
자몽차_자몽티 핫,자몽차,음료 및 차류,385g,41,,0.0,,,,,,,,,,,,,0.0,,,,,
자몽차_오렌지자몽티 아이스,자몽차,음료 및 차류,473g,38,,0.21,,,,,,,,,,,,,0.0,,,,,
자몽차_오렌지자몽티 아이스,자몽차,음료 및 차류,414g,31,,0.24,,,,,,,,,,,,,0.0,,,,,
자몽차_오렌지자몽티 핫,자몽차,음료 및 차류,473g,47,,0.21,,,,,,,,,,,,,0.0,,,,,
자몽차_홍자몽차 아이스,자몽차,음료 및 차류,354g,38,,0.28,,,,,,,,,,,,,0.0,,,,,
자몽차_홍자몽차 핫,자몽차,음료 및 차류,354g,38,,0.28,,,,,,,,,,,,,0.0,,,,,
자몽홍차_허니자몽블랙티 아이스,자몽홍차,음료 및 차류,710g,37,,0.06,,,,,,,,,,,,,0.0,,,,,
자몽홍차_허니자몽블랙티 핫,자몽홍차,음료 및 차류,591g,51,,0.1,,,,,,,,,,,,,0.0,,,,,
자몽홍차_자몽허니블랙티 아이스,자몽홍차,음료 및 차류,650g,33,8.04,0.18,,,,,,,,,,,,,0.0,,,,,
자몽홍차_자몽허니블랙티 핫,자몽홍차,음료 및 차류,500g,43,10.45,0.23,,,,,,,,,,,,,0.0,,,,,
자몽홍차_오렌지자몽블랙티 아이스,자몽홍차,음료 및 차류,600g,18,,0.01,,,,,,,,,,,,,0.0,,,,,
자몽홍차_오렌지자몽블랙티 핫,자몽홍차,음료 및 차류,350g,31,,0.02,,,,,,,,,,,,,0.0,,,,,
자몽홍차_자몽 허니 블랙티 아이스(ICED),자몽홍차,음료 및 차류,355g,35,,0.0,,,,,,,,,,,,,0.0,,,,,
자몽홍차_자몽 허니 블랙티 핫(HOT),자몽홍차,음료 및 차류,355g,35,,0.0,,,,,,,,,,,,,0.0,,,,,
자몽홍차_허니자몽블랙티 아이스,자몽홍차,음료 및 차류,591g,62,,0.17,,,,,,,,,,,,,0.0,,,,,
자몽홍차_허니자몽블랙티 핫,자몽홍차,음료 및 차류,650g,62,,0.15,,,,,,,,,,,,,0.0,,,,,
자몽홍차_허니자몽블랙티,자몽홍차,음료 및 차류,100g,55,13.53,0.14,,,,,,,,,,,,,0.0,,,,,
자몽홍차_허니 자몽 블랙티,자몽홍차,음료 및 차류,505g,39,,0.08,,,,,,,,,,,,,0.0,,,,,
자몽홍차_자몽허니블랙티 아이스,자몽홍차,음료 및 차류,591ml,40,9.63,0.07,,,,,,,,,,,,,0.0,,,,,
자몽홍차_꿀 자몽 블랙티,자몽홍차,음료 및 차류,595g,47,,0.0,,,,,,,,,,,,,0.0,,,,,
자장면,자장면,면 및 만두류,600g,88,14.37,2.69,12.0,63.0,0.07,8.54,0.21,1.4,2241.99,172.19,33.39,8.06,,1.0,1.1059999999999999,8.19,0.14,4.21,0.0,
자장면,자장면,면 및 만두류,650g,123,20.56,3.04,13.0,71.0,0.0,0.0,0.0,3.3,-,0.0,0.0,0.0,,1.0,0.9059999999999999,0.0,0.0,0.0,,
자장면_삼선,자장면,면 및 만두류,700g,115,18.08,4.81,17.0,91.0,0.0,12.34,0.33,1.5,-,311.77,72.19,0.0,,1.0,2.0620000000000003,0.0,0.0,0.7,,
자장면,자장면,면 및 만두류,600ml,165,29.07,5.4,20.0,238.0,0.39,,,1.8,,,,,,1.0,0.629,17.18,,3.13,0.01,
자장면,자장면,면 및 만두류,460ml,105,19.22,3.77,12.0,157.0,0.28,,,1.3,,,,,,8.0,0.491,12.67,,1.93,0.01,
자장면,자장면,면 및 만두류,650ml,114,20.92,4.03,13.0,176.0,0.3,,,1.3,,,,,,9.0,0.493,12.75,,1.99,0.02,
자장면,자장면,면 및 만두류,550ml,126,22.05,4.0,15.0,178.0,0.32,,,1.5,,,,,,7.0,0.534,17.53,,2.93,0.01,
자장밥,자장밥,밥류,470g,122,15.57,4.27,11.0,137.0,0.41,10.28,0.55,2.1,3384.69,282.74,31.11,4.28,,11.0,0.9019999999999999,11.3,0.0,3.94,0.0,
자장밥,자장밥,밥류,500g,148,24.01,3.05,11.0,75.0,0.0,0.0,0.0,2.4,-,0.0,0.0,0.0,,1.0,0.7529999999999999,0.0,0.0,0.0,,
잔멸치 튀김,잔멸치 튀김,튀김류,235.6ml,67,2.9,4.0,54.0,51.0,0.11,29.9,0.43,0.1,,,,,0.46,0.0,0.258,9.31,,0.01,1.47,0.38
잔멸치볶음_견과류,잔멸치볶음,볶음류,50g,388,22.64,24.34,348.0,478.0,2.14,203.52,2.38,11.0,27823.08,2184.24,569.38,91.24,,59.0,8.74,72.74,3.1,4.6,0.0,
잔멸치볶음_꽈리고추,잔멸치볶음,볶음류,50g,293,9.24,24.78,442.0,319.0,1.3,205.38,1.94,6.5,28019.58,2268.64,752.12,111.04,,76.0,6.5,33.1,2.9,6.26,0.0,
잔멸치볶음_풋고추,잔멸치볶음,볶음류,50g,256,16.94,28.24,499.0,253.0,0.92,333.32,2.2,8.3,30504.34,2562.88,810.78,108.04,,171.0,5.0200000000000005,58.26,2.62,4.32,0.0,
잔멸치볶음_홍고추_풋고추,잔멸치볶음,볶음류,50g,228,5.72,33.28,435.0,665.0,1.62,224.38,3.56,6.5,25968.48,2228.12,745.04,168.94,,120.0,6.7,121.52,4.76,3.7,1.68,
잔멸치볶음,잔멸치볶음,볶음류,100g,330,27.43,34.97,756.0,486.0,2.08,,,0.4,,,,,,,4.449999999999999,,,0.0,3.1,
잔멸치볶음,잔멸치볶음,볶음류,40ml,118,5.82,14.1,203.0,185.0,0.35,111.09,1.6,0.1,,,,,0.94,2.0,0.973,34.53,,0.07,5.53,0.24
잔멸치볶음_간장,잔멸치볶음,볶음류,61ml,194,10.14,14.9,212.0,209.0,0.46,118.27,1.69,0.2,,,,,1.37,0.0,1.18,37.03,,0.0,5.65,0.81
잔멸치볶음_견과류,잔멸치볶음,볶음류,50ml,164,6.15,13.6,175.0,219.0,0.88,121.93,1.8,1.3,,,,,0.98,0.0,1.419,44.42,,0.01,4.19,1.88
잔멸치볶음_잔멸치,잔멸치볶음,볶음류,40ml,118,5.82,14.05,203.0,185.0,0.35,,,0.1,,,,,,2.0,0.974,34.53,,0.07,5.53,
잔멸치볶음_잔멸치_견과류,잔멸치볶음,볶음류,50ml,163,6.13,13.61,175.0,217.0,0.9,,,1.3,,,,,,0.0,1.476,46.45,,0.02,4.19,
잔멸치볶음_잔멸치_꽈리고추,잔멸치볶음,볶음류,70ml,64,3.1,7.65,109.0,149.0,0.3,,,0.7,,,,,,8.0,0.714,35.31,,10.2,2.86,
잔멸치볶음_풋고추,잔멸치볶음,볶음류,110ml,93,5.97,9.6,135.0,160.0,0.33,76.6,1.09,0.5,,,,,0.7,3.0,0.755,26.35,,3.75,3.59,0.24
잔멸치볶음_모듬,잔멸치볶음,볶음류,110ml,115,6.59,10.6,149.0,162.0,0.42,86.43,1.25,0.5,,,,,0.97,3.0,0.91,29.96,,1.11,3.84,0.44
잔멸치볶음,잔멸치볶음,볶음류,42ml,130,6.66,10.4,152.0,135.0,0.27,82.62,1.19,0.1,,,,,0.92,0.0,0.7100000000000001,26.1,,0.1,4.1,0.5
잔멸치볶음_간장_고추장,잔멸치볶음,볶음류,110ml,109,6.7,11.3,163.0,157.0,0.34,89.84,1.29,0.2,,,,,0.96,4.0,0.844,28.11,,0.06,4.33,0.29
잔멸치볶음_견과류,잔멸치볶음,볶음류,50ml,120,7.25,7.0,95.0,119.0,0.47,62.63,0.9,0.8,,,,,0.63,0.0,0.74,20.72,,0.12,2.08,0.73
잔멸치볶음_고추장,잔멸치볶음,볶음류,35ml,231,17.05,17.0,243.0,243.0,0.5,135.07,1.94,0.4,,,,,1.48,10.0,1.2630000000000001,42.22,,0.14,6.58,0.88
잔멸치볶음_꽈리고추,잔멸치볶음,볶음류,40ml,90,7.16,7.1,102.0,120.0,0.28,57.23,0.82,0.4,,,,,0.55,3.0,0.622,26.02,,4.85,2.62,0.27
잔멸치볶음_잔멸치_견과류,잔멸치볶음,볶음류,50ml,120,7.24,7.04,95.0,119.0,0.47,,,0.8,,,,,,0.0,0.736,20.89,,0.12,2.08,
잔멸치볶음_잔멸치_꽈리고추,잔멸치볶음,볶음류,40ml,90,7.16,7.08,102.0,120.0,0.28,,,0.4,,,,,,3.0,0.622,26.02,,4.85,2.62,
잔멸치볶음_풋고추,잔멸치볶음,볶음류,110ml,93,5.97,9.6,135.0,160.0,0.33,76.6,1.09,0.5,,,,,0.7,3.0,0.755,26.35,,3.75,3.59,0.24
잔멸치볶음,잔멸치볶음,볶음류,42ml,130,6.66,10.4,152.0,133.0,0.27,82.62,1.19,0.1,,,,,0.64,0.0,0.7140000000000001,26.1,,0.14,4.1,0.5
잔멸치볶음_간장_고추장,잔멸치볶음,볶음류,110ml,109,6.7,11.3,163.0,157.0,0.34,89.84,1.29,0.2,,,,,0.96,4.0,0.844,28.11,,0.06,4.33,0.29
잔멸치볶음_견과류,잔멸치볶음,볶음류,50ml,147,8.18,9.8,132.0,168.0,0.59,85.69,1.22,1.1,,,,,0.85,0.0,1.06,28.66,,0.31,2.92,0.83
잔멸치볶음_고추장,잔멸치볶음,볶음류,35ml,231,17.05,17.0,243.0,243.0,0.5,135.07,1.94,0.4,,,,,1.48,10.0,1.2630000000000001,42.22,,0.14,6.58,0.88
잔멸치볶음_잔멸치_견과류,잔멸치볶음,볶음류,50ml,147,8.17,9.77,132.0,168.0,0.59,,,1.2,,,,,,0.0,1.058,28.75,,0.31,2.92,
잔멸치볶음_풋고추,잔멸치볶음,볶음류,110ml,93,5.99,9.5,135.0,157.0,0.32,76.62,1.1,0.5,,,,,0.45,3.0,0.766,26.39,,3.79,3.59,0.24
잔멸치볶음_간장,잔멸치볶음,볶음류,61ml,194,10.14,14.9,212.0,209.0,0.46,118.27,1.69,0.2,,,,,1.37,0.0,1.18,37.03,,0.0,5.65,0.81
잔멸치볶음_간장_고추장,잔멸치볶음,볶음류,110ml,109,6.7,11.3,163.0,157.0,0.34,89.84,1.29,0.2,,,,,0.96,4.0,0.844,28.11,,0.06,4.33,0.29
잔멸치볶음_견과류,잔멸치볶음,볶음류,110ml,154,7.26,10.7,138.0,177.0,0.73,92.18,1.39,1.2,,,,,1.13,0.0,1.2189999999999999,35.46,,0.07,3.17,0.97
잔멸치볶음_꽈리고추,잔멸치볶음,볶음류,77.4ml,156,13.07,12.0,170.0,202.0,0.44,97.96,1.36,0.5,,,,,0.96,5.0,1.087,42.95,,7.33,4.45,0.48
잔멸치볶음_풋고추,잔멸치볶음,볶음류,101.5ml,108,6.71,7.1,99.0,133.0,0.29,56.16,0.82,0.6,,,,,0.7,4.0,0.613,21.12,,4.53,2.54,0.51
잔치국수,잔치국수,면 및 만두류,800ml,61,10.58,2.4,23.0,83.0,0.33,9.87,0.19,0.9,,,,,0.02,15.0,0.21399999999999997,12.06,,0.77,0.03,0.21
잔치국수,잔치국수,면 및 만두류,400ml,67,12.19,2.35,10.0,73.0,0.32,,,0.6,,,,,,12.0,0.532,7.91,,0.53,0.03,
잔치국수,잔치국수,면 및 만두류,500ml,66,11.84,2.34,11.0,73.0,0.32,,,0.7,,,,,,13.0,0.515,9.11,,0.91,0.04,
잔치국수,잔치국수,면 및 만두류,650ml,63,12.03,1.99,9.0,59.0,0.22,,,0.6,,,,,,12.0,0.327,8.53,,1.4,0.02,
잡곡밥,잡곡밥,밥류,200g,146,29.33,5.3,17.0,157.0,1.33,35.31,0.93,6.1,5205.76,431.0,83.54,0.45,,0.0,0.28,14.68,0.0,0.0,0.0,
잡곡밥,잡곡밥,밥류,250ml,131,27.13,3.1,7.0,74.0,0.31,15.65,0.73,1.4,,,,,0.03,0.0,0.451,16.05,,0.1,0.0,0.2
잡곡밥_보리,잡곡밥,밥류,300ml,137,28.75,3.1,6.0,69.0,0.29,18.13,0.75,1.5,,,,,0.02,0.0,0.523,12.85,,0.09,0.0,0.23
잡곡밥_보리_흑미,잡곡밥,밥류,300ml,135,28.32,3.0,6.0,64.0,0.25,17.86,0.73,1.3,,,,,0.02,0.0,0.528,12.07,,0.08,0.0,0.23
잡곡밥_서리태,잡곡밥,밥류,300ml,134,27.35,3.4,8.0,87.0,0.33,19.57,0.75,1.5,,,,,0.04,0.0,0.521,18.25,,0.17,0.0,0.27
잡곡밥_현미,잡곡밥,밥류,300ml,132,28.08,2.9,6.0,92.0,0.58,19.85,0.73,1.1,,,,,0.02,0.0,0.705,11.96,,0.08,0.0,0.2
잡곡밥_보리,잡곡밥,밥류,300ml,137,28.75,3.1,6.0,69.0,0.29,18.13,0.75,1.5,,,,,0.02,0.0,0.523,12.85,,0.09,0.0,0.23
잡곡밥_보리_흑미,잡곡밥,밥류,300ml,134,28.55,2.8,5.0,89.0,0.57,17.86,0.73,1.0,,,,,0.02,0.0,0.653,11.19,,0.07,0.0,0.17
잡곡밥_서리태,잡곡밥,밥류,300ml,133,27.58,3.3,8.0,110.0,0.64,19.57,0.75,1.3,,,,,0.04,0.0,0.642,17.47,,0.17,0.0,0.21
잡곡밥_현미,잡곡밥,밥류,300ml,133,27.88,3.0,6.0,70.0,0.29,19.85,0.73,1.4,,,,,0.02,0.0,0.5529999999999999,12.58,,0.08,0.0,0.26
잡곡밥_보리,잡곡밥,밥류,300ml,137,28.75,3.1,6.0,69.0,0.29,18.13,0.75,1.5,,,,,0.02,0.0,0.523,12.85,,0.09,0.0,0.23
잡곡밥_보리_흑미,잡곡밥,밥류,300ml,135,28.32,3.0,6.0,64.0,0.25,17.86,0.73,1.3,,,,,0.02,0.0,0.528,12.07,,0.08,0.0,0.23
잡곡밥_현미,잡곡밥,밥류,300ml,133,27.88,3.0,6.0,70.0,0.29,19.85,0.73,1.4,,,,,0.02,0.0,0.5529999999999999,12.58,,0.08,0.0,0.26
잡곡밥,잡곡밥,밥류,450ml,109,23.37,2.2,3.0,39.0,0.18,13.92,0.59,0.9,,,,,0.01,0.0,0.416,5.99,,0.0,0.0,0.15
잡곡밥_보리,잡곡밥,밥류,300ml,137,28.75,3.1,6.0,69.0,0.29,18.13,0.75,1.5,,,,,0.02,0.0,0.523,12.85,,0.09,0.0,0.23
잡곡밥_보리_흑미,잡곡밥,밥류,300ml,135,28.32,3.0,6.0,64.0,0.25,17.86,0.73,1.3,,,,,0.02,0.0,0.528,12.07,,0.08,0.0,0.23
잡곡밥_서리태,잡곡밥,밥류,300ml,134,27.35,3.4,8.0,87.0,0.33,19.57,0.75,1.5,,,,,0.04,0.0,0.521,18.25,,0.17,0.0,0.27
잡곡밥_현미,잡곡밥,밥류,300ml,133,27.88,3.0,6.0,70.0,0.29,19.85,0.73,1.4,,,,,0.02,0.0,0.5529999999999999,12.58,,0.08,0.0,0.26
잡곡죽,잡곡죽,죽 및 스프류,324.6ml,81,14.21,3.5,13.0,140.0,0.67,20.32,0.6,2.4,,,,,0.09,0.0,0.332,33.21,,0.28,0.0,0.24
잡곡죽,잡곡죽,죽 및 스프류,324.6ml,81,14.21,3.5,13.0,140.0,0.67,20.32,0.6,2.4,,,,,0.09,0.0,0.332,33.21,,0.28,0.0,0.24
잡곡죽,잡곡죽,죽 및 스프류,324.6ml,81,14.21,3.5,13.0,140.0,0.67,20.32,0.6,2.4,,,,,0.09,0.0,0.332,33.21,,0.28,0.0,0.24
잡채_간편조리세트_소고기 버섯 잡채,잡채,볶음류,341g,153,22.13,2.74,100.0,106.0,1.32,,,1.5,,,,,,,0.534,,,0.0,0.0,
잡채,잡채,볶음류,200g,146,24.26,4.71,36.0,201.0,1.65,18.44,0.77,3.7,4212.28,358.74,88.04,6.52,,35.0,1.155,11.2,0.09,0.0,0.0,
잡채_어묵,잡채,볶음류,280g,148,26.13,2.34,34.0,48.0,1.14,9.12,0.2,1.7,2194.18,171.26,53.26,5.78,,12.0,0.1,5.86,0.0,0.0,0.0,
잡채_콩나물,잡채,볶음류,230g,67,12.55,1.93,36.0,148.0,0.41,16.61,0.36,3.6,1691.22,116.82,18.39,4.41,,29.0,0.039,8.79,0.0,0.0,0.0,
잡채_고추,잡채,볶음류,200g,128,13.09,5.5,16.0,135.0,0.01,0.0,0.0,2.3,-,0.0,0.0,0.0,,14.0,1.1929999999999998,0.0,0.0,4.44,,
잡채_소고기,잡채,볶음류,194ml,162,21.09,3.8,48.0,242.0,1.57,27.53,0.92,2.4,,,,,0.2,84.0,1.024,24.42,,5.92,0.09,0.46
잡채_부추,잡채,볶음류,200ml,68,10.37,2.6,20.0,64.0,1.2,8.27,0.31,1.3,,,,,0.07,11.0,0.6930000000000001,14.5,,1.86,0.05,0.22
잡채_돼지고기,잡채,볶음류,100ml,93,14.87,3.02,22.0,146.0,0.93,,,1.0,,,,,,47.0,0.9219999999999999,15.63,,3.66,0.02,
잡채_버섯_소고기,잡채,볶음류,97.6ml,129,17.88,3.2,36.0,181.0,1.32,17.31,0.78,2.4,,,,,0.02,50.0,1.652,18.56,,1.32,0.08,0.25
잡채_소고기,잡채,볶음류,90ml,106,16.78,2.84,27.0,161.0,1.18,,,1.2,,,,,,56.0,0.916,19.26,,4.62,0.02,
잡채_돼지고기,잡채,볶음류,140ml,109,18.82,3.16,27.0,161.0,1.11,,,1.2,,,,,,49.0,1.015,17.35,,3.79,0.03,
잡채_버섯_소고기,잡채,볶음류,97.6ml,129,17.88,3.2,36.0,181.0,1.32,17.31,0.78,2.4,,,,,0.02,50.0,1.652,18.56,,1.32,0.08,0.25
잡채_소고기,잡채,볶음류,118.7ml,112,16.38,2.5,31.0,202.0,1.17,20.84,0.65,1.5,,,,,0.03,93.0,0.7050000000000001,22.63,,6.42,0.02,0.26
잡채_돼지고기,잡채,볶음류,190ml,126,21.92,2.69,31.0,137.0,1.28,,,1.2,,,,,,46.0,0.804,14.77,,3.7,0.04,
잡채_버섯,잡채,볶음류,180ml,107,20.62,0.94,31.0,94.0,1.25,,,1.4,,,,,,33.0,0.619,14.31,,3.4,0.02,
잡채_간편조리세트_소고기 버섯 잡채,잡채,볶음류,512g,105,19.97,2.18,20.0,120.0,0.75,,,1.0,,,,,,,0.5469999999999999,,,0.49,0.0,
잡채밥,잡채밥,밥류,550g,150,25.79,4.02,16.0,148.0,0.78,13.47,0.85,3.0,2936.67,262.26,43.6,3.85,,118.0,0.8520000000000001,17.2,0.07,4.31,0.0,
잡채밥,잡채밥,밥류,572ml,113,19.65,3.1,9.0,90.0,0.37,11.96,0.52,0.7,,,,,0.07,27.0,0.579,8.98,,1.96,0.02,0.26
잡채밥,잡채밥,밥류,449.2ml,102,18.82,2.9,19.0,81.0,0.32,11.29,0.49,0.7,,,,,0.02,25.0,0.522,8.71,,1.78,0.01,0.18
잡채밥,잡채밥,밥류,449.2ml,102,18.82,2.9,19.0,81.0,0.32,11.29,0.49,0.7,,,,,0.02,25.0,0.522,8.71,,1.78,0.01,0.18
잡채밥,잡채밥,밥류,591ml,107,20.43,2.8,9.0,85.0,0.34,11.71,0.5,0.7,,,,,0.01,26.0,0.543,8.95,,1.86,0.01,0.18
잡탕밥,잡탕밥,밥류,750g,104,13.99,5.88,24.0,69.0,0.01,0.0,0.0,1.8,-,0.0,0.0,0.0,,11.0,0.443,0.0,0.0,0.0,,
잡탕밥,잡탕밥,밥류,550ml,115,18.63,5.5,8.0,120.0,0.29,15.39,0.7,0.8,,,,,0.16,2.0,0.824,11.09,,0.63,0.53,0.33
잡탕전골,잡탕전골,찌개 및 전골류,485.7ml,56,4.99,4.9,16.0,116.0,1.17,18.04,0.63,0.7,,,,,0.11,18.0,0.531,11.03,,0.74,0.5,0.27
잣죽,잣죽,죽 및 스프류,700g,125,22.18,2.74,5.0,44.0,0.0,12.7,0.42,0.8,-,170.18,40.27,0.0,,0.0,0.22699999999999998,0.0,0.0,0.0,,
잣죽,잣죽,죽 및 스프류,259ml,121,17.92,2.5,3.0,19.0,1.14,22.34,0.84,0.7,,,,,0.01,0.0,0.384,6.19,,0.0,0.0,0.54
잣죽,잣죽,죽 및 스프류,145ml,151,24.83,3.0,4.0,27.0,1.1,24.1,0.98,0.8,,,,,0.01,0.0,0.48100000000000004,7.45,,0.0,0.0,0.55
장국국수,장국국수,면 및 만두류,800ml,72,9.82,3.3,24.0,50.0,0.42,7.79,0.39,0.3,,,,,0.06,5.0,0.259,6.65,,0.25,0.03,0.12
장국국수,장국국수,면 및 만두류,215.9ml,144,21.12,6.4,51.0,95.0,0.77,18.5,0.68,0.6,,,,,0.09,8.0,0.40599999999999997,11.77,,0.23,0.07,0.2
장국국수,장국국수,면 및 만두류,215.9ml,144,21.12,6.4,51.0,95.0,0.77,18.5,0.68,0.6,,,,,0.09,8.0,0.40599999999999997,11.77,,0.23,0.07,0.2
장국국수,장국국수,면 및 만두류,736.8ml,71,10.64,3.1,22.0,49.0,0.39,9.52,0.34,0.4,,,,,0.04,5.0,0.232,7.75,,0.28,0.06,0.1
장떡,장떡,전·적 및 부침류,70ml,197,27.28,3.67,16.0,106.0,0.59,,,1.8,,,,,,28.0,0.496,14.75,,2.71,0.0,
장어 덮밥,장어 덮밥,밥류,500ml,95,15.04,3.5,12.0,28.0,0.33,10.26,0.42,0.4,,,,,0.31,68.0,0.627,6.07,,0.12,0.6,0.29
장어 덮밥,장어 덮밥,밥류,500ml,95,15.04,3.5,12.0,28.0,0.33,10.26,0.42,0.4,,,,,0.31,68.0,0.627,6.07,,0.12,0.6,0.29
장어 양념구이,장어 양념구이,생선구이류,68.9ml,331,16.91,16.5,186.0,408.0,2.33,42.14,1.96,1.7,,,,,2.28,1119.0,6.423,25.59,,1.35,18.29,8.51
장어 양념구이_들깨,장어 양념구이,생선구이류,84ml,180,14.4,14.4,20.0,254.0,1.5,31.29,0.59,0.9,,,,,1.32,448.0,3.842,15.1,,1.85,3.34,1.12
장어 양념구이,장어 양념구이,생선구이류,69ml,331,16.89,16.5,186.0,407.0,2.33,42.08,1.96,1.7,,,,,2.28,1117.0,6.414,25.55,,1.35,18.26,8.5
장어 양념구이,장어 양념구이,생선구이류,69ml,331,16.89,16.5,186.0,407.0,2.33,42.08,1.96,1.7,,,,,2.28,1117.0,6.414,25.55,,1.35,18.26,8.5
장어 양념구이,장어 양념구이,생선구이류,68.9ml,331,16.91,16.5,186.0,408.0,2.33,42.14,1.96,1.7,,,,,2.28,1119.0,6.423,25.59,,1.35,18.29,8.51
장어 초밥,장어 초밥,밥류,500ml,95,15.04,3.5,12.0,28.0,0.33,10.26,0.42,0.4,,,,,0.31,68.0,0.627,6.07,,0.12,0.6,0.29
장어구이_고추장,장어구이,생선구이류,100g,259,6.18,19.82,165.0,262.0,0.72,24.27,2.53,2.0,16809.63,1173.02,425.81,40.51,,686.0,4.67,20.09,3.38,1.68,2.4,
장어구이_붕장어_소금,장어구이,생선구이류,100g,297,11.6,26.0,164.0,545.0,0.0,37.38,1.44,1.0,-,2033.04,774.73,145.28,,439.0,0.58,12.64,0.0,0.0,,
장어구이_양념,장어구이,생선구이류,150g,289,5.87,20.51,144.0,277.0,0.01,0.0,0.0,0.9,-,0.0,0.0,0.0,,973.0,5.583,0.0,0.0,0.12,,
장어구이_고추장,장어구이,생선구이류,190ml,134,4.82,10.05,64.0,191.0,0.99,,,0.6,,,,,,540.0,3.305,10.77,,1.08,7.98,
장어구이_소금,장어구이,생선구이류,185ml,137,0.23,9.94,83.0,154.0,1.02,,,0.0,,,,,,616.0,3.3920000000000003,9.82,,0.71,9.91,
장어매운탕,장어매운탕,찌개 및 전골류,275.8ml,58,4.08,5.7,25.0,115.0,0.41,18.91,0.36,1.2,,,,,0.27,118.0,1.1219999999999999,16.96,,3.38,1.11,0.6
장어매운탕,장어매운탕,찌개 및 전골류,451.9ml,25,1.74,2.4,11.0,49.0,0.18,8.1,0.16,0.5,,,,,0.12,51.0,0.482,7.26,,1.45,0.48,0.26
장어매운탕,장어매운탕,찌개 및 전골류,275.8ml,57,3.97,5.7,26.0,117.0,0.41,18.95,0.37,1.2,,,,,0.27,118.0,1.1019999999999999,17.05,,3.14,1.11,0.6
장어탕,장어탕,국 및 탕류,800g,67,3.68,4.32,32.0,146.0,0.38,19.09,0.5,1.1,3985.77,286.77,75.37,28.58,,66.0,1.769,23.45,0.21,0.66,0.0,
장어튀김,장어튀김,튀김류,67.2ml,209,6.64,10.2,97.0,169.0,1.16,15.41,1.07,0.3,,,,,1.55,615.0,3.333,14.64,,0.59,10.45,4.82
장어튀김,장어튀김,튀김류,67.2ml,209,6.64,10.2,97.0,169.0,1.16,15.41,1.07,0.3,,,,,1.55,615.0,3.333,14.64,,0.59,10.45,4.82
장조림_달걀,장조림,조림류,100g,138,8.67,9.85,38.0,180.0,1.45,15.76,0.8,1.5,8644.03,743.41,203.82,13.45,,148.0,2.62,63.68,0.59,0.16,0.0,
장조림_메추리알,장조림,조림류,100g,203,6.3,14.25,74.0,132.0,2.93,20.74,1.79,0.8,13631.1,1156.13,460.63,70.59,,194.0,5.5600000000000005,127.24,5.11,1.3,0.74,
장조림_소고기,장조림,조림류,100g,69,4.84,10.41,8.0,154.0,1.11,14.49,1.82,0.8,9643.64,784.75,249.63,8.86,,2.0,1.0,7.5,0.74,0.7,0.0,
장조림_소고기_메추리알,장조림,조림류,100g,157,15.56,11.69,25.0,282.0,1.93,26.36,2.09,1.7,10447.77,890.72,238.62,17.37,,22.0,1.55,48.35,1.04,1.18,0.0,
장조림_돼지고기_메추리알,장조림,조림류,50g,127,6.74,16.67,18.0,201.0,0.0,18.98,1.62,1.1,-,1384.96,426.18,0.0,,28.0,2.286,0.0,0.0,0.06,,
장조림_소고기_메추리알,장조림,조림류,50g,121,5.77,16.27,17.0,173.0,0.0,17.84,2.8,1.2,-,1401.92,445.12,0.0,,26.0,2.17,0.0,0.0,0.05,,
장조림_우엉,장조림,조림류,100g,149,34.37,2.1,40.0,95.0,0.91,,,4.8,,,,,,0.0,0.122,,,0.11,0.0,
장조림_메추리알,장조림,조림류,75ml,96,5.61,6.62,33.0,107.0,1.39,,,0.4,,,,,,96.0,0.5539999999999999,51.85,,4.17,1.05,
장조림_돼지고기_메추리알,장조림,조림류,100ml,117,4.53,12.37,19.0,201.0,1.01,,,0.2,,,,,,45.0,2.215,25.16,,1.26,0.72,
장조림_돼지고기_메추리알,장조림,조림류,150ml,141,5.53,15.38,23.0,255.0,1.23,,,0.3,,,,,,59.0,2.715,29.4,,1.47,0.85,
장조림_돼지고기_메추리알,장조림,조림류,250ml,114,4.75,11.35,18.0,212.0,0.92,,,0.3,,,,,,44.0,2.28,22.28,,1.06,0.64,
재첩국,재첩국,국 및 탕류,350g,23,4.54,0.67,20.0,22.0,0.72,6.49,0.11,0.1,601.03,39.62,0.0,5.24,,1.0,1.9040000000000001,2.85,1.87,0.18,0.0,
재첩국,재첩국,국 및 탕류,320ml,19,1.06,2.3,27.0,39.0,2.51,14.38,0.27,0.3,,,,,0.07,0.0,0.37,6.26,,0.23,0.02,0.25
쟁반국수,쟁반국수,면 및 만두류,550ml,112,18.84,4.1,31.0,169.0,0.85,20.64,0.46,1.4,,,,,0.05,60.0,0.758,25.09,,1.86,0.09,0.36
쟁반국수,쟁반국수,면 및 만두류,550ml,112,19.06,4.1,32.0,169.0,0.84,20.64,0.46,1.4,,,,,0.05,61.0,0.776,27.21,,1.86,0.15,0.35
쟁반짜장,쟁반짜장,면 및 만두류,900ml,145,23.63,5.85,21.0,210.0,0.49,,,1.6,,,,,,6.0,0.6749999999999999,15.8,,3.39,0.26,
적어구이,적어구이,생선구이류,63.7ml,174,0.31,20.9,41.0,156.0,0.41,33.88,0.86,0.0,,,,,0.84,0.0,3.5629999999999997,12.01,,0.0,4.0,1.94
적어구이,적어구이,생선구이류,63.7ml,174,0.31,20.9,41.0,156.0,0.41,33.88,0.86,0.0,,,,,0.84,0.0,3.5629999999999997,12.01,,0.0,4.0,1.94
적어조림,적어조림,조림류,203.9ml,54,3.33,7.0,21.0,142.0,0.25,15.22,0.42,0.6,,,,,0.14,4.0,1.285,13.16,,2.81,1.25,0.56
전갱이구이,전갱이구이,생선구이류,56ml,226,0.17,27.7,34.0,5.0,1.21,46.39,1.47,0.0,,,,,1.69,8.0,7.554,6.7,,1.34,11.92,1.32
전복죽,전복죽,죽 및 스프류,400g,79,9.62,1.82,2.0,20.0,0.13,3.72,0.19,1.6,1259.43,110.08,25.83,9.8,,0.0,0.20099999999999998,62.83,0.0,4.21,0.0,
전복죽,전복죽,죽 및 스프류,600ml,74,12.65,2.5,9.0,105.0,0.32,13.58,0.42,0.6,,,,,0.01,4.0,1.246,3.7,,0.2,0.01,0.44
전복죽,전복죽,죽 및 스프류,200.9ml,120,19.12,3.1,8.0,23.0,0.31,13.66,0.6,0.5,,,,,0.02,0.0,0.6739999999999999,4.22,,0.2,0.0,0.6
전복죽,전복죽,죽 및 스프류,200ml,139,21.66,3.6,15.0,29.0,0.39,17.73,0.71,0.6,,,,,0.03,0.0,0.8119999999999999,5.7,,0.23,0.0,0.69
전복탕,전복탕,국 및 탕류,600g,33,2.63,4.47,27.0,109.0,0.0,19.93,0.53,1.0,-,265.32,80.42,10.71,,11.0,1.678,12.58,1.22,0.06,,
전어구이,전어구이,생선구이류,360ml,33,0.06,5.86,44.0,1.0,0.37,,,0.0,,,,,,0.0,1.958,2.44,,0.0,2.75,
전어조림,전어조림,조림류,157.4ml,60,1.9,9.0,69.0,77.0,0.63,15.9,0.43,0.3,,,,,0.26,1.0,2.951,12.29,,2.69,4.0,1.12
절편_쑥,절편,빵 및 과자류,100g,192,34.87,7.72,27.0,39.0,0.43,14.79,0.68,2.0,2986.45,280.01,13.5,10.51,,4.0,0.03,2.39,0.0,0.0,0.0,
절편,절편,빵 및 과자류,100g,197,43.58,3.82,16.0,29.0,0.34,,,1.2,,,,,,,0.266,,,0.35,0.0,
제육(돼지고기 수육),제육(돼지고기 수육),찜류,80ml,139,2.4,11.9,12.0,224.0,0.63,15.97,1.63,0.6,,,,,0.1,10.0,2.714,5.11,,0.64,0.42,0.27
제육(돼지고기 수육),제육(돼지고기 수육),찜류,64.9ml,150,1.2,18.7,24.0,308.0,0.88,26.75,2.65,0.3,,,,,0.07,8.0,3.643,3.21,,0.74,0.75,0.31
제육(돼지고기 수육),제육(돼지고기 수육),찜류,103.5ml,158,1.25,19.7,25.0,324.0,0.93,28.08,2.79,0.3,,,,,0.08,8.0,3.832,3.35,,0.77,0.79,0.33
제육볶음,제육볶음,볶음류,100ml,151,5.73,12.2,10.0,270.0,0.54,19.12,1.37,0.8,,,,,0.09,24.0,2.8810000000000002,6.62,,3.06,0.33,0.42
제육볶음_채소,제육볶음,볶음류,430ml,108,5.66,7.7,11.0,212.0,0.46,15.15,0.99,1.1,,,,,0.08,30.0,2.133,7.34,,2.54,0.25,0.59
제육볶음_오징어,제육볶음,볶음류,410ml,140,6.9,8.8,13.0,252.0,0.42,22.29,0.95,1.4,,,,,0.27,32.0,1.243,10.2,,2.23,1.35,0.77
제육볶음,제육볶음,볶음류,70ml,103,5.33,10.2,10.0,228.0,0.48,16.86,1.14,0.8,,,,,0.08,33.0,2.927,6.3,,1.8,0.28,0.42
제육볶음_채소,제육볶음,볶음류,110ml,120,6.51,11.4,11.0,249.0,0.53,18.55,1.36,0.8,,,,,0.07,36.0,3.2070000000000003,6.74,,1.88,0.33,0.46
제육볶음_오징어,제육볶음,볶음류,110ml,148,7.13,11.2,13.0,266.0,0.44,24.87,1.21,0.9,,,,,0.27,39.0,1.846,8.56,,1.98,1.56,0.56
제육볶음,제육볶음,볶음류,64.9ml,168,12.19,15.4,15.0,351.0,0.54,27.5,1.15,1.5,,,,,0.24,43.0,2.856,7.73,,2.07,0.15,1.01
제육볶음_채소,제육볶음,볶음류,210ml,109,6.4,11.3,13.0,264.0,0.55,19.78,1.27,1.0,,,,,0.07,33.0,3.3840000000000003,8.39,,2.67,0.32,0.51
제육볶음_오징어,제육볶음,볶음류,260ml,96,5.63,9.2,11.0,217.0,0.34,20.27,0.94,0.8,,,,,0.21,30.0,1.686,7.03,,2.05,1.25,0.48
제육볶음,제육볶음,볶음류,136.4ml,148,13.71,15.4,22.0,420.0,0.67,31.38,1.16,2.2,,,,,0.05,42.0,2.9779999999999998,12.94,,6.42,0.15,0.8
제육볶음_채소,제육볶음,볶음류,250ml,115,6.54,9.8,14.0,253.0,0.54,18.22,1.1,1.3,,,,,0.12,30.0,2.927,8.91,,3.65,0.28,0.65
제육볶음_오징어,제육볶음,볶음류,290ml,116,6.5,9.9,14.0,259.0,0.41,23.27,1.01,1.2,,,,,0.26,30.0,1.785,8.71,,3.18,1.38,0.7
젤리_베어리스타 오가닉 젤리,젤리,빵 및 과자류,60g,350,,0.0,,,,,,,,,,,,,0.0,,,,,
젤리_트로피컬원더젤리,젤리,빵 및 과자류,40g,328,82.0,0.0,,,,,,,,,,,,,0.0,,,,,
조개 미역국,조개 미역국,국 및 탕류,300ml,11,0.97,1.5,23.0,100.0,0.45,21.24,0.16,0.6,,,,,0.05,5.0,0.187,10.57,,0.56,0.0,0.06
조개 미역국,조개 미역국,국 및 탕류,300ml,11,0.97,1.5,23.0,100.0,0.45,21.24,0.16,0.6,,,,,0.05,5.0,0.187,10.57,,0.56,0.0,0.06
조개 미역국,조개 미역국,국 및 탕류,300ml,11,0.97,1.5,23.0,100.0,0.45,21.24,0.16,0.6,,,,,0.05,5.0,0.187,10.57,,0.56,0.0,0.06
조개 미역국,조개 미역국,국 및 탕류,300ml,11,0.97,1.5,23.0,100.0,0.45,21.24,0.16,0.6,,,,,0.05,5.0,0.187,10.57,,0.56,0.0,0.06
조개구이_키조개,조개구이,생선구이류,180g,130,10.44,17.43,18.0,354.0,1.91,47.66,12.04,3.9,13500.09,1060.29,351.36,68.19,,38.0,15.017,12.18,14.79,12.44,0.0,
조개국,조개국,국 및 탕류,400g,16,0.25,1.67,7.0,43.0,1.3,11.22,0.09,0.6,1365.5,91.42,27.98,13.74,,1.0,9.193,5.59,8.65,3.19,0.0,
조개국_바지락,조개국,국 및 탕류,550g,29,1.84,4.0,67.0,72.0,0.0,21.79,0.47,1.5,-,268.28,88.11,33.8,,10.0,7.867999999999999,8.84,7.59,0.1,,
조개젓_양념,조개젓,젓갈류,100g,103,12.61,8.61,145.0,227.0,9.93,,,2.4,,,,,,,9.565,,,8.67,0.0,
조개탕,조개탕,국 및 탕류,300ml,12,0.7,1.8,13.0,25.0,0.73,9.51,0.21,0.1,,,,,0.03,1.0,0.21700000000000003,5.76,,0.69,0.0,0.08
조기 양념구이,조기 양념구이,생선구이류,69.8ml,219,10.96,22.1,48.0,458.0,1.09,48.04,0.73,0.9,,,,,1.29,30.0,0.8059999999999999,11.92,,0.21,9.05,1.49
조기 양념구이,조기 양념구이,생선구이류,69.8ml,219,11.01,22.1,50.0,457.0,1.07,48.1,0.74,0.9,,,,,1.29,29.0,0.824,12.05,,0.15,9.05,1.49
조기 오븐구이,조기 오븐구이,생선구이류,80ml,40,0.02,5.9,7.0,76.0,0.9,9.12,0.15,0.0,,,,,0.32,0.0,0.825,1.01,,0.0,1.95,0.26
조기 오븐구이,조기 오븐구이,생선구이류,80ml,39,0.02,5.9,7.0,76.0,0.9,9.12,0.15,0.0,,,,,0.32,0.0,0.825,1.01,,0.0,2.84,0.26
조기구이,조기구이,생선구이류,180g,177,0.44,19.33,121.0,267.0,0.48,43.27,0.73,0.4,18149.11,1470.46,620.13,49.22,,112.0,4.502000000000001,4.82,4.23,0.0,0.0,
조기구이,조기구이,생선구이류,60ml,168,0.02,22.2,23.0,387.0,0.51,32.1,0.52,0.0,,,,,1.33,0.0,0.303,3.5,,0.0,9.82,1.21
조기구이,조기구이,생선구이류,65ml,144,4.56,12.6,16.0,203.0,0.77,18.95,0.33,0.1,,,,,0.96,0.0,0.633,2.92,,0.03,5.55,1.0
조기구이,조기구이,생선구이류,59.54ml,205,4.15,22.9,24.0,396.0,0.55,33.57,0.55,0.1,,,,,1.45,0.0,0.337,4.44,,0.01,9.9,1.4
조기구이,조기구이,생선구이류,100ml,90,0.89,7.4,8.0,128.0,0.18,10.82,0.18,0.0,,,,,0.66,0.0,0.10600000000000001,1.34,,0.0,3.21,0.73
조기조림,조기조림,조림류,300g,128,4.27,13.7,113.0,265.0,0.0,32.14,0.57,2.2,-,979.76,330.36,48.95,,167.0,0.32599999999999996,17.17,,0.26,,
조기찌개,조기찌개,찌개 및 전골류,240ml,23,1.93,2.4,10.0,103.0,0.41,9.42,0.2,0.7,,,,,0.11,5.0,0.431,10.4,,1.75,0.62,0.23
조기찌개,조기찌개,찌개 및 전골류,240ml,23,1.93,2.4,10.0,103.0,0.41,9.42,0.2,0.7,,,,,0.11,5.0,0.431,10.4,,1.75,0.62,0.23
조기찜,조기찜,찜류,100g,182,1.64,20.06,121.0,262.0,0.0,41.44,0.63,0.4,-,1414.88,559.53,65.56,,271.0,0.517,25.79,0.0,0.43,,
조기찜,조기찜,찜류,241.9ml,71,2.58,9.2,25.0,253.0,0.42,21.83,0.37,1.0,,,,,0.43,19.0,0.44199999999999995,16.43,,1.94,3.65,0.67
조기찜,조기찜,찜류,241.9ml,71,2.58,9.2,25.0,253.0,0.42,21.83,0.37,1.0,,,,,0.43,19.0,0.44199999999999995,16.43,,1.94,3.65,0.67
조기튀김,조기튀김,튀김류,111.4ml,144,3.62,13.4,19.0,224.0,0.48,18.85,0.43,0.1,,,,,0.9,11.0,0.22300000000000003,7.94,,0.0,5.38,1.05
조기튀김,조기튀김,튀김류,111.4ml,144,3.62,13.4,19.0,224.0,0.48,18.85,0.43,0.1,,,,,0.9,11.0,0.22300000000000003,7.94,,0.0,5.38,1.05
조미 김구이,조미 김구이,육류 및 채소구이류,50ml,52,2.04,1.9,19.0,181.0,0.97,17.91,0.18,1.9,,,,,0.04,95.0,0.736,43.55,,4.69,0.0,0.39
조미 김구이,조미 김구이,육류 및 채소구이류,2.06ml,430,26.55,30.4,211.0,2051.0,11.75,245.58,2.68,26.5,,,,,0.35,710.0,8.456,636.3,,11.65,0.0,3.71
조미 김구이,조미 김구이,육류 및 채소구이류,50ml,25,1.46,1.7,12.0,113.0,0.65,13.65,0.15,1.5,,,,,0.02,39.0,0.465,34.95,,0.64,0.0,0.21
족발,족발,찜류,250g,233,0.93,26.04,735.0,206.0,1.0,37.36,2.86,2.3,23331.45,1588.64,475.98,30.55,,5.0,5.116,5.57,0.6,0.0,0.0,
족발,족발,찜류,100g,220,0.0,28.91,13.0,201.0,0.92,,,0.0,,,,,,10.0,4.444,,,0.0,0.0,
주꾸미볶음,주꾸미볶음,볶음류,200g,106,11.41,9.16,25.0,159.0,0.0,22.57,1.1,2.3,-,744.96,188.29,0.0,,50.0,0.606,0.0,0.0,6.52,,
주꾸미볶음,주꾸미볶음,볶음류,315ml,74,8.01,6.9,27.0,181.0,1.09,36.06,1.82,2.2,,,,,0.14,40.0,1.548,17.85,,3.34,0.0,2.47
주꾸미볶음_채소,주꾸미볶음,볶음류,315ml,74,7.99,6.94,27.0,181.0,1.1,,,2.2,,,,,,40.0,1.556,18.19,,3.33,0.0,
주꾸미볶음,주꾸미볶음,볶음류,315ml,74,8.01,6.9,27.0,181.0,1.09,36.06,1.82,2.2,,,,,0.14,40.0,1.548,17.85,,3.34,0.0,2.47
주꾸미삼겹살,주꾸미삼겹살,볶음류,100g,161,10.66,10.11,8.0,188.0,2.95,,,2.3,,,,,,,0.859,,,0.63,0.0,
주먹밥_까르보나라 구운주먹밥,주먹밥,밥류,100g,211,,6.0,,,,,,,,,,,,,0.0,,,,,
주먹밥_매콤 로제 구운주먹밥,주먹밥,밥류,100g,209,,5.0,,,,,,,,,,,,,0.0,,,,,
주먹밥_소고기,주먹밥,밥류,200g,178,34.73,4.76,9.0,69.0,0.29,9.41,1.02,1.5,4664.85,401.17,103.49,4.83,,0.0,1.685,14.41,0.34,0.0,0.0,
주먹밥_멸치,주먹밥,밥류,150g,208,36.2,6.0,73.0,92.0,0.0,35.91,0.94,2.3,-,439.84,123.8,14.35,,16.0,0.327,19.27,,0.0,,
주먹밥,주먹밥,밥류,291ml,135,25.52,2.3,10.0,32.0,0.15,12.75,0.63,0.7,,,,,0.01,0.0,0.432,6.19,,0.0,0.0,0.23
주먹밥_배추김치,주먹밥,밥류,320ml,106,20.81,2.39,16.0,56.0,0.42,,,1.2,,,,,,8.0,0.404,11.82,,0.99,0.0,
주먹밥_참치,주먹밥,밥류,300ml,131,21.16,4.74,13.0,59.0,1.05,,,0.8,,,,,,6.0,1.281,6.97,,0.49,0.58,
주먹밥,주먹밥,밥류,291ml,135,25.52,2.3,10.0,32.0,0.15,12.75,0.63,0.7,,,,,0.01,0.0,0.432,6.19,,0.0,0.0,0.23
주먹밥,주먹밥,밥류,291ml,135,25.52,2.3,10.0,32.0,0.15,12.75,0.63,0.7,,,,,0.01,0.0,0.432,6.19,,0.0,0.0,0.23
주먹밥,주먹밥,밥류,291ml,135,25.52,2.3,10.0,32.0,0.15,12.75,0.63,0.7,,,,,0.01,0.0,0.432,6.19,,0.0,0.0,0.23
죽순볶음_소고기,죽순볶음,채소볶음류,230g,120,3.78,13.68,14.0,232.0,1.58,14.28,3.36,6.3,13511.03,1100.98,306.64,14.17,,4.0,1.662,12.66,1.44,18.04,0.0,
죽순볶음,죽순볶음,채소볶음류,58.5ml,133,6.19,4.3,38.0,489.0,0.69,23.93,1.31,3.7,,,,,0.61,13.0,0.831,37.68,,7.46,0.0,1.47
죽순볶음,죽순볶음,채소볶음류,58.5ml,133,6.19,4.3,38.0,489.0,0.69,23.93,1.31,3.7,,,,,0.61,13.0,0.831,37.68,,7.46,0.0,1.47
중식우동,중식우동,면 및 만두류,960ml,91,15.29,4.73,17.0,142.0,0.66,,,0.9,,,,,,11.0,0.494,10.22,,1.63,0.33,
중식잡채,중식잡채,볶음류,450ml,83,13.58,2.3,21.0,86.0,0.79,,,1.0,,,,,,13.0,0.5660000000000001,7.79,,2.65,0.02,
쥐포무침,쥐포무침,무침류,31ml,298,32.77,26.1,91.0,455.0,0.82,51.68,0.94,1.1,,,,,0.43,49.0,3.109,32.35,,0.39,19.56,1.17
쥐포무침,쥐포무침,무침류,12.2ml,339,36.45,29.4,105.0,506.0,0.91,58.07,1.06,1.2,,,,,0.48,55.0,3.52,36.18,,0.39,22.09,1.32
쥐포무침,쥐포무침,무침류,12.2ml,339,36.45,29.4,105.0,506.0,0.91,58.07,1.06,1.2,,,,,0.48,55.0,3.52,36.18,,0.39,22.09,1.32
쥐포무침,쥐포무침,무침류,31ml,298,32.77,26.1,91.0,455.0,0.82,51.68,0.94,1.1,,,,,0.43,49.0,3.109,32.35,,0.39,19.56,1.17
쥐포조림,쥐포조림,조림류,100g,276,36.12,13.03,198.0,215.0,1.23,36.82,0.84,4.7,13485.64,1053.93,297.31,33.7,,25.0,1.3399999999999999,7.84,0.97,0.0,0.0,
쥐포조림,쥐포조림,조림류,45.3ml,197,23.08,19.0,68.0,270.0,0.42,30.95,0.61,0.2,,,,,0.3,1.0,2.075,21.96,,0.18,14.8,0.42
쥐포조림,쥐포조림,조림류,50ml,140,16.76,11.9,42.0,185.0,0.29,22.11,0.41,0.4,,,,,0.29,10.0,1.41,14.54,,0.3,8.93,0.48
쥐포조림,쥐포조림,조림류,50ml,140,16.76,11.9,42.0,185.0,0.29,22.11,0.41,0.4,,,,,0.29,10.0,1.41,14.54,,0.3,8.93,0.48
쥐포조림,쥐포조림,조림류,45.3ml,194,23.06,19.0,67.0,272.0,0.42,30.92,0.61,0.2,,,,,0.3,2.0,2.066,21.91,,0.17,14.8,0.42
쥐포튀김,쥐포튀김,튀김류,100g,357,42.5,9.62,81.0,77.0,0.0,18.9,0.5,1.4,-,748.81,225.98,34.15,,0.0,0.248,6.96,0.0,0.0,,
쥐포튀김,쥐포튀김,튀김류,55ml,184,10.54,13.7,45.0,177.0,0.19,18.65,0.39,0.0,,,,,0.81,1.0,1.395,13.42,,0.0,11.02,1.08
증편,증편,빵 및 과자류,100g,200,44.15,3.17,10.0,22.0,0.1,7.87,0.58,1.0,2826.56,252.97,63.75,2.82,,0.0,0.77,11.28,0.0,0.0,0.0,
지리탕_대구,지리탕,국 및 탕류,600g,44,1.65,6.93,57.0,142.0,0.0,15.86,0.33,0.7,-,484.37,184.33,25.65,,76.0,1.157,14.68,1.04,0.05,,
지리탕_복,지리탕,국 및 탕류,600g,39,1.72,6.95,40.0,102.0,0.0,12.0,1.04,0.9,-,447.08,172.08,12.49,,3.0,0.439,9.39,0.0,0.0,,
짜사이무침,짜사이무침,채소무침류,50ml,43,3.66,0.4,25.0,42.0,0.26,2.58,0.21,0.9,,,,,0.2,2.0,0.063,0.99,,0.18,0.0,0.3
짜사이무침,짜사이무침,채소무침류,50ml,43,3.66,0.4,25.0,42.0,0.26,2.58,0.21,0.9,,,,,0.2,2.0,0.063,0.99,,0.18,0.0,0.3
짜장면,짜장면,면 및 만두류,600ml,153,29.14,5.3,19.0,237.0,0.39,13.38,0.34,3.2,,,,,0.13,1.0,0.657,17.38,,3.17,0.02,0.3
짜장면,짜장면,면 및 만두류,460ml,98,19.22,3.8,12.0,157.0,0.28,9.14,0.26,2.0,,,,,0.05,9.0,0.55,12.45,,1.95,0.02,0.18
짜장면,짜장면,면 및 만두류,650ml,105,20.9,4.0,13.0,175.0,0.3,9.44,0.27,2.2,,,,,0.05,9.0,0.547,12.39,,2.01,0.02,0.19
짜장면,짜장면,면 및 만두류,550ml,117,22.06,4.0,15.0,178.0,0.32,11.13,0.27,2.4,,,,,0.11,7.0,0.544,17.41,,2.94,0.01,0.26
짜장밥_오징어,짜장밥,밥류,100g,136,21.5,6.3,19.0,135.0,4.8,,,1.5,,,,,,33.0,1.46,,,0.0,,
짜장밥,짜장밥,밥류,520ml,93,15.58,2.85,11.0,87.0,0.36,,,1.1,,,,,,7.0,0.438,14.83,,2.31,0.07,
짜장밥,짜장밥,밥류,270ml,134,25.26,4.0,12.0,167.0,0.58,,,1.5,,,,,,18.0,0.8999999999999999,21.4,,3.06,0.02,
짜장밥,짜장밥,밥류,350ml,140,26.91,4.03,12.0,168.0,0.59,,,1.4,,,,,,17.0,0.891,19.59,,3.15,0.02,
짜장밥,짜장밥,밥류,450ml,139,26.19,3.74,12.0,154.0,0.55,,,1.3,,,,,,13.0,0.8280000000000001,19.15,,3.46,0.02,
짜장소스,짜장소스,"장류, 양념류",200ml,101,12.86,4.3,24.0,233.0,0.48,19.38,0.46,2.4,,,,,0.22,28.0,1.0350000000000001,38.46,,8.12,0.1,0.45
짜장소스,짜장소스,"장류, 양념류",200ml,101,12.86,4.3,24.0,233.0,0.48,19.38,0.46,2.4,,,,,0.22,28.0,1.0350000000000001,38.46,,8.12,0.1,0.45
짜장소스,짜장소스,"장류, 양념류",200ml,101,12.86,4.3,24.0,233.0,0.48,19.38,0.46,2.4,,,,,0.22,28.0,1.0350000000000001,38.46,,8.12,0.1,0.45
짜장소스,짜장소스,"장류, 양념류",200ml,100,12.86,4.38,24.0,234.0,0.48,,,2.5,,,,,,28.0,0.947,38.87,,8.1,0.08,
짬뽕,짬뽕,면 및 만두류,800g,58,8.26,2.79,12.0,80.0,0.06,10.79,0.26,1.6,2477.15,186.16,43.19,14.45,,17.0,0.9390000000000001,7.57,0.74,7.81,0.0,
짬뽕_굴,짬뽕,면 및 만두류,900g,76,12.85,3.65,49.0,79.0,0.0,10.48,1.2,1.0,-,235.04,54.49,0.0,,8.0,1.709,0.0,0.0,0.22,,
짬뽕_백짬뽕,짬뽕,면 및 만두류,100g,63,8.54,3.66,15.0,58.0,0.34,,,0.7,,,,,,,0.602,,,0.52,0.0,
짬뽕_삼선,짬뽕,면 및 만두류,900g,74,11.3,4.4,45.0,73.0,0.0,12.85,0.37,0.9,-,304.45,80.74,0.0,,14.0,2.197,0.0,0.0,1.03,,
짬뽕_차돌박이,짬뽕,면 및 만두류,100g,88,9.82,4.58,15.0,99.0,0.6,,,1.4,,,,,,,2.158,,,0.36,0.0,
짬뽕,짬뽕,면 및 만두류,1000ml,86,14.92,4.3,20.0,133.0,0.63,14.88,0.29,1.7,,,,,0.11,12.0,0.511,10.6,,1.88,0.26,0.4
짬뽕,짬뽕,면 및 만두류,458.37ml,74,12.29,2.7,9.0,47.0,0.23,6.73,0.17,0.9,,,,,0.12,5.0,0.277,4.09,,0.93,0.26,0.25
짬뽕,짬뽕,면 및 만두류,637.46ml,73,11.93,2.8,9.0,53.0,0.23,7.04,0.18,1.0,,,,,0.11,5.0,0.292,4.61,,0.94,0.29,0.28
짬뽕,짬뽕,면 및 만두류,810ml,61,9.65,2.8,9.0,59.0,0.24,8.12,0.19,0.9,,,,,0.12,6.0,0.271,5.06,,0.94,0.37,0.27
짬뽕_간편조리세트_나가사키 짬뽕탕,짬뽕,면 및 만두류,2152g,62,8.96,2.82,14.0,72.0,0.19,,,1.0,,,,,,,0.399,,,1.55,0.0,
짬뽕_간편조리세트_통오징어짬뽕탕,짬뽕,면 및 만두류,1204g,56,3.62,4.15,25.0,125.0,0.58,,,0.8,,,,,,,0.714,,,8.55,0.0,
짬뽕라면,짬뽕라면,면 및 만두류,765ml,91,12.32,3.4,46.0,76.0,0.42,10.83,0.27,0.9,,,,,0.07,8.0,0.471,8.18,,0.67,0.23,0.52
짬뽕밥,짬뽕밥,밥류,900g,72,11.65,3.2,13.0,138.0,0.67,14.95,0.36,1.4,2907.03,212.81,62.6,12.08,,13.0,1.0779999999999998,16.17,0.36,2.69,0.0,
짬뽕밥,짬뽕밥,밥류,1347ml,48,7.6,2.2,10.0,57.0,0.42,8.81,0.27,0.6,,,,,0.07,10.0,0.253,7.82,,1.27,0.21,0.25
짬뽕밥,짬뽕밥,밥류,586.1ml,110,18.13,4.5,11.0,113.0,0.54,12.64,0.64,0.6,,,,,0.05,14.0,0.673,11.75,,0.83,0.27,0.34
쫄면,쫄면,면 및 만두류,550g,129,23.26,3.21,23.0,130.0,0.34,17.46,0.12,1.6,2845.41,211.97,28.06,3.14,,68.0,0.348,7.65,0.0,2.03,0.0,
쫄면,쫄면,면 및 만두류,650ml,132,26.2,3.93,18.0,104.0,0.38,,,1.2,,,,,,27.0,0.9359999999999999,13.8,,1.58,0.06,
쫄면,쫄면,면 및 만두류,140ml,107,21.6,2.79,15.0,109.0,0.32,,,1.2,,,,,,32.0,0.756,10.12,,1.73,0.01,
쫄면,쫄면,면 및 만두류,220ml,113,23.35,3.23,18.0,121.0,0.35,,,1.3,,,,,,32.0,0.869,12.19,,2.06,0.01,
쫄면,쫄면,면 및 만두류,320ml,121,24.73,3.44,17.0,115.0,0.37,,,1.3,,,,,,26.0,0.892,12.69,,2.03,0.03,
쫄볶이,쫄볶이,볶음류,630ml,150,29.37,4.7,42.0,129.0,0.37,,,1.3,,,,,,28.0,1.041,12.88,,0.95,0.05,
차돌박이구이_소고기,차돌박이구이,육류 및 채소구이류,100g,488,1.31,17.94,5.0,213.0,1.52,,,0.0,,,,,,,2.8619999999999997,,,5.3,0.0,
차조밥,차조밥,밥류,200g,157,34.86,2.84,4.0,27.0,0.32,8.16,1.28,1.8,2332.26,263.4,15.06,0.77,,0.0,0.035,4.91,0.0,0.8,0.0,
차조밥,차조밥,밥류,300ml,120,25.66,2.3,3.0,34.0,0.15,12.25,0.65,0.8,,,,,0.01,0.0,0.415,6.47,,0.0,0.0,0.15
차조밥,차조밥,밥류,190ml,119,25.77,2.21,2.0,59.0,0.51,,,0.5,,,,,,0.0,0.53,6.02,,0.0,0.0,
차조밥,차조밥,밥류,290ml,119,25.81,2.18,2.0,59.0,0.5,,,0.4,,,,,,0.0,0.521,5.63,,0.0,0.0,
차조밥,차조밥,밥류,370ml,119,25.73,2.19,3.0,59.0,0.49,,,0.5,,,,,,0.0,0.527,5.71,,0.0,0.0,
찰떡빵_베이크치즈 크림치즈 찰떡,찰떡빵,빵 및 과자류,60g,283,43.33,5.0,,,,,,,,,,,,,0.0,,,,,
찰떡빵_블루베리 크림치즈 찰떡,찰떡빵,빵 및 과자류,60g,342,36.67,6.67,,,,,,,,,,,,,0.0,,,,,
찰떡빵_스트로베리 크림치즈 찰떡,찰떡빵,빵 및 과자류,60g,283,43.33,5.0,,,,,,,,,,,,,0.0,,,,,
찰떡빵_쫀득찹쌀 브레드,찰떡빵,빵 및 과자류,360g,278,,7.0,,,,,,,,,,,,,0.0,,,,,
찰떡빵_쑥떡쑥떡콩쑥이,찰떡빵,빵 및 과자류,168g,301,,7.14,,,,,,,,,,,,,0.0,,,,,
찰떡빵_연유콩떡빵,찰떡빵,빵 및 과자류,95g,316,,6.32,,,,,,,,,,,,,0.0,,,,,
찰떡빵_울퉁불퉁왕찰떡빵 (대),찰떡빵,빵 및 과자류,240g,371,,7.5,,,,,,,,,,,,,0.0,,,,,
찰떡빵_울퉁불퉁왕찰떡빵 (소),찰떡빵,빵 및 과자류,120g,371,,7.5,,,,,,,,,,,,,0.0,,,,,
찰떡빵_찹쌀고구마,찰떡빵,빵 및 과자류,220g,274,45.5,4.8,,,,,,,,,,,,,0.0,,,,,
찰떡빵_우리찹쌀모카찰떡빵,찰떡빵,빵 및 과자류,210g,285,,7.0,,,,,,,,,,,,,0.0,,,,,
찰밥,찰밥,밥류,280g,153,33.56,4.39,11.0,168.0,0.22,20.97,0.89,2.9,3543.47,309.6,25.1,0.6,,0.0,0.024999999999999998,20.64,0.0,0.92,0.0,
찰밥,찰밥,밥류,450ml,120,25.75,2.2,2.0,30.0,0.09,10.44,0.61,0.6,,,,,0.0,0.0,0.456,5.14,,0.0,0.0,0.14
찰밥,찰밥,밥류,450ml,120,25.75,2.2,2.0,30.0,0.09,10.44,0.61,0.6,,,,,0.0,0.0,0.456,5.14,,0.0,0.0,0.14
찰시루떡,찰시루떡,빵 및 과자류,100g,181,37.63,6.63,21.0,265.0,1.16,,,1.4,,,,,,0.0,0.34400000000000003,,,0.0,0.0,
참깨죽,참깨죽,죽 및 스프류,100g,38,5.9,1.0,17.0,23.0,1.3,,,,,,,,,,0.44,,,0.0,,
참나물,참나물,나물·숙채류,90g,60,4.14,2.51,88.0,153.0,0.64,22.9,0.28,3.7,2114.98,174.13,27.87,1.01,,21.0,0.044,10.01,0.0,1.07,0.0,
참나물,참나물,나물·숙채류,71.7ml,80,15.97,2.4,17.0,49.0,0.88,86.7,0.54,7.4,,,,,0.22,10.0,0.37,112.5,,1.14,0.0,0.21
참나물,참나물,나물·숙채류,70ml,17,2.02,0.75,23.0,202.0,0.51,,,1.0,,,,,,47.0,0.261,14.44,,1.41,0.0,
참나물,참나물,나물·숙채류,80ml,17,2.11,0.76,23.0,209.0,0.52,,,1.0,,,,,,49.0,0.264,14.89,,1.43,0.0,
참나물,참나물,나물·숙채류,200ml,14,1.94,0.72,23.0,219.0,0.53,,,1.1,,,,,,51.0,0.259,15.27,,1.48,0.0,
참나물 겉절이,참나물 겉절이,채소무침류,50ml,17,2.43,0.8,24.0,229.0,0.56,12.48,0.1,1.2,,,,,0.06,53.0,0.309,15.9,,1.66,0.0,0.17
참나물 겉절이_단감,참나물 겉절이,채소무침류,50ml,22,3.41,1.0,25.0,241.0,0.59,14.1,0.14,1.5,,,,,0.07,56.0,0.396,16.31,,1.89,0.0,0.34
참나물 겉절이,참나물 겉절이,채소무침류,50ml,17,2.43,0.8,24.0,229.0,0.56,12.48,0.1,1.2,,,,,0.06,53.0,0.309,15.9,,1.66,0.0,0.17
참나물 겉절이_단감,참나물 겉절이,채소무침류,50ml,22,3.41,1.0,25.0,241.0,0.59,14.1,0.14,1.5,,,,,0.07,56.0,0.396,16.31,,1.89,0.0,0.34
참나물 겉절이,참나물 겉절이,채소무침류,50ml,17,2.43,0.8,24.0,229.0,0.56,12.48,0.1,1.2,,,,,0.06,53.0,0.309,15.9,,1.66,0.0,0.17
참나물 겉절이_단감,참나물 겉절이,채소무침류,50ml,22,3.41,1.0,25.0,241.0,0.59,14.1,0.14,1.5,,,,,0.07,56.0,0.396,16.31,,1.89,0.0,0.34
참나물 겉절이,참나물 겉절이,채소무침류,50ml,17,2.43,0.8,24.0,229.0,0.56,12.48,0.1,1.2,,,,,0.06,53.0,0.309,15.9,,1.66,0.0,0.17
참나물 겉절이_고춧가루,참나물 겉절이,채소무침류,190ml,18,2.91,0.74,16.0,168.0,0.39,,,1.2,,,,,,42.0,0.347,11.17,,1.07,0.0,
참나물 겉절이_간장,참나물 겉절이,채소무침류,190ml,18,2.9,0.7,16.0,168.0,0.39,10.24,0.1,1.2,,,,,0.02,42.0,0.344,11.08,,1.07,0.0,0.42
참나물 무침_된장,참나물 무침,채소무침류,50ml,15,1.85,0.7,23.0,222.0,0.55,11.51,0.08,1.0,,,,,0.04,52.0,0.256,15.65,,1.52,0.0,0.07
참나물 무침_된장,참나물 무침,채소무침류,50ml,15,1.85,0.7,23.0,222.0,0.55,11.51,0.08,1.0,,,,,0.04,52.0,0.256,15.65,,1.52,0.0,0.07
참나물 무침_된장,참나물 무침,채소무침류,50ml,15,1.85,0.7,23.0,222.0,0.55,11.51,0.08,1.0,,,,,0.04,52.0,0.256,15.65,,1.52,0.0,0.07
참치 미역국,참치 미역국,국 및 탕류,320ml,26,0.93,3.3,18.0,131.0,0.98,20.01,0.13,0.6,,,,,0.06,5.0,1.2489999999999999,8.44,,0.39,0.7,0.25
참치 미역국,참치 미역국,국 및 탕류,170.7ml,28,0.84,2.7,19.0,136.0,0.28,21.71,0.13,0.7,,,,,0.13,6.0,1.274,9.34,,0.41,0.63,0.24
참치 미역국,참치 미역국,국 및 탕류,320ml,28,0.75,2.7,17.0,125.0,0.26,20.01,0.13,0.6,,,,,0.13,5.0,1.2770000000000001,8.39,,0.37,0.64,0.23
참치 샐러드,참치 샐러드,샐러드류,101.6ml,200,2.96,10.8,11.0,180.0,0.55,15.8,0.42,0.8,,,,,1.33,60.0,5.521,6.39,,1.5,2.94,2.19
참치 샐러드,참치 샐러드,샐러드류,33.7ml,245,2.86,17.6,20.0,232.0,4.88,17.86,0.51,0.4,,,,,1.47,3.0,6.5969999999999995,4.92,,1.24,4.08,2.79
참치 샐러드,참치 샐러드,샐러드류,33.7ml,250,2.67,13.6,11.0,181.0,0.66,17.86,0.51,0.5,,,,,1.69,4.0,6.8420000000000005,4.69,,1.45,3.73,2.69
참치 샐러드,참치 샐러드,샐러드류,101.6ml,200,2.96,10.8,11.0,180.0,0.55,15.8,0.42,0.8,,,,,1.33,60.0,5.521,6.39,,1.5,2.94,2.19
참치 완자전,참치 완자전,전·적 및 부침류,57.8ml,220,14.84,18.8,30.0,395.0,4.84,30.08,0.74,1.9,,,,,0.64,67.0,6.178,26.4,,4.69,3.84,1.83
참치강정,참치강정,튀김류,67.8ml,230,21.18,18.7,19.0,301.0,1.39,26.41,0.49,0.7,,,,,0.52,23.0,8.763000000000002,17.83,,0.79,3.09,1.28
참치강정,참치강정,튀김류,89.6ml,353,23.55,30.3,23.0,461.0,2.18,37.87,0.71,0.9,,,,,0.89,37.0,14.357,24.22,,1.12,5.13,2.24
참치구이_머리,참치구이,생선구이류,180g,193,1.4,26.56,15.0,342.0,2.88,29.58,3.06,6.3,27173.91,2170.15,883.66,203.82,,20.0,8.5,12.82,4.05,1.18,10.28,
참치구이,참치구이,생선구이류,64.4ml,316,0.05,33.5,39.0,468.0,2.77,42.67,0.7,0.0,,,,,2.7,0.0,0.14,18.17,,0.0,7.77,0.82
참치구이,참치구이,생선구이류,64.4ml,318,0.05,33.5,39.0,468.0,2.77,42.67,0.7,0.0,,,,,2.7,0.0,0.14,18.17,,0.0,7.77,0.82
참치덮밥,참치덮밥,밥류,580ml,108,15.91,5.8,12.0,122.0,1.44,,,1.2,,,,,,15.0,1.937,10.14,,1.65,0.98,
참치죽,참치죽,죽 및 스프류,800g,82,13.07,3.02,10.0,71.0,0.0,6.97,0.31,0.7,-,241.41,71.48,0.0,,19.0,1.195,0.0,0.0,0.0,,
참치죽,참치죽,죽 및 스프류,600ml,60,8.45,2.4,5.0,70.0,0.2,7.72,0.24,0.5,,,,,0.08,15.0,1.191,4.73,,0.78,0.38,0.23
참치죽,참치죽,죽 및 스프류,600ml,60,8.45,2.4,5.0,70.0,0.2,7.72,0.24,0.5,,,,,0.08,15.0,1.191,4.73,,0.78,0.38,0.23
참치죽,참치죽,죽 및 스프류,600ml,60,8.45,2.4,5.0,70.0,0.2,7.72,0.24,0.5,,,,,0.08,15.0,1.191,4.73,,0.78,0.38,0.23
참치죽,참치죽,죽 및 스프류,600ml,59,8.67,2.7,6.0,83.0,0.65,7.98,0.24,0.5,,,,,0.04,16.0,1.214,5.37,,0.79,0.4,0.21
참치찌개,참치찌개,찌개 및 전골류,348.6ml,42,3.05,5.4,9.0,127.0,1.52,9.45,0.2,0.8,,,,,0.1,16.0,2.111,5.6,,2.13,1.19,0.7
참치찌개,참치찌개,찌개 및 전골류,225.5ml,45,3.11,5.8,9.0,134.0,1.64,10.04,0.22,0.8,,,,,0.11,17.0,2.29,5.73,,2.12,1.29,0.76
참치찌개,참치찌개,찌개 및 전골류,348.6ml,42,3.05,5.4,9.0,127.0,1.52,9.45,0.2,0.8,,,,,0.1,16.0,2.111,5.6,,2.13,1.19,0.7
참치회덮밥_양념장,참치회덮밥,밥류,600ml,76,12.14,4.73,10.0,101.0,0.46,,,0.7,,,,,,27.0,1.72,8.43,,1.19,0.76,
도넛_옥수수꽈배기 도넛,찹쌀도넛/꽈배기,빵 및 과자류,76g,404,,7.89,,,,,,,,,,,,,0.0,,,,,
도넛_아침햇살 쌀꽈배기 도넛,찹쌀도넛/꽈배기,빵 및 과자류,64g,375,60.94,4.69,,,,,,,,,,,,,0.0,,,,,
도넛_허니찹쌀스틱,찹쌀도넛/꽈배기,빵 및 과자류,47g,355,61.7,4.26,,,,,,,,,,,,,0.0,,,,,
도넛_미니찹쌀도너츠,찹쌀도넛/꽈배기,빵 및 과자류,38g,466,,5.26,,,,,,,,,,,,,0.0,,,,,
도넛_찹쌀꽈배기도너츠,찹쌀도넛/꽈배기,빵 및 과자류,50g,462,,8.0,,,,,,,,,,,,,0.0,,,,,
도넛_찹쌀도너츠,찹쌀도넛/꽈배기,빵 및 과자류,75g,380,,4.0,,,,,,,,,,,,,0.0,,,,,
도넛_통밀꽈배기,찹쌀도넛/꽈배기,빵 및 과자류,79g,422,,11.39,,,,,,,,,,,,,0.0,,,,,
도넛_깨찰 도넛,찹쌀도넛/꽈배기,빵 및 과자류,56g,384,,3.57,,,,,,,,,,,,,0.0,,,,,
도넛_쫄깃한찹쌀 도넛,찹쌀도넛/꽈배기,빵 및 과자류,81g,340,,6.17,,,,,,,,,,,,,0.0,,,,,
도넛_츄러스 꽈배기,찹쌀도넛/꽈배기,빵 및 과자류,117g,363,,5.98,,,,,,,,,,,,,0.0,,,,,
도넛_못난이찹쌀고구마크림치즈 도넛,찹쌀도넛/꽈배기,빵 및 과자류,69g,293,,6.81,,,,,,,,,,,,,0.0,,,,,
도넛_못난이찹쌀깨찰 도넛,찹쌀도넛/꽈배기,빵 및 과자류,32g,560,,1.0,,,,,,,,,,,,,0.0,,,,,
도넛_못난이찹쌀 꽈배기,찹쌀도넛/꽈배기,빵 및 과자류,55g,291,,7.27,,,,,,,,,,,,,0.0,,,,,
도넛_못난이찹쌀모짜렐라치즈 도넛,찹쌀도넛/꽈배기,빵 및 과자류,70g,276,,10.71,,,,,,,,,,,,,0.0,,,,,
도넛_못난이찹쌀유자 도넛,찹쌀도넛/꽈배기,빵 및 과자류,70g,271,,6.57,,,,,,,,,,,,,0.0,,,,,
도넛_못난이찹쌀팥 도넛,찹쌀도넛/꽈배기,빵 및 과자류,70g,279,,7.0,,,,,,,,,,,,,0.0,,,,,
도넛_깨찰 도넛,찹쌀도넛/꽈배기,빵 및 과자류,45g,444,,4.44,,,,,,,,,,,,,0.0,,,,,
도넛_데니쉬 꽈배기,찹쌀도넛/꽈배기,빵 및 과자류,50g,442,,8.0,,,,,,,,,,,,,0.0,,,,,
도넛_미니찹쌀 도넛,찹쌀도넛/꽈배기,빵 및 과자류,100g,366,,4.0,,,,,,,,,,,,,0.0,,,,,
도넛_송사부 꽈배기,찹쌀도넛/꽈배기,빵 및 과자류,38g,382,,7.89,,,,,,,,,,,,,0.0,,,,,
도넛_옥수수찹쌀 도넛,찹쌀도넛/꽈배기,빵 및 과자류,50g,332,,4.0,,,,,,,,,,,,,0.0,,,,,
도넛_찹쌀 꽈배기,찹쌀도넛/꽈배기,빵 및 과자류,65g,366,,6.15,,,,,,,,,,,,,0.0,,,,,
도넛_찹쌀 도넛,찹쌀도넛/꽈배기,빵 및 과자류,50g,336,,6.0,,,,,,,,,,,,,0.0,,,,,
도넛_흑미찹쌀 도넛,찹쌀도넛/꽈배기,빵 및 과자류,50g,350,,4.0,,,,,,,,,,,,,0.0,,,,,
도넛_동글아기찹쌀 도넛,찹쌀도넛/꽈배기,빵 및 과자류,126g,357,,4.76,,,,,,,,,,,,,0.0,,,,,
도넛_초당옥수수크림찹쌀 도넛,찹쌀도넛/꽈배기,빵 및 과자류,35g,300,,2.86,,,,,,,,,,,,,0.0,,,,,
도넛_카스텔라 꽈배기,찹쌀도넛/꽈배기,빵 및 과자류,130g,312,,6.23,,,,,,,,,,,,,0.0,,,,,
도넛_흑미고구마찹쌀 도넛,찹쌀도넛/꽈배기,빵 및 과자류,50g,350,,4.0,,,,,,,,,,,,,0.0,,,,,
도넛_흑임자크림찹쌀 도넛,찹쌀도넛/꽈배기,빵 및 과자류,35g,314,,2.86,,,,,,,,,,,,,0.0,,,,,
도넛_고구마품은 꽈배기,찹쌀도넛/꽈배기,빵 및 과자류,140g,339,,5.71,,,,,,,,,,,,,0.0,,,,,
도넛_단팥품은 꽈배기,찹쌀도넛/꽈배기,빵 및 과자류,115g,330,,6.09,,,,,,,,,,,,,0.0,,,,,
도넛_달콤한 왕꽈배기,찹쌀도넛/꽈배기,빵 및 과자류,110g,377,,5.45,,,,,,,,,,,,,0.0,,,,,
도넛_미니찹쌀 도넛,찹쌀도넛/꽈배기,빵 및 과자류,35g,400,71.43,5.71,,,,,,,,,,,,,0.0,,,,,
도넛_쫄깃한 왕꽈배기,찹쌀도넛/꽈배기,빵 및 과자류,110g,373,,5.45,,,,,,,,,,,,,0.0,,,,,
도넛_쫄깃한찹쌀스틱 시나몬,찹쌀도넛/꽈배기,빵 및 과자류,50g,400,,1.8,,,,,,,,,,,,,0.0,,,,,
도넛_찹쌀 도넛,찹쌀도넛/꽈배기,빵 및 과자류,93g,333,56.99,5.38,,,,,,,,,,,,,0.0,,,,,
도넛_찹쌀페스츄리 도넛,찹쌀도넛/꽈배기,빵 및 과자류,55g,427,,7.27,,,,,,,,,,,,,0.0,,,,,
도넛_케익꽈배기 도넛,찹쌀도넛/꽈배기,빵 및 과자류,85g,376,41.18,7.06,,,,,,,,,,,,,0.0,,,,,
도넛_크림치즈 찹쌀도넛,찹쌀도넛/꽈배기,빵 및 과자류,55g,364,,5.45,,,,,,,,,,,,,0.0,,,,,
도넛_달콤한 우리찹쌀 왕꽈배기,찹쌀도넛/꽈배기,빵 및 과자류,115g,378,48.7,6.09,,,,,,,,,,,,,0.0,,,,,
도넛_우리찹쌀 왕꽈배기,찹쌀도넛/꽈배기,빵 및 과자류,115g,383,48.7,6.09,,,,,,,,,,,,,0.0,,,,,
도넛_쫀득 크림치즈 찹쌀 도넛,찹쌀도넛/꽈배기,빵 및 과자류,52g,423,,5.77,,,,,,,,,,,,,0.0,,,,,
도넛_찹쌀,찹쌀도넛/꽈배기,빵 및 과자류,70g,288,55.56,6.0,21.0,49.0,0.76,12.23,0.54,3.9,6639.94,597.3,77.56,3.77,,0.0,0.357,3.69,0.0,0.0,0.0,
도넛_찹쌀,찹쌀도넛/꽈배기,빵 및 과자류,70g,296,57.07,5.04,25.0,65.0,0.01,0.0,0.0,2.9,-,0.0,0.0,0.0,,1.0,0.851,0.0,0.0,0.0,,
찹쌀떡_팥,찹쌀떡,빵 및 과자류,100g,295,62.93,5.06,17.0,34.0,0.41,15.89,0.64,1.8,2311.72,228.14,1.67,3.0,,0.0,0.27,3.66,0.0,0.0,0.0,
찹쌀떡,찹쌀떡,빵 및 과자류,100g,277,65.61,3.26,12.0,53.0,0.0,0.0,0.0,1.4,-,0.0,0.0,0.0,,0.0,0.20400000000000001,0.0,0.0,0.0,,
찹쌀떡,찹쌀떡,빵 및 과자류,,241,54.49,4.7,12.0,43.0,0.58,,,2.5,,,,,,0.0,0.218,,,0.0,0.0,
찹쌀떡_팥,찹쌀떡,빵 및 과자류,100g,266,57.66,4.09,12.0,78.0,0.53,,,2.1,,,,,,,0.155,,,0.29,0.0,
찹쌀죽,찹쌀죽,죽 및 스프류,291.9ml,63,13.39,1.1,1.0,18.0,0.06,6.29,0.32,0.2,,,,,0.0,0.0,0.315,2.57,,0.0,0.0,0.09
채소 꼬치구이,채소 꼬치구이,육류 및 채소구이류,150ml,91,14.29,2.8,38.0,154.0,0.6,17.04,0.36,1.3,,,,,0.13,32.0,0.405,21.2,,6.93,0.07,0.41
채소밥,채소밥,밥류,267.3ml,114,23.06,2.6,7.0,88.0,0.22,14.5,0.61,0.9,,,,,0.01,14.0,0.5449999999999999,10.91,,0.88,0.0,0.17
채소밥,채소밥,밥류,267.3ml,114,23.06,2.6,7.0,88.0,0.22,14.5,0.61,0.9,,,,,0.01,14.0,0.5449999999999999,10.91,,0.88,0.0,0.17
채소밥,채소밥,밥류,338.4ml,115,23.27,2.6,7.0,88.0,0.22,14.48,0.61,0.9,,,,,0.01,15.0,0.546,10.77,,0.87,0.0,0.17
채소전,채소전,전·적 및 부침류,100g,145,22.59,3.57,22.0,173.0,0.48,11.18,0.3,2.8,3295.09,271.38,9.49,4.13,,13.0,0.41000000000000003,28.36,0.13,0.14,4.03,
채소전,채소전,전·적 및 부침류,100g,194,21.6,5.4,28.0,179.0,0.0,15.94,0.66,3.1,-,379.73,101.71,0.01,,42.0,0.74,27.76,0.23,3.85,,
채소전,채소전,전·적 및 부침류,110ml,154,21.39,3.38,16.0,113.0,0.64,,,1.6,,,,,,30.0,0.395,17.64,,2.71,0.05,
채소전,채소전,전·적 및 부침류,132.4ml,204,25.38,4.7,14.0,132.0,0.51,13.68,0.32,1.6,,,,,0.52,28.0,0.363,18.4,,2.84,0.09,1.04
채소전,채소전,전·적 및 부침류,132.4ml,204,25.64,4.6,16.0,133.0,0.49,13.71,0.32,1.6,,,,,0.52,29.0,0.391,20.73,,2.8,0.16,1.03
채소전,채소전,전·적 및 부침류,132.4ml,204,25.38,4.7,14.0,132.0,0.51,13.68,0.32,1.6,,,,,0.52,28.0,0.363,18.4,,2.84,0.09,1.04
채소죽,채소죽,죽 및 스프류,400g,43,7.62,1.69,9.0,172.0,0.2,7.27,0.19,1.5,851.7,75.6,11.0,8.43,,4.0,1.786,11.38,0.22,0.59,0.0,
채소죽,채소죽,죽 및 스프류,100g,70,13.3,1.15,12.0,51.0,0.13,,,0.5,,,,,,,1.012,,,0.0,0.0,
채소죽_달걀,채소죽,죽 및 스프류,600ml,61,9.88,1.4,7.0,50.0,0.18,5.6,0.27,0.5,,,,,0.02,15.0,0.362,6.13,,0.76,0.03,0.18
채소죽,채소죽,죽 및 스프류,254.9ml,47,9.68,1.0,5.0,94.0,0.15,9.05,0.28,0.7,,,,,0.01,32.0,0.21,10.01,,3.1,0.0,0.1
채소죽_달걀,채소죽,죽 및 스프류,600ml,61,9.88,1.4,7.0,50.0,0.18,5.6,0.27,0.5,,,,,0.02,15.0,0.362,6.13,,0.76,0.03,0.18
채소죽,채소죽,죽 및 스프류,286.8ml,74,15.77,1.8,8.0,152.0,0.29,15.12,0.47,1.4,,,,,0.01,46.0,0.488,19.8,,5.0,0.0,0.15
채소죽_달걀,채소죽,죽 및 스프류,600ml,61,9.88,1.4,7.0,50.0,0.18,5.6,0.27,0.5,,,,,0.02,15.0,0.362,6.13,,0.76,0.03,0.18
채소튀김,채소튀김,튀김류,100ml,101,11.65,1.3,11.0,95.0,0.22,7.73,0.15,0.9,,,,,0.34,23.0,0.195,15.53,,2.03,0.02,0.64
채소튀김,채소튀김,튀김류,41.5ml,214,25.35,3.4,15.0,291.0,0.54,21.29,0.33,2.7,,,,,0.69,81.0,0.624,21.33,,8.51,0.0,1.23
채소튀김,채소튀김,튀김류,41.5ml,214,25.35,3.4,15.0,291.0,0.54,21.29,0.33,2.7,,,,,0.69,81.0,0.624,21.33,,8.51,0.0,1.23
채소튀김,채소튀김,튀김류,100ml,101,11.65,1.3,11.0,95.0,0.22,7.73,0.15,0.9,,,,,0.34,23.0,0.195,15.53,,2.03,0.02,0.64
천사채무침,천사채무침,채소무침류,220ml,73,2.95,3.3,30.0,97.0,0.52,8.95,0.36,1.3,,,,,0.25,35.0,0.567,10.9,,5.31,0.09,0.57
천사채무침,천사채무침,채소무침류,220ml,73,2.95,3.3,30.0,97.0,0.52,8.95,0.36,1.3,,,,,0.25,35.0,0.567,10.9,,5.31,0.09,0.57
천사채무침,천사채무침,채소무침류,220ml,73,2.95,3.3,30.0,97.0,0.52,8.95,0.36,1.3,,,,,0.25,35.0,0.567,10.9,,5.31,0.09,0.57
천사채무침,천사채무침,채소무침류,220ml,73,2.95,3.3,30.0,97.0,0.52,8.95,0.36,1.3,,,,,0.25,35.0,0.567,10.9,,5.31,0.09,0.57
청경채나물,청경채나물,나물·숙채류,100ml,14,1.59,1.06,53.0,224.0,0.28,,,0.9,,,,,,38.0,0.247,20.31,,10.9,0.0,
청국장찌개_간편조리세트_영월식 청국장,청국장찌개,찌개 및 전골류,909g,74,5.38,6.09,40.0,190.0,1.08,,,2.0,,,,,,,0.758,,,0.44,0.0,
청국장찌개_간편조리세트_우삼겹 청국장찌개,청국장찌개,찌개 및 전골류,801g,80,3.32,5.58,35.0,192.0,0.91,,,1.9,,,,,,,2.377,,,0.63,0.0,
청국장찌개,청국장찌개,찌개 및 전골류,200g,47,1.92,5.03,27.0,157.0,0.72,30.9,0.62,1.7,4311.78,336.58,58.27,3.14,,4.0,0.8700000000000001,48.03,0.0,0.0,0.0,
청국장찌개_두부_채소,청국장찌개,찌개 및 전골류,100g,79,2.94,6.32,144.0,274.0,1.72,,,2.2,,,,,,,0.179,,,0.25,0.0,
청국장찌개,청국장찌개,찌개 및 전골류,240ml,45,4.91,4.0,35.0,209.0,1.08,27.18,0.51,2.3,,,,,0.07,7.0,0.75,48.18,,1.42,0.01,0.35
청국장찌개_해물,청국장찌개,찌개 및 전골류,240ml,37,3.83,3.8,40.0,159.0,1.5,25.08,0.49,1.6,,,,,0.08,5.0,0.627,35.28,,1.77,0.0,0.31
청국장찌개_모듬,청국장찌개,찌개 및 전골류,240ml,42,4.57,3.8,34.0,187.0,1.02,26.55,0.48,2.1,,,,,0.08,6.0,0.657,41.98,,1.56,0.0,0.34
청국장찌개_배추김치,청국장찌개,찌개 및 전골류,160ml,29,2.85,2.56,23.0,150.0,0.62,,,1.4,,,,,,5.0,0.798,24.14,,1.25,0.0,
청국장찌개_배추김치,청국장찌개,찌개 및 전골류,210ml,29,3.09,2.54,23.0,150.0,0.64,,,1.5,,,,,,6.0,0.794,25.84,,1.61,0.0,
청국장찌개_배추김치,청국장찌개,찌개 및 전골류,340ml,28,2.93,2.53,22.0,128.0,0.57,,,1.4,,,,,,6.0,0.46499999999999997,24.76,,1.74,0.01,
청어구이,청어구이,생선구이류,200ml,129,0.22,8.2,18.0,1.0,0.4,16.74,0.55,0.0,,,,,1.23,35.0,3.29,6.5,,0.5,11.0,1.79
청포묵 무침,청포묵 무침,채소무침류,150ml,43,6.54,1.3,11.0,55.0,0.23,6.16,0.15,1.7,,,,,0.1,25.0,0.41600000000000004,11.5,,1.8,0.02,0.26
청포묵 무침,청포묵 무침,채소무침류,60ml,57,6.86,2.17,15.0,71.0,0.36,,,1.7,,,,,,27.0,0.558,11.5,,1.71,0.04,
청포묵 무침,청포묵 무침,채소무침류,60ml,57,6.76,2.2,15.0,71.0,0.37,8.69,0.36,1.8,,,,,0.14,27.0,0.551,10.93,,1.7,0.02,0.34
청포묵 무침,청포묵 무침,채소무침류,90ml,53,7.48,1.96,14.0,77.0,0.33,,,1.8,,,,,,33.0,0.5660000000000001,14.84,,2.26,0.05,
청포묵 무침,청포묵 무침,채소무침류,90ml,53,7.38,2.0,14.0,78.0,0.33,8.87,0.25,1.9,,,,,0.13,32.0,0.559,14.21,,2.25,0.03,0.35
청포묵 무침,청포묵 무침,채소무침류,150ml,43,6.54,1.3,11.0,55.0,0.23,,,1.6,,,,,,25.0,0.41500000000000004,11.5,,1.8,0.03,
청포묵 무침,청포묵 무침,채소무침류,150ml,43,6.54,1.3,11.0,55.0,0.23,6.16,0.15,1.7,,,,,0.1,25.0,0.41600000000000004,11.5,,1.8,0.02,0.26
청포묵국,청포묵국,국 및 탕류,142.6ml,44,2.16,2.9,6.0,85.0,0.42,6.38,0.75,0.6,,,,,0.01,5.0,0.46900000000000003,7.98,,1.38,0.0,0.06
초간장,초간장,"장류, 양념류",15ml,72,11.33,6.6,19.0,412.0,1.29,49.67,0.59,0.5,,,,,0.0,0.0,2.013,24.67,,0.0,0.0,0.03
초간장,초간장,"장류, 양념류",15ml,73,12.19,6.1,18.0,325.0,1.12,49.67,0.59,0.5,,,,,0.0,0.0,2.021,24.0,,0.0,0.0,0.03
초간장,초간장,"장류, 양념류",15ml,72,11.33,6.6,19.0,412.0,1.29,49.67,0.59,0.5,,,,,0.0,0.0,2.013,24.67,,0.0,0.0,0.03
초간장,초간장,"장류, 양념류",15ml,72,11.33,6.6,19.0,412.0,1.29,49.67,0.59,0.5,,,,,0.0,0.0,2.013,24.67,,0.0,0.0,0.03
초당순두부,초당순두부,국 및 탕류,900g,58,1.76,5.46,37.0,116.0,0.0,47.02,0.61,1.2,-,476.03,75.0,5.89,,0.0,0.208,6.15,0.0,0.0,,
초밥_모듬,초밥,밥류,380g,160,26.72,9.66,14.0,161.0,0.07,15.43,0.66,2.0,9960.14,857.06,283.59,36.44,,1.0,40.455999999999996,11.61,0.43,0.0,0.61,
초밥_유부초밥,초밥,밥류,200g,194,29.82,5.78,46.0,57.0,0.59,21.45,0.77,2.6,5321.07,444.09,82.16,6.05,,23.0,0.04,29.77,0.0,4.25,0.0,
초밥_광어,초밥,밥류,300g,151,25.85,9.02,8.0,183.0,0.0,0.0,0.0,0.8,-,0.0,0.0,0.0,,0.0,3.117,0.0,0.0,0.0,,
초밥_농어,초밥,밥류,250g,159,31.5,6.97,7.0,119.0,0.0,10.8,0.51,1.0,-,609.66,178.52,0.0,,11.0,0.613,0.0,0.0,0.0,,
초밥_모듬,초밥,밥류,300g,154,25.48,8.47,15.0,147.0,0.0,0.0,0.0,0.8,-,0.0,0.0,0.0,,6.0,2.598,0.0,0.0,0.0,,
초밥_문어,초밥,밥류,250g,157,32.71,5.85,9.0,58.0,0.0,13.76,0.83,1.1,-,491.04,127.48,0.0,,1.0,0.29400000000000004,0.0,0.0,3.12,,
초밥_새우,초밥,밥류,100g,130,20.41,7.78,24.0,76.0,0.12,,,0.0,,,,,,,0.211,,,0.14,0.0,
초밥_연어,초밥,밥류,100g,207,19.59,11.2,510.0,189.0,2.49,,,0.0,,,,,,,3.461,,,0.46,1.72,
초밥_유부초밥,초밥,밥류,100g,165,31.26,4.32,63.0,33.0,0.39,,,1.9,,,,,,4.0,0.561,,,0.0,0.0,
초밥_장어,초밥,밥류,250g,195,32.27,6.61,32.0,70.0,0.0,9.9,0.62,1.3,-,537.84,153.62,0.0,,132.0,0.28900000000000003,0.0,0.0,2.26,,
초밥_한치,초밥,밥류,250g,150,31.17,5.48,7.0,43.0,0.0,8.11,0.58,0.6,-,495.15,135.27,0.0,,0.0,0.595,0.0,0.0,2.59,,
도넛_바닐라초코볼 도넛,초코 도넛,빵 및 과자류,68g,326,,5.88,,,,,,,,,,,,,0.0,,,,,
도넛_벨지안초코 도넛,초코 도넛,빵 및 과자류,68g,418,,7.35,,,,,,,,,,,,,0.0,,,,,
도넛_초코 마카롱 도넛,초코 도넛,빵 및 과자류,51g,418,,5.88,,,,,,,,,,,,,0.0,,,,,
도넛_초코크런치 도넛,초코 도넛,빵 및 과자류,55g,400,,5.45,,,,,,,,,,,,,0.0,,,,,
도넛_초코베리듀얼하트 도넛,초코 도넛,빵 및 과자류,76g,330,,2.63,,,,,,,,,,,,,0.0,,,,,
도넛_초코마카롱 도넛,초코 도넛,빵 및 과자류,52g,413,,7.69,,,,,,,,,,,,,0.0,,,,,
도넛_초코 도넛,초코 도넛,빵 및 과자류,50g,404,,7.8,,,,,,,,,,,,,0.0,,,,,
도넛_골드초코 허니비 도넛,초코 도넛,빵 및 과자류,78g,479,,6.41,,,,,,,,,,,,,0.0,,,,,
도넛_글레이즈드 초콜릿 케익 도넛,초코 도넛,빵 및 과자류,80g,416,,3.75,,,,,,,,,,,,,0.0,,,,,
도넛_오리지널 초콜릿 필드 도넛,초코 도넛,빵 및 과자류,62g,456,,6.45,,,,,,,,,,,,,0.0,,,,,
도넛_초코 와플넛 도넛,초코 도넛,빵 및 과자류,126g,437,,6.35,,,,,,,,,,,,,0.0,,,,,
도넛_초코홀릭 도넛,초코 도넛,빵 및 과자류,55g,489,,7.27,,,,,,,,,,,,,0.0,,,,,
도넛_초코 우유크림 듬뿍 도넛,초코 도넛,빵 및 과자류,84g,415,,5.95,,,,,,,,,,,,,0.0,,,,,
도넛_다크초코링도넛,초코 도넛,빵 및 과자류,65g,469,46.15,6.15,,,,,,,,,,,,,0.0,,,,,
도넛_다크초코츄잉스타,초코 도넛,빵 및 과자류,54g,444,38.89,3.7,,,,,,,,,,,,,0.0,,,,,
도넛_쿠키&다크초코링도넛,초코 도넛,빵 및 과자류,75g,473,52.0,5.33,,,,,,,,,,,,,0.0,,,,,
도넛_쿠키&화이트초코링도넛,초코 도넛,빵 및 과자류,75g,473,52.0,5.33,,,,,,,,,,,,,0.0,,,,,
도넛_화이트초코링 도넛,초코 도넛,빵 및 과자류,65g,462,,6.15,,,,,,,,,,,,,0.0,,,,,
초코소라빵,초코소라빵,빵 및 과자류,70g,319,51.76,3.29,67.0,182.0,1.23,20.96,0.9,2.1,2967.16,234.67,27.99,31.29,,22.0,1.686,21.23,0.0,0.0,0.0,
초콜릿_로고 코인 다크 초콜릿 골드,초콜릿,빵 및 과자류,50g,510,,10.0,,,,,,,,,,,,,0.0,,,,,
초콜릿_로고 코인 밀크 초콜릿 실버,초콜릿,빵 및 과자류,50g,512,,8.0,,,,,,,,,,,,,0.0,,,,,
초콜릿_로스티드 아몬드 앤 초콜릿,초콜릿,빵 및 과자류,56g,527,,5.36,,,,,,,,,,,,,0.0,,,,,
초콜릿_리저브 초콜릿 세트,초콜릿,빵 및 과자류,36g,503,,5.56,,,,,,,,,,,,,0.0,,,,,
초콜릿_로스티드 헤이즐넛 초콜릿,초콜릿,빵 및 과자류,55g,611,40.0,9.09,,,,,,,,,,,,,0.0,,,,,
초콜릿_로아커 초콜릿 클래식 다크,초콜릿,빵 및 과자류,50g,518,,6.4,,,,,,,,,,,,,0.0,,,,,
초콜릿_로아커 초콜릿 클래식 밀크,초콜릿,빵 및 과자류,50g,530,,10.6,,,,,,,,,,,,,0.0,,,,,
초콜릿_마이 스위티 까페,초콜릿,빵 및 과자류,21g,571,,4.76,,,,,,,,,,,,,0.0,,,,,
초콜릿_마이 스위티 브라운,초콜릿,빵 및 과자류,21g,571,,4.76,,,,,,,,,,,,,0.0,,,,,
총각김치,총각김치,김치류,100g,42,7.89,1.92,38.0,331.0,0.52,,,2.4,,,,,,14.0,0.367,,,3.49,0.0,
추어탕,추어탕,찌개 및 전골류,350g,54,3.07,3.24,135.0,95.0,0.82,17.38,0.41,2.2,2385.04,188.69,34.93,7.43,,26.0,0.71,7.25,0.53,7.37,0.0,
추어탕,추어탕,찌개 및 전골류,1000g,32,2.68,2.27,56.0,87.0,0.0,15.05,0.31,1.9,-,149.93,25.67,3.43,,35.0,0.291,10.17,0.0,0.0,,
추어탕,추어탕,찌개 및 전골류,450ml,30,1.97,3.5,141.0,125.0,1.6,13.62,0.72,0.7,,,,,0.24,41.0,1.7249999999999999,8.24,,1.3,0.71,0.3
추어탕,추어탕,찌개 및 전골류,160ml,30,2.28,3.09,125.0,125.0,1.41,,,1.3,,,,,,47.0,1.512,17.61,,4.22,0.49,
추어탕,추어탕,찌개 및 전골류,180ml,26,2.36,2.65,107.0,118.0,1.12,,,1.3,,,,,,43.0,1.248,16.9,,4.2,0.41,
추어탕,추어탕,찌개 및 전골류,356.4ml,41,2.92,4.8,164.0,169.0,1.89,21.75,0.91,1.1,,,,,0.12,50.0,1.9929999999999999,15.53,,2.0,0.79,0.43
충무김밥,충무김밥,밥류,400g,146,27.29,5.86,19.0,165.0,0.0,20.46,0.7,2.1,-,442.74,112.5,0.0,,32.0,0.429,0.0,0.0,0.45,,
충무김밥,충무김밥,밥류,327ml,128,23.59,3.5,28.0,143.0,0.4,20.48,0.71,1.5,,,,,0.04,65.0,0.59,27.01,,5.22,0.05,0.37
취나물_된장,취나물,나물·숙채류,90g,44,4.12,3.08,99.0,229.0,0.77,25.07,0.56,4.6,2621.81,224.34,40.17,0.99,,22.0,2.734,9.66,0.0,0.72,0.0,
취나물_취나물(마른것),취나물,나물·숙채류,50g,89,6.4,3.62,175.0,99.0,1.82,16.54,0.28,6.4,3009.48,304.98,37.64,1.58,,129.0,0.22,2.3,0.0,0.5,0.0,
취나물_된장,취나물,나물·숙채류,100ml,63,10.79,3.0,119.0,488.0,4.97,21.32,0.52,4.4,,,,,0.17,154.0,1.373,94.74,,10.62,0.0,0.47
취나물_간장_소금,취나물,나물·숙채류,80ml,25,3.42,0.97,39.0,150.0,1.42,,,1.4,,,,,,54.0,0.41300000000000003,28.5,,3.07,0.0,
취나물_된장,취나물,나물·숙채류,80ml,29,4.7,1.36,45.0,186.0,1.74,,,1.9,,,,,,66.0,0.513,34.74,,3.48,0.0,
취나물_된장,취나물,나물·숙채류,44.3ml,59,9.33,2.6,103.0,417.0,4.24,19.32,0.46,3.8,,,,,0.15,131.0,1.19,81.13,,9.03,0.0,0.42
취나물_간장_소금,취나물,나물·숙채류,180ml,25,3.7,1.04,41.0,158.0,1.37,,,1.6,,,,,,60.0,0.41900000000000004,29.74,,3.23,0.0,
취나물_된장,취나물,나물·숙채류,100ml,63,10.75,3.0,117.0,488.0,4.98,21.25,0.51,4.4,,,,,0.17,155.0,1.358,94.62,,10.67,0.0,0.47
취나물무침,취나물무침,나물·숙채류,50g,148,6.61,2.75,149.0,127.0,0.0,27.68,0.52,6.5,-,256.24,22.98,9.8,,219.0,0.055,9.36,0.0,0.63,,
취나물무침_간장,취나물무침,나물·숙채류,180ml,25,3.64,1.0,41.0,159.0,1.38,8.0,0.2,1.6,,,,,0.18,60.0,0.41000000000000003,29.74,,3.21,0.0,0.19
취나물무침_소금,취나물무침,나물·숙채류,70ml,99,12.32,3.4,141.0,508.0,2.98,22.8,0.91,5.0,,,,,0.4,186.0,1.432,91.2,,13.07,0.0,0.32
취나물무침,취나물무침,나물·숙채류,80ml,29,4.69,1.4,45.0,186.0,1.74,9.64,0.22,1.9,,,,,0.12,66.0,0.512,34.74,,3.48,0.0,0.25
취나물무침_간장,취나물무침,나물·숙채류,80ml,25,3.32,1.0,39.0,151.0,1.42,8.32,0.18,1.4,,,,,0.23,54.0,0.404,28.49,,3.04,0.0,0.2
취나물무침,취나물무침,나물·숙채류,40ml,44,6.74,2.0,64.0,276.0,2.59,14.89,0.32,2.7,,,,,0.11,82.0,0.8069999999999999,51.05,,5.47,0.0,0.37
취나물무침_간장,취나물무침,나물·숙채류,180ml,25,3.64,1.0,41.0,159.0,1.38,8.0,0.2,1.6,,,,,0.18,60.0,0.41000000000000003,29.74,,3.21,0.0,0.19
취나물무침_소금,취나물무침,나물·숙채류,70ml,99,12.32,3.4,141.0,508.0,2.98,22.8,0.91,5.0,,,,,0.4,186.0,1.432,91.2,,13.07,0.0,0.32
취나물무침_간장,취나물무침,나물·숙채류,180ml,25,3.64,1.0,41.0,159.0,1.38,8.0,0.2,1.6,,,,,0.18,60.0,0.41000000000000003,29.74,,3.21,0.0,0.19
취나물무침_소금,취나물무침,나물·숙채류,70ml,99,12.32,3.4,141.0,508.0,2.98,22.8,0.91,5.0,,,,,0.4,186.0,1.432,91.2,,13.07,0.0,0.32
츄러스_츄러스 바바리안 크림,츄러스,빵 및 과자류,78g,308,,5.13,,,,,,,,,,,,,0.0,,,,,
츄러스_스틱츄,츄러스,빵 및 과자류,100g,370,51.43,5.14,,,,,,,,,,,,,0.0,,,,,
츄러스_시나몬츄라이,츄러스,빵 및 과자류,100g,484,55.56,5.56,,,,,,,,,,,,,0.0,,,,,
츄러스_어니언츄라이,츄러스,빵 및 과자류,100g,502,50.56,6.11,,,,,,,,,,,,,0.0,,,,,
츄러스_초코필링츄,츄러스,빵 및 과자류,100g,400,55.81,5.58,,,,,,,,,,,,,0.0,,,,,
츄러스_츄러스,츄러스,빵 및 과자류,100g,355,50.0,5.0,,,,,,,,,,,,,0.0,,,,,
츄러스_치즈스틱츄,츄러스,빵 및 과자류,100g,367,52.0,5.14,,,,,,,,,,,,,0.0,,,,,
츄러스_치즈츄러스,츄러스,빵 및 과자류,100g,355,50.0,5.0,,,,,,,,,,,,,0.0,,,,,
츄러스_케이준츄라이,츄러스,빵 및 과자류,100g,478,53.33,6.11,,,,,,,,,,,,,0.0,,,,,
츄러스_쌍쌍 츄로스,츄러스,빵 및 과자류,58g,457,,5.17,,,,,,,,,,,,,0.0,,,,,
츄러스_고구마 필링 롱츄,츄러스,빵 및 과자류,96g,398,61.46,5.21,,,,,,,,,,,,,0.0,,,,,
츄러스_달콤 허니버터 스틱츄,츄러스,빵 및 과자류,192g,322,50.83,4.9,,,,,,,,,,,,,0.0,,,,,
츄러스_레인보우 초코 링츄,츄러스,빵 및 과자류,82g,370,59.39,6.71,,,,,,,,,,,,,0.0,,,,,
츄러스_바삭 후레이크 링츄,츄러스,빵 및 과자류,82g,374,52.93,6.71,,,,,,,,,,,,,0.0,,,,,
츄러스_버터 갈릭 스틱츄,츄러스,빵 및 과자류,192g,304,50.1,5.1,,,,,,,,,,,,,0.0,,,,,
츄러스_슈크림 필링 롱츄,츄러스,빵 및 과자류,98g,356,51.02,5.51,,,,,,,,,,,,,0.0,,,,,
츄러스_스틱 츄러스,츄러스,빵 및 과자류,180g,316,48.89,5.22,,,,,,,,,,,,,0.0,,,,,
츄러스_스페셜링츄 세트 (8개입),츄러스,빵 및 과자류,489g,325,52.19,5.7,,,,,,,,,,,,,0.0,,,,,
츄러스_스페셜스틱 세트 (10개입),츄러스,빵 및 과자류,631g,325,46.59,5.5,,,,,,,,,,,,,0.0,,,,,
츄러스_아몬드초코 링츄,츄러스,빵 및 과자류,90g,406,57.0,9.11,,,,,,,,,,,,,0.0,,,,,
츄러스_오레오 롱츄,츄러스,빵 및 과자류,82g,350,53.66,6.95,,,,,,,,,,,,,0.0,,,,,
츄러스_오레오 스틱츄,츄러스,빵 및 과자류,192g,325,50.52,5.21,,,,,,,,,,,,,0.0,,,,,
츄러스_오레오 초코 링츄,츄러스,빵 및 과자류,82g,356,56.95,1.71,,,,,,,,,,,,,0.0,,,,,
츄러스_오리지널 롱츄,츄러스,빵 및 과자류,73g,327,46.3,4.79,,,,,,,,,,,,,0.0,,,,,
츄러스_오리지널 링츄,츄러스,빵 및 과자류,70g,455,70.0,9.14,,,,,,,,,,,,,0.0,,,,,
츄러스_쫀듸기,츄러스,빵 및 과자류,71g,347,67.32,7.0,,,,,,,,,,,,,0.0,,,,,
츄러스_초콜릿 스틱츄,츄러스,빵 및 과자류,216g,366,52.18,5.56,,,,,,,,,,,,,0.0,,,,,
츄러스_초콜릿 필링 롱츄,츄러스,빵 및 과자류,103g,313,51.75,4.27,,,,,,,,,,,,,0.0,,,,,
츄러스_츄로독,츄러스,빵 및 과자류,196g,289,27.09,9.39,,,,,,,,,,,,,0.0,,,,,
츄러스_치즈 스틱츄,츄러스,빵 및 과자류,192g,334,49.95,5.21,,,,,,,,,,,,,0.0,,,,,
츄러스_치즈 시즈닝 링츄,츄러스,빵 및 과자류,72g,327,50.56,6.39,,,,,,,,,,,,,0.0,,,,,
츄러스_컵츄볶이,츄러스,빵 및 과자류,158g,273,38.1,7.47,,,,,,,,,,,,,0.0,,,,,
츄러스_콘소메 스틱츄,츄러스,빵 및 과자류,192g,320,50.83,5.36,,,,,,,,,,,,,0.0,,,,,
츄러스_크리미 인절미 링츄,츄러스,빵 및 과자류,83g,368,55.42,8.31,,,,,,,,,,,,,0.0,,,,,
츄러스_크림치즈 필링 롱츄,츄러스,빵 및 과자류,98g,387,50.41,5.51,,,,,,,,,,,,,0.0,,,,,
츄러스_톡톡 슈팅스타 링츄,츄러스,빵 및 과자류,79g,380,60.25,7.22,,,,,,,,,,,,,0.0,,,,,
츄러스_흑임자 링츄,츄러스,빵 및 과자류,79g,414,62.53,6.96,,,,,,,,,,,,,0.0,,,,,
츄러스_츄러스,츄러스,빵 및 과자류,36g,375,55.56,2.78,,,,,,,,,,,,,0.0,,,,,
츄러스,츄러스,빵 및 과자류,70g,361,58.17,6.6,24.0,64.0,0.59,18.2,0.51,3.0,6275.33,457.67,67.51,22.56,,0.0,0.014,7.6,0.0,0.0,0.0,
츄러스,츄러스,빵 및 과자류,140ml,185,30.74,4.2,65.0,52.0,0.41,10.19,0.21,1.0,,,,,0.25,7.0,0.269,9.04,,0.09,0.07,0.57
치아바타_미니 치아바타,치아바타,빵 및 과자류,50g,278,,10.0,,,,,,,,,,,,,0.0,,,,,
치아바타_데일리 치아바타,치아바타,빵 및 과자류,80g,244,,7.5,,,,,,,,,,,,,0.0,,,,,
치아바타_갈릭 고르곤 치아바타,치아바타,빵 및 과자류,225g,264,,13.78,,,,,,,,,,,,,0.0,,,,,
치아바타_감자 치아바타,치아바타,빵 및 과자류,120g,233,,9.17,,,,,,,,,,,,,0.0,,,,,
치아바타_시금치 치아바타,치아바타,빵 및 과자류,185g,223,,8.65,,,,,,,,,,,,,0.0,,,,,
치아바타_올리브 치아바타,치아바타,빵 및 과자류,120g,243,,2.5,,,,,,,,,,,,,0.0,,,,,
치아바타_콘치즈 치아바타,치아바타,빵 및 과자류,180g,285,,8.33,,,,,,,,,,,,,0.0,,,,,
치아바타_페페로니 치아바타,치아바타,빵 및 과자류,230g,243,,10.0,,,,,,,,,,,,,0.0,,,,,
치아바타_블랙올리브치즈 치아바타,치아바타,빵 및 과자류,185g,276,45.95,7.57,,,,,,,,,,,,,0.0,,,,,
치즈_블루베리 크림치즈,치즈,유제품류 및 빙과류,67g,273,,8.96,,,,,,,,,,,,,0.0,,,,,
치즈_초코청크 크림치즈,치즈,유제품류 및 빙과류,67g,301,,5.97,,,,,,,,,,,,,0.0,,,,,
치즈_플레인 크림치즈,치즈,유제품류 및 빙과류,67g,284,,4.48,,,,,,,,,,,,,0.0,,,,,
치즈_허브갈릭 크림치즈,치즈,유제품류 및 빙과류,67g,279,,7.46,,,,,,,,,,,,,0.0,,,,,
치즈 스파게티_해물,치즈 스파게티,면 및 만두류,700ml,99,15.18,4.5,36.0,136.0,0.66,16.46,0.5,1.2,,,,,0.05,22.0,0.907,12.97,,2.59,0.08,0.56
치즈 스파게티_해물,치즈 스파게티,면 및 만두류,700ml,99,15.18,4.5,36.0,136.0,0.66,16.46,0.5,1.2,,,,,0.05,22.0,0.907,12.97,,2.59,0.08,0.56
치즈 스파게티_해물,치즈 스파게티,면 및 만두류,700ml,99,15.18,4.5,36.0,136.0,0.66,16.46,0.5,1.2,,,,,0.05,22.0,0.907,12.97,,2.59,0.08,0.56
치즈볼_고르곤 치즈볼,치즈볼,튀김류,100g,373,,6.51,,,,,,,,,,,,,0.0,,,,,
치즈볼_퐁듀 치즈볼,치즈볼,튀김류,100g,366,,4.3,,,,,,,,,,,,,0.0,,,,,
치즈볼_치즈쫀득볼,치즈볼,튀김류,50g,336,,4.91,,,,,,,,,,,,,0.0,,,,,
치즈볼_모짜감짜 오리지널,치즈볼,튀김류,100g,330,,8.0,,,,,,,,,,,,,0.0,,,,,
치즈볼_치즈볼 오리지널,치즈볼,튀김류,100g,343,,6.3,,,,,,,,,,,,,0.0,,,,,
치즈볼_밀크치즈볼,치즈볼,튀김류,100g,342,,5.14,,,,,,,,,,,,,0.0,,,,,
치즈볼,치즈볼,튀김류,100g,333,28.66,9.56,153.0,84.0,0.41,,,0.3,,,,,,,0.698,,,0.24,0.0,
치즈볼_로제크림치즈볼 (6개),치즈볼,튀김류,100g,357,45.6,4.5,,,,,,,,,,,,,0.0,,,,,
치즈볼_트리플치즈볼 (6개),치즈볼,튀김류,100g,259,33.28,9.69,,,,,,,,,,,,,0.0,,,,,
치즈빵_다시만난크림치즈,치즈빵,빵 및 과자류,81g,314,,9.88,,,,,,,,,,,,,0.0,,,,,
치즈빵_빙빙크림치즈,치즈빵,빵 및 과자류,90g,342,,8.89,,,,,,,,,,,,,0.0,,,,,
치즈빵_처음만난크림치즈,치즈빵,빵 및 과자류,149g,356,,10.0,,,,,,,,,,,,,0.0,,,,,
치즈빵_한조각씩크림치즈호두빵,치즈빵,빵 및 과자류,175g,367,,10.0,,,,,,,,,,,,,0.0,,,,,
치즈빵_깨알치즈감자볼,치즈빵,빵 및 과자류,55g,345,,5.45,,,,,,,,,,,,,0.0,,,,,
치즈빵_동글동글순치즈,치즈빵,빵 및 과자류,106g,392,,8.49,,,,,,,,,,,,,0.0,,,,,
치즈빵_치즈방앗간,치즈빵,빵 및 과자류,55g,300,,5.45,,,,,,,,,,,,,0.0,,,,,
치즈빵_크랜베리애플크림치즈,치즈빵,빵 및 과자류,82g,299,,6.1,,,,,,,,,,,,,0.0,,,,,
치즈빵_크림치즈월넛 브레드,치즈빵,빵 및 과자류,165g,376,,8.48,,,,,,,,,,,,,0.0,,,,,
치즈빵_후라잉치즈감자볼,치즈빵,빵 및 과자류,58g,336,,3.45,,,,,,,,,,,,,0.0,,,,,
치즈빵_순진크림치즈빵,치즈빵,빵 및 과자류,81g,346,,7.41,,,,,,,,,,,,,0.0,,,,,
치즈빵_먹물퐁당감자치즈,치즈빵,빵 및 과자류,120g,373,,7.5,,,,,,,,,,,,,0.0,,,,,
치즈빵_미엘 고르곤졸라,치즈빵,빵 및 과자류,175g,285,,2.29,,,,,,,,,,,,,0.0,,,,,
치즈빵_치즈 앤 치즈 블랑,치즈빵,빵 및 과자류,210g,246,,10.95,,,,,,,,,,,,,0.0,,,,,
치즈빵_치즈 퐁듀,치즈빵,빵 및 과자류,25g,316,,4.0,,,,,,,,,,,,,0.0,,,,,
치즈빵_치즈 푸가스,치즈빵,빵 및 과자류,160g,324,46.3,11.2,,,,,,,,,,,,,0.0,,,,,
치즈빵_크림치즈 살라망드,치즈빵,빵 및 과자류,270g,371,,7.78,,,,,,,,,,,,,0.0,,,,,
치즈빵_트리플 치즈,치즈빵,빵 및 과자류,215g,266,,10.7,,,,,,,,,,,,,0.0,,,,,
치즈빵_파르메산,치즈빵,빵 및 과자류,165g,298,,1.21,,,,,,,,,,,,,0.0,,,,,
치즈빵_모짜렐라 치즈볼,치즈빵,빵 및 과자류,28g,321,,10.71,,,,,,,,,,,,,0.0,,,,,
치즈빵_달콤한고르곤졸라,치즈빵,빵 및 과자류,78g,308,,8.97,,,,,,,,,,,,,0.0,,,,,
치즈빵_모찌모찌치즈스틱,치즈빵,빵 및 과자류,30g,367,,3.0,,,,,,,,,,,,,0.0,,,,,
치즈빵_미니크림치즈호두빵 (8개입),치즈빵,빵 및 과자류,30g,333,,10.0,,,,,,,,,,,,,0.0,,,,,
치즈빵_미니크림치즈호두빵,치즈빵,빵 및 과자류,180g,328,,9.44,,,,,,,,,,,,,0.0,,,,,
치즈빵_쉑쉑모찌볼 어니언 (1개입),치즈빵,빵 및 과자류,11g,409,,8.18,,,,,,,,,,,,,0.0,,,,,
치즈빵_쉑쉑모찌볼 어니언 (3개입),치즈빵,빵 및 과자류,33g,409,,3.03,,,,,,,,,,,,,0.0,,,,,
치즈빵_쉑쉑모찌볼 어니언 (6개입),치즈빵,빵 및 과자류,66g,409,,3.03,,,,,,,,,,,,,0.0,,,,,
치즈빵_쉑쉑모찌볼 어니언 (9개입),치즈빵,빵 및 과자류,99g,414,,7.07,,,,,,,,,,,,,0.0,,,,,
치즈빵_양파치즈브레드,치즈빵,빵 및 과자류,246g,327,35.77,8.54,,,,,,,,,,,,,0.0,,,,,
치즈빵_치즈감자봉,치즈빵,빵 및 과자류,95g,353,,6.32,,,,,,,,,,,,,0.0,,,,,
치즈빵_치즈듬뿍어니언,치즈빵,빵 및 과자류,160g,444,40.0,9.38,,,,,,,,,,,,,0.0,,,,,
치즈빵_치즈퐁듀,치즈빵,빵 및 과자류,135g,263,,11.11,,,,,,,,,,,,,0.0,,,,,
치즈빵_카스타드화이트치즈볼 (3개입),치즈빵,빵 및 과자류,180g,336,,4.44,,,,,,,,,,,,,0.0,,,,,
치즈빵_카스타드화이트치즈볼 (4개입),치즈빵,빵 및 과자류,240g,338,,4.58,,,,,,,,,,,,,0.0,,,,,
치즈빵_카스타드화이트치즈볼 (5개입),치즈빵,빵 및 과자류,300g,337,,4.67,,,,,,,,,,,,,0.0,,,,,
치즈빵_카스타드화이트치즈볼,치즈빵,빵 및 과자류,60g,333,,5.0,,,,,,,,,,,,,0.0,,,,,
치즈빵_크림치즈호두빵,치즈빵,빵 및 과자류,180g,328,,9.44,,,,,,,,,,,,,0.0,,,,,
치즈빵_햄치즈조리빵,치즈빵,빵 및 과자류,70g,350,,8.57,,,,,,,,,,,,,0.0,,,,,
치즈빵_화이트치즈볼 (1개입),치즈빵,빵 및 과자류,35g,357,,5.71,,,,,,,,,,,,,0.0,,,,,
치즈빵_화이트치즈볼 (2개입),치즈빵,빵 및 과자류,70g,364,,4.29,,,,,,,,,,,,,0.0,,,,,
치즈빵_화이트치즈볼 (3개입),치즈빵,빵 및 과자류,105g,362,,4.76,,,,,,,,,,,,,0.0,,,,,
치즈빵_화이트치즈볼 (4개입),치즈빵,빵 및 과자류,140g,364,,5.0,,,,,,,,,,,,,0.0,,,,,
치즈빵_화이트치즈볼 (5개입),치즈빵,빵 및 과자류,175g,363,,5.14,,,,,,,,,,,,,0.0,,,,,
치즈빵_고다치즈와 체다치즈를 넣은 롤치즈빵,치즈빵,빵 및 과자류,135g,311,47.41,9.63,,,,,,,,,,,,,0.0,,,,,
치즈빵_고소짭짤 햄치즈브레드,치즈빵,빵 및 과자류,80g,294,35.0,10.0,,,,,,,,,,,,,0.0,,,,,
치즈빵_미니호두아몬드크림치즈빵 (5개입),치즈빵,빵 및 과자류,137g,332,40.15,8.76,,,,,,,,,,,,,0.0,,,,,
치즈빵_쫀득치즈스틱,치즈빵,빵 및 과자류,30g,350,46.67,2.5,,,,,,,,,,,,,0.0,,,,,
치즈빵_쫀득치즈스틱 (3개입),치즈빵,빵 및 과자류,90g,356,47.78,2.22,,,,,,,,,,,,,0.0,,,,,
치즈빵_톡톡콘치즈브레드,치즈빵,빵 및 과자류,84g,286,25.0,8.33,,,,,,,,,,,,,0.0,,,,,
치즈빵_톡톡콘치즈브레드 (2개입),치즈빵,빵 및 과자류,168g,289,25.0,8.33,,,,,,,,,,,,,0.0,,,,,
치즈빵_트리플치즈캐슈넛,치즈빵,빵 및 과자류,143g,294,41.96,10.49,,,,,,,,,,,,,0.0,,,,,
치즈빵_트리플치즈캐슈넛&스위트콘크림치즈,치즈빵,빵 및 과자류,228g,270,33.77,8.77,,,,,,,,,,,,,0.0,,,,,
치즈빵_호두아몬드크림치즈빵,치즈빵,빵 및 과자류,137g,332,40.15,8.76,,,,,,,,,,,,,0.0,,,,,
치즈스틱_롱치즈스틱 (1개),치즈스틱,튀김류,100g,302,,12.86,,,,,,,,,,,,,0.0,,,,,
치즈스틱_순수치즈스틱,치즈스틱,튀김류,100g,220,,11.95,,,,,,,,,,,,,0.0,,,,,
치즈스틱,치즈스틱,튀김류,100g,329,20.57,12.59,274.0,92.0,0.49,,,0.2,,,,,,,0.48000000000000004,,,0.28,0.0,
치즈스틱,치즈스틱,튀김류,,329,24.0,16.0,405.0,92.0,0.42,,,2.0,,,,,,33.0,0.455,,,0.0,0.0,
치커리 겉절이,치커리 겉절이,채소무침류,32.4ml,58,6.04,2.9,85.0,376.0,1.76,30.24,0.47,2.7,,,,,0.1,146.0,1.1480000000000001,54.74,,1.97,0.0,0.83
치커리 겉절이,치커리 겉절이,채소무침류,32.4ml,58,6.18,2.9,90.0,378.0,1.72,30.45,0.49,2.8,,,,,0.1,145.0,1.197,55.15,,1.75,0.0,0.83
치커리 겉절이,치커리 겉절이,채소무침류,180ml,22,3.51,0.72,19.0,108.0,0.4,,,1.0,,,,,,44.0,0.349,12.61,,0.69,0.0,
치커리 겉절이,치커리 겉절이,채소무침류,180ml,22,3.5,0.7,19.0,108.0,0.4,8.27,0.11,1.0,,,,,0.03,44.0,0.347,12.58,,0.69,0.0,0.42
치커리무침,치커리무침,채소무침류,151.1ml,16,2.35,0.8,23.0,108.0,0.5,8.63,0.13,0.8,,,,,0.03,40.0,0.345,14.45,,0.47,0.0,0.31
치킨가스,치킨가스,튀김류,200g,296,22.01,13.96,78.0,197.0,0.0,21.94,0.8,1.9,-,1076.26,324.23,0.0,,15.0,4.081,0.0,0.0,0.0,,
치킨데리야끼,치킨데리야끼,육류 및 채소구이류,340g,208,15.21,16.54,16.0,233.0,0.53,20.28,1.14,1.4,11550.22,958.54,264.35,13.03,,16.0,12.546000000000001,12.32,0.14,21.46,0.0,
치킨데리야끼,치킨데리야끼,육류 및 채소구이류,83.2ml,87,8.74,11.2,12.0,320.0,0.77,26.95,0.5,1.5,,,,,0.01,54.0,1.775,14.24,,3.61,0.0,0.39
치킨데리야끼,치킨데리야끼,육류 및 채소구이류,83.2ml,142,5.56,25.4,19.0,443.0,1.35,44.81,0.84,1.1,,,,,0.02,100.0,3.771,14.95,,1.25,0.0,0.55
치킨데리야끼,치킨데리야끼,육류 및 채소구이류,151.4ml,117,10.96,16.0,24.0,450.0,1.06,38.45,0.69,2.2,,,,,0.02,82.0,2.612,20.32,,6.41,0.0,0.55
칠면조구이,칠면조구이,육류 및 채소구이류,42.7ml,207,0.96,30.6,21.0,332.0,1.36,37.4,2.51,0.3,,,,,0.11,24.0,11.057,10.01,,0.0,0.42,0.14
카레라이스,카레라이스,밥류,480g,108,20.74,3.11,12.0,91.0,0.3,7.5,0.74,0.5,2931.73,251.98,54.48,4.58,,13.0,0.349,6.68,0.0,3.16,0.0,
카레라이스_돼지고기,카레라이스,밥류,600ml,90,15.73,2.8,6.0,101.0,0.41,,,0.9,,,,,,15.0,0.531,6.47,,1.25,0.03,
카레라이스_소고기,카레라이스,밥류,572ml,113,19.28,2.7,8.0,101.0,0.29,11.55,0.58,0.8,,,,,0.09,17.0,0.519,8.49,,1.2,0.0,0.33
카레라이스_채소,카레라이스,밥류,650ml,95,18.96,2.09,9.0,107.0,0.47,,,1.2,,,,,,15.0,0.34400000000000003,8.75,,1.92,0.0,
카레라이스_돼지고기,카레라이스,밥류,238.88ml,164,29.04,4.6,11.0,167.0,0.36,18.39,0.87,1.2,,,,,0.07,21.0,1.122,13.61,,2.09,0.06,0.4
카레라이스_돼지고기_모듬채소,카레라이스,밥류,600ml,99,18.44,2.7,7.0,118.0,0.55,11.4,0.5,0.7,,,,,0.05,14.0,0.592,6.93,,1.89,0.02,0.23
카레라이스_오징어,카레라이스,밥류,375.7ml,117,20.69,4.3,8.0,123.0,0.6,15.52,0.61,0.5,,,,,0.16,13.0,0.43,6.25,,0.42,0.72,0.31
카레라이스_두부,카레라이스,밥류,512.6ml,104,16.18,3.7,15.0,102.0,0.41,20.28,0.55,1.0,,,,,0.06,9.0,0.5549999999999999,10.31,,1.02,0.01,0.31
카레라이스_돼지고기,카레라이스,밥류,319.43ml,167,30.95,4.8,10.0,189.0,0.9,18.66,0.9,1.1,,,,,0.08,21.0,1.152,11.39,,1.89,0.06,0.34
카레라이스_돼지고기_모듬채소,카레라이스,밥류,600ml,99,18.44,2.7,7.0,118.0,0.55,11.4,0.5,0.7,,,,,0.05,14.0,0.592,6.93,,1.89,0.02,0.23
카레라이스_돼지고기,카레라이스,밥류,600ml,100,18.4,2.64,8.0,117.0,0.49,,,0.7,,,,,,14.0,0.615,7.48,,1.89,0.02,
카레라이스_돼지고기_모듬채소,카레라이스,밥류,600ml,99,18.44,2.7,7.0,118.0,0.55,11.4,0.5,0.7,,,,,0.05,14.0,0.592,6.93,,1.89,0.02,0.23
카레소스_치킨마크니 찍먹커리,카레소스,"장류, 양념류",100g,172,28.01,3.65,,,,,,,,,,,,,0.0,,,,,
카레소스_간편조리세트_키마카레&치즈키마카레,카레소스,"장류, 양념류",386g,136,6.02,9.16,85.0,215.0,1.11,,,1.1,,,,,,,1.233,,,0.0,0.0,
카레소스,카레소스,"장류, 양념류",290ml,70,9.75,2.7,17.0,178.0,0.39,13.37,0.31,1.3,,,,,0.04,34.0,0.9610000000000001,16.42,,5.11,0.02,0.37
카레소스,카레소스,"장류, 양념류",290ml,70,9.75,2.7,17.0,178.0,0.39,13.37,0.31,1.3,,,,,0.04,34.0,0.9610000000000001,16.42,,5.11,0.02,0.37
카레소스,카레소스,"장류, 양념류",290ml,70,9.75,2.7,17.0,178.0,0.39,13.37,0.31,1.3,,,,,0.04,34.0,0.9610000000000001,16.42,,5.11,0.02,0.37
카레소스,카레소스,"장류, 양념류",290ml,66,9.9,2.78,16.0,180.0,0.55,,,1.4,,,,,,34.0,0.857,14.81,,5.05,0.02,
카스텔라_우유크림카스테라,카스텔라,빵 및 과자류,120g,352,,6.67,,,,,,,,,,,,,0.0,,,,,
카스텔라_생크림 카스텔라,카스텔라,빵 및 과자류,112g,349,35.71,5.36,,,,,,,,,,,,,0.0,,,,,
카스텔라_카스텔라우유스틱 브레드,카스텔라,빵 및 과자류,480g,284,,7.0,,,,,,,,,,,,,0.0,,,,,
카스텔라_후레쉬카스텔라,카스텔라,빵 및 과자류,220g,337,,6.0,,,,,,,,,,,,,0.0,,,,,
카스텔라_촉촉한 쌀카스테라 녹차,카스텔라,빵 및 과자류,150g,294,,6.67,,,,,,,,,,,,,0.0,,,,,
카스텔라_촉촉한 쌀카스테라 플레인,카스텔라,빵 및 과자류,150g,309,,6.67,,,,,,,,,,,,,0.0,,,,,
카스텔라_생크림 카스테라,카스텔라,빵 및 과자류,121g,352,,6.61,,,,,,,,,,,,,0.0,,,,,
카스텔라_부드러운 생크림 카스텔라,카스텔라,빵 및 과자류,170g,332,,5.88,,,,,,,,,,,,,0.0,,,,,
카스텔라_우리 흑米 카스텔라,카스텔라,빵 및 과자류,200g,315,,8.0,,,,,,,,,,,,,0.0,,,,,
카스텔라_우리米 카스텔라,카스텔라,빵 및 과자류,200g,305,,7.0,,,,,,,,,,,,,0.0,,,,,
카스텔라_큐브 라이스 카스텔라,카스텔라,빵 및 과자류,40g,323,,7.5,,,,,,,,,,,,,0.0,,,,,
카스텔라_플레인 카스테라,카스텔라,빵 및 과자류,142g,368,,4.23,,,,,,,,,,,,,0.0,,,,,
카스텔라_민트초코 생크림 카스텔라,카스텔라,빵 및 과자류,125g,326,,7.2,,,,,,,,,,,,,0.0,,,,,
카스텔라_생크림 카스테라,카스텔라,빵 및 과자류,120g,352,,6.67,,,,,,,,,,,,,0.0,,,,,
카스텔라_우유크림 카스테라,카스텔라,빵 및 과자류,120g,352,,33.33,,,,,,,,,,,,,0.0,,,,,
카스텔라_폭탄 카스테라,카스텔라,빵 및 과자류,120g,352,,33.33,,,,,,,,,,,,,0.0,,,,,
카스텔라_생크림 카스테라,카스텔라,빵 및 과자류,120g,386,,10.83,,,,,,,,,,,,,0.0,,,,,
카스텔라_카스테라구마,카스텔라,빵 및 과자류,105g,314,,4.76,,,,,,,,,,,,,0.0,,,,,
카스텔라_우유생크림 카스테라,카스텔라,빵 및 과자류,105g,329,37.14,5.71,,,,,,,,,,,,,0.0,,,,,
카스텔라_베리베리 카스텔라,카스텔라,빵 및 과자류,100g,341,,6.0,,,,,,,,,,,,,0.0,,,,,
카스텔라_폭신한 생크림 카스텔라,카스텔라,빵 및 과자류,110g,355,,5.45,,,,,,,,,,,,,0.0,,,,,
카스텔라,카스텔라,빵 및 과자류,70g,335,47.99,10.03,38.0,96.0,1.46,14.5,1.11,1.3,9157.79,792.57,89.37,22.01,,30.0,1.412,35.93,0.67,0.0,0.0,
카페라떼,카페라떼,음료 및 차류,355ml,38,3.57,1.7,62.0,129.0,0.03,8.42,0.2,0.0,,,,,0.01,30.0,0.414,1.66,,0.43,0.05,0.04
카페라떼_시럽,카페라떼,음료 및 차류,355ml,51,6.9,1.7,67.0,139.0,0.03,9.47,0.27,0.0,,,,,0.01,30.0,0.485,1.66,,0.43,0.05,0.04
카페라떼_카라멜,카페라떼,음료 및 차류,355ml,59,9.24,1.7,67.0,140.0,0.04,9.71,0.24,0.0,,,,,0.01,30.0,0.496,1.66,,0.43,0.05,0.04
카페모카,카페모카,음료 및 차류,355ml,63,9.64,1.9,67.0,149.0,0.36,14.31,0.27,0.2,,,,,0.01,30.0,0.567,1.92,,0.43,0.05,0.04
카페모카_카라멜,카페모카,음료 및 차류,355ml,74,12.7,1.9,70.0,156.0,0.37,15.04,0.3,0.2,,,,,0.01,30.0,0.612,1.92,,0.43,0.05,0.04
카페모카_카라멜_휘핑크림,카페모카,음료 및 차류,355ml,105,13.26,2.1,75.0,163.0,0.37,15.56,0.32,0.2,,,,,0.01,51.0,0.6779999999999999,2.18,,0.46,0.05,0.08
카페모카_휘핑크림,카페모카,음료 및 차류,355ml,93,10.19,2.1,72.0,157.0,0.36,14.83,0.29,0.2,,,,,0.01,51.0,0.633,2.18,,0.46,0.05,0.08
칼국수_간편조리세트_원주식장칼국수,칼국수,면 및 만두류,1367g,78,15.27,2.71,17.0,71.0,0.37,,,0.6,,,,,,,0.7909999999999999,,,0.44,0.0,
칼국수_간편조리세트_장칼국수,칼국수,면 및 만두류,1330g,80,15.06,2.51,15.0,78.0,0.2,,,1.4,,,,,,,0.297,,,0.09,0.0,
칼국수,칼국수,면 및 만두류,700g,77,14.9,3.3,7.0,87.0,0.36,8.17,0.42,1.6,3122.48,249.15,39.84,6.75,,5.0,1.7890000000000001,11.18,0.34,0.0,0.0,
칼국수_바지락,칼국수,면 및 만두류,700g,82,15.97,3.43,13.0,51.0,0.61,8.29,0.55,0.3,2960.06,230.1,16.04,14.28,,1.0,2.28,10.63,2.25,1.92,0.0,
칼국수_닭고기,칼국수,면 및 만두류,900g,74,10.52,4.69,9.0,79.0,0.0,9.33,0.25,1.1,-,323.5,84.06,0.01,,3.0,0.211,9.28,0.0,0.09,,
칼국수_들깨,칼국수,면 및 만두류,600g,76,9.97,2.93,29.0,92.0,0.0,25.53,0.4,1.4,-,167.73,49.96,5.83,,2.0,0.527,13.2,0.32,0.67,,
칼국수_해물,칼국수,면 및 만두류,900g,70,13.77,2.53,14.0,60.0,0.0,0.0,0.0,5.0,-,0.0,0.0,0.0,,2.0,0.44499999999999995,0.0,0.0,0.0,,
칼국수,칼국수,면 및 만두류,514.8ml,97,20.03,2.7,17.0,89.0,0.26,10.18,0.18,0.9,,,,,0.02,2.0,0.14800000000000002,6.79,,1.15,0.01,0.01
칼국수_닭고기,칼국수,면 및 만두류,514.8ml,53,7.69,4.1,5.0,70.0,0.22,7.3,0.14,0.6,,,,,0.01,9.0,0.658,4.28,,0.4,0.0,0.13
칼국수_들깨,칼국수,면 및 만두류,1020m,113,18.42,3.41,30.0,101.0,0.64,,,2.0,,,,,,2.0,0.605,9.02,,0.3,0.0,
칼국수_소고기,칼국수,면 및 만두류,1000ml,57,9.01,2.2,3.0,39.0,0.21,4.69,0.3,0.3,,,,,0.01,1.0,0.22399999999999998,3.67,,0.21,0.0,0.02
칼국수_해물,칼국수,면 및 만두류,1100ml,78,14.74,3.1,26.0,68.0,0.63,10.85,0.56,0.5,,,,,0.04,3.0,0.383,6.04,,0.52,0.04,0.07
칼국수,칼국수,면 및 만두류,296.7ml,85,17.53,2.4,16.0,76.0,0.22,8.92,0.16,0.8,,,,,0.02,1.0,0.151,6.02,,0.97,0.01,0.01
칼국수_바지락,칼국수,면 및 만두류,428.6ml,54,9.36,2.4,14.0,84.0,0.32,9.87,0.21,0.9,,,,,0.04,6.0,0.289,8.58,,1.25,0.14,0.2
칼국수_해물,칼국수,면 및 만두류,1100ml,78,14.74,3.1,26.0,68.0,0.63,10.85,0.56,0.5,,,,,0.04,3.0,0.383,6.04,,0.52,0.04,0.07
칼국수,칼국수,면 및 만두류,514.8ml,97,20.03,2.7,17.0,89.0,0.26,10.18,0.18,0.9,,,,,0.02,2.0,0.14800000000000002,6.79,,1.15,0.01,0.01
칼국수_해물,칼국수,면 및 만두류,1100ml,78,14.74,3.1,26.0,68.0,0.63,10.85,0.56,0.5,,,,,0.04,3.0,0.383,6.04,,0.52,0.04,0.07
칼국수,칼국수,면 및 만두류,514.8ml,97,20.03,2.7,17.0,89.0,0.26,10.18,0.18,0.9,,,,,0.02,2.0,0.14800000000000002,6.79,,1.15,0.01,0.01
칼국수_닭고기,칼국수,면 및 만두류,514.8ml,53,7.69,4.1,5.0,70.0,0.22,7.3,0.14,0.6,,,,,0.01,9.0,0.658,4.28,,0.4,0.0,0.13
칼국수_바지락,칼국수,면 및 만두류,885.1ml,47,8.27,2.1,12.0,69.0,0.28,7.44,0.19,0.8,,,,,0.03,5.0,0.248,7.26,,1.06,0.13,0.18
칼국수_소고기,칼국수,면 및 만두류,483ml,59,8.09,2.0,6.0,50.0,0.22,5.08,0.31,0.7,,,,,0.01,4.0,0.385,4.87,,1.16,0.0,0.15
칼국수_해물,칼국수,면 및 만두류,1100ml,78,14.74,3.1,26.0,68.0,0.63,10.85,0.56,0.5,,,,,0.04,3.0,0.383,6.04,,0.52,0.04,0.07
칼국수_간편조리세트_닭한마리와 칼국수,칼국수,면 및 만두류,2292g,94,10.53,7.95,99.0,153.0,0.81,,,0.9,,,,,,,1.6059999999999999,,,0.45,0.0,
칼국수_간편조리세트_세숫대야 바지락칼국수,칼국수,면 및 만두류,2159g,74,9.72,2.28,26.0,52.0,0.48,,,0.1,,,,,,,0.525,,,1.42,0.0,
캔디_씨프렌즈 캔디,캔디,빵 및 과자류,50g,392,,0.0,,,,,,,,,,,,,0.0,,,,,
캔디_아몬드 토피넛 캔디,캔디,빵 및 과자류,60g,527,,1.67,,,,,,,,,,,,,0.0,,,,,
캘리포니아롤,캘리포니아롤,밥류,300g,163,29.74,4.11,49.0,76.0,0.0,9.48,0.54,2.5,-,318.43,74.88,0.0,,21.0,0.201,0.0,0.0,1.29,,
커피_돌체 라떼 아이스,커피,음료 및 차류,480g,77,11.04,2.5,,,,,,,,,,,,,0.0,,,,,
커피_돌체 라떼 핫,커피,음료 및 차류,425g,103,13.65,3.53,,,,,,,,,,,,,0.0,,,,,
커피_듀얼브루 디카페인 아메리치노 아이스,커피,음료 및 차류,410g,6,0.98,0.24,,,,,,,,,,,,,0.0,,,,,
커피_듀얼브루 디카페인 아메리치노 라떼 아이스,커피,음료 및 차류,450g,51,7.33,1.78,,,,,,,,,,,,,0.0,,,,,
커피_듀얼브루 디카페인 아메리카노 아이스,커피,음료 및 차류,416g,6,0.96,0.24,,,,,,,,,,,,,0.0,,,,,
커피_듀얼브루 디카페인 아메리카노 핫,커피,음료 및 차류,400g,6,1.0,0.25,,,,,,,,,,,,,0.0,,,,,
커피_듀얼브루 디카페인 카페 라떼 아이스,커피,음료 및 차류,470g,30,2.77,1.49,,,,,,,,,,,,,0.0,,,,,
커피_듀얼브루 디카페인 카페 라떼 핫,커피,음료 및 차류,380g,51,4.74,2.63,,,,,,,,,,,,,0.0,,,,,
커피_바닐라 카페 라떼 아이스,커피,음료 및 차류,460g,46,7.39,1.3,,,,,,,,,,,,,0.0,,,,,
커피_바닐라 카페 라떼 핫,커피,음료 및 차류,385g,69,10.13,2.34,,,,,,,,,,,,,0.0,,,,,
커피_아메리치노 라떼 아이스,커피,음료 및 차류,450g,49,6.67,1.78,,,,,,,,,,,,,0.0,,,,,
커피_아메리치노 아이스,커피,음료 및 차류,410g,3,0.49,0.49,,,,,,,,,,,,,0.0,,,,,
커피_아메리카노 아이스,커피,음료 및 차류,416g,3,0.48,0.48,,,,,,,,,,,,,0.0,,,,,
커피_아메리카노 핫,커피,음료 및 차류,400g,4,0.5,0.5,,,,,,,,,,,,,0.0,,,,,
커피_카라멜마끼아또 아이스,커피,음료 및 차류,468g,50,7.48,1.71,,,,,,,,,,,,,0.0,,,,,
커피_카라멜마끼아또 핫,커피,음료 및 차류,393g,73,10.18,2.54,,,,,,,,,,,,,0.0,,,,,
커피_카페 연유다 아이스,커피,음료 및 차류,410g,53,8.78,1.46,,,,,,,,,,,,,0.0,,,,,
커피_카페 라떼 아이스,커피,음료 및 차류,470g,29,2.55,1.49,,,,,,,,,,,,,0.0,,,,,
커피_카페 라떼 핫,커피,음료 및 차류,380g,50,4.21,2.63,,,,,,,,,,,,,0.0,,,,,
커피_카페모카 아이스,커피,음료 및 차류,440g,59,8.18,1.59,,,,,,,,,,,,,0.0,,,,,
커피_카페모카 핫,커피,음료 및 차류,415g,75,9.88,2.41,,,,,,,,,,,,,0.0,,,,,
커피_카푸치노 아이스,커피,음료 및 차류,380g,21,1.84,1.32,,,,,,,,,,,,,0.0,,,,,
커피_카푸치노 핫,커피,음료 및 차류,320g,46,4.06,2.5,,,,,,,,,,,,,0.0,,,,,
커피_콜드브루 커피 아이스,커피,음료 및 차류,420g,2,0.48,0.24,,,,,,,,,,,,,0.0,,,,,
커피_달고나카페 라떼 아이스,커피,음료 및 차류,473g,69,,1.69,,,,,,,,,,,,,0.0,,,,,
커피_달고나카페 라떼 아이스,커피,음료 및 차류,591g,61,,1.52,,,,,,,,,,,,,0.0,,,,,
커피_달고나카페 라떼 아이스,커피,음료 및 차류,414g,62,,1.45,,,,,,,,,,,,,0.0,,,,,
커피_달고나카페 라떼 핫,커피,음료 및 차류,473g,88,,2.96,,,,,,,,,,,,,0.0,,,,,
커피_달고나카페 라떼 핫,커피,음료 및 차류,355g,89,,3.1,,,,,,,,,,,,,0.0,,,,,
커피_데일리오트코코넛 라떼 아이스,커피,음료 및 차류,532g,97,,1.32,,,,,,,,,,,,,0.0,,,,,
커피_데일리오트코코넛 라떼 아이스,커피,음료 및 차류,607g,97,,1.32,,,,,,,,,,,,,0.0,,,,,
커피_데일리오트코코넛 라떼 아이스,커피,음료 및 차류,405g,98,,1.23,,,,,,,,,,,,,0.0,,,,,
커피_데일리오트코코넛 라떼 핫,커피,음료 및 차류,450g,127,,1.78,,,,,,,,,,,,,0.0,,,,,
커피_데일리오트코코넛 라떼 핫,커피,음료 및 차류,345g,126,,1.74,,,,,,,,,,,,,0.0,,,,,
커피_롱블랫 아이스(ICED),커피,음료 및 차류,296g,5,,0.25,,,,,,,,,,,,,0.0,,,,,
커피_롱블랫 핫(HOT),커피,음료 및 차류,237g,4,,0.32,,,,,,,,,,,,,0.0,,,,,
커피_바닐라카페 라떼 아이스,커피,음료 및 차류,473g,45,,1.27,,,,,,,,,,,,,0.0,,,,,
커피_바닐라카페 라떼 아이스,커피,음료 및 차류,591g,42,,1.18,,,,,,,,,,,,,0.0,,,,,
커피_바닐라카페 라떼 아이스,커피,음료 및 차류,355g,48,,1.41,,,,,,,,,,,,,0.0,,,,,
커피_바닐라카페 라떼 핫,커피,음료 및 차류,473g,66,,2.11,,,,,,,,,,,,,0.0,,,,,
커피_바닐라카페 라떼 핫,커피,음료 및 차류,355g,63,,1.97,,,,,,,,,,,,,0.0,,,,,
커피_숏카페 라떼 아이스(ICED),커피,음료 및 차류,296g,34,,1.35,,,,,,,,,,,,,0.0,,,,,
커피_숏카페 라떼 핫(HOT),커피,음료 및 차류,296g,41,,1.69,,,,,,,,,,,,,0.0,,,,,
커피_스페니쉬연유카페 라떼 아이스,커피,음료 및 차류,473g,95,,3.59,,,,,,,,,,,,,0.0,,,,,
커피_스페니쉬연유카페 라떼 아이스,커피,음료 및 차류,591g,90,,3.38,,,,,,,,,,,,,0.0,,,,,
커피_스페니쉬연유카페 라떼 아이스,커피,음료 및 차류,414g,85,,3.14,,,,,,,,,,,,,0.0,,,,,
커피_스페니쉬연유카페 라떼 핫,커피,음료 및 차류,473g,49,,1.9,,,,,,,,,,,,,0.0,,,,,
커피_스페니쉬연유카페 라떼 핫,커피,음료 및 차류,355g,52,,1.97,,,,,,,,,,,,,0.0,,,,,
커피_아메리카노 아이스,커피,음료 및 차류,473g,4,,0.3,,,,,,,,,,,,,0.0,,,,,
커피_아메리카노 아이스,커피,음료 및 차류,355g,4,,0.31,,,,,,,,,,,,,0.0,,,,,
커피_아메리카노 핫,커피,음료 및 차류,473g,4,,0.21,,,,,,,,,,,,,0.0,,,,,
커피_아메리카노 핫,커피,음료 및 차류,355g,4,,0.21,,,,,,,,,,,,,0.0,,,,,
커피_아메리키토 아이스,커피,음료 및 차류,591g,4,,0.29,,,,,,,,,,,,,0.0,,,,,
커피_아이스크림카페 라떼 아이스,커피,음료 및 차류,473g,44,,1.27,,,,,,,,,,,,,0.0,,,,,
커피_아이스크림카페 라떼 아이스,커피,음료 및 차류,591g,47,,1.35,,,,,,,,,,,,,0.0,,,,,
커피_아이스크림카페 라떼 아이스,커피,음료 및 차류,355g,54,,1.41,,,,,,,,,,,,,0.0,,,,,
커피_에소프레소 핫(HOT),커피,음료 및 차류,59g,17,,0.0,,,,,,,,,,,,,0.0,,,,,
커피_에소프레소 핫(HOT),커피,음료 및 차류,29g,17,,0.0,,,,,,,,,,,,,0.0,,,,,
커피_카라멜마키아또 아이스,커피,음료 및 차류,473g,55,,1.48,,,,,,,,,,,,,0.0,,,,,
커피_카라멜마키아또 아이스,커피,음료 및 차류,591g,52,,1.52,,,,,,,,,,,,,0.0,,,,,
커피_카라멜마키아또 아이스,커피,음료 및 차류,355g,58,,1.69,,,,,,,,,,,,,0.0,,,,,
커피_카라멜마키아또 핫,커피,음료 및 차류,473g,66,,2.11,,,,,,,,,,,,,0.0,,,,,
커피_카라멜마키아또 핫,커피,음료 및 차류,355g,68,,2.25,,,,,,,,,,,,,0.0,,,,,
커피_카페 라떼 아이스,커피,음료 및 차류,473g,33,,1.48,,,,,,,,,,,,,0.0,,,,,
커피_카페 라떼 아이스,커피,음료 및 차류,591g,30,,1.35,,,,,,,,,,,,,0.0,,,,,
커피_카페 라떼 아이스,커피,음료 및 차류,355g,34,,1.41,,,,,,,,,,,,,0.0,,,,,
커피_카페 라떼 핫,커피,음료 및 차류,473g,49,,2.33,,,,,,,,,,,,,0.0,,,,,
커피_카페 라떼 핫,커피,음료 및 차류,355g,48,,2.25,,,,,,,,,,,,,0.0,,,,,
커피_카페모카 아이스,커피,음료 및 차류,473g,72,,1.48,,,,,,,,,,,,,0.0,,,,,
커피_카페모카 아이스,커피,음료 및 차류,591g,63,,1.52,,,,,,,,,,,,,0.0,,,,,
커피_카페모카 아이스,커피,음료 및 차류,355g,73,,1.69,,,,,,,,,,,,,0.0,,,,,
커피_카페모카 핫,커피,음료 및 차류,473g,79,,2.33,,,,,,,,,,,,,0.0,,,,,
커피_카페모카 핫,커피,음료 및 차류,355g,79,,2.25,,,,,,,,,,,,,0.0,,,,,
커피_카푸치노 핫,커피,음료 및 차류,473g,40,,1.9,,,,,,,,,,,,,0.0,,,,,
커피_카푸치노 핫,커피,음료 및 차류,355g,41,,1.69,,,,,,,,,,,,,0.0,,,,,
커피_콜드브루 아이스,커피,음료 및 차류,591g,3,,0.17,,,,,,,,,,,,,0.0,,,,,
커피_콜드브루 라떼 아이스,커피,음료 및 차류,473g,21,,1.06,,,,,,,,,,,,,0.0,,,,,
커피_콜드브루 라떼 아이스,커피,음료 및 차류,591g,34,,1.02,,,,,,,,,,,,,0.0,,,,,
커피_콜드브루 라떼 아이스,커피,음료 및 차류,414g,18,,0.92,,,,,,,,,,,,,0.0,,,,,
커피_흑임자카페 라떼 아이스,커피,음료 및 차류,473g,101,,2.33,,,,,,,,,,,,,0.0,,,,,
커피_흑임자카페 라떼 아이스,커피,음료 및 차류,591g,91,,2.03,,,,,,,,,,,,,0.0,,,,,
커피_흑임자카페 라떼 아이스,커피,음료 및 차류,414g,86,,1.93,,,,,,,,,,,,,0.0,,,,,
커피_흑임자카페 라떼 핫,커피,음료 및 차류,473g,98,,2.75,,,,,,,,,,,,,0.0,,,,,
커피_흑임자카페 라떼 핫,커피,음료 및 차류,355g,100,,2.82,,,,,,,,,,,,,0.0,,,,,
커피_더블샷 바닐라 딜라이트 아이스,커피,음료 및 차류,354g,63,,1.98,,,,,,,,,,,,,0.0,,,,,
커피_더블샷 바닐라 딜라이트 핫,커피,음료 및 차류,354g,79,,3.11,,,,,,,,,,,,,0.0,,,,,
커피_디카페인 바닐라 딜라이트 아이스,커피,음료 및 차류,354g,57,,1.69,,,,,,,,,,,,,0.0,,,,,
커피_디카페인 바닐라 딜라이트 핫,커피,음료 및 차류,354g,73,,2.82,,,,,,,,,,,,,0.0,,,,,
커피_디카페인 아메리카노 아이스,커피,음료 및 차류,354g,3,,0.28,,,,,,,,,,,,,0.0,,,,,
커피_디카페인 아메리카노 핫,커피,음료 및 차류,354g,3,,0.28,,,,,,,,,,,,,0.0,,,,,
커피_디카페인 카페 라떼 아이스,커피,음료 및 차류,354g,34,,1.69,,,,,,,,,,,,,0.0,,,,,
커피_디카페인 카페 라떼 핫,커피,음료 및 차류,354g,53,,2.54,,,,,,,,,,,,,0.0,,,,,
커피_리스트레또 딜라이트 아이스,커피,음료 및 차류,354g,47,,1.69,,,,,,,,,,,,,0.0,,,,,
커피_리스트레또 딜라이트 핫,커피,음료 및 차류,354g,88,,3.39,,,,,,,,,,,,,0.0,,,,,
커피_바닐라딜라이트 아이스,커피,음료 및 차류,354g,59,,1.69,,,,,,,,,,,,,0.0,,,,,
커피_바닐라딜라이트 핫,커피,음료 및 차류,354g,72,,2.82,,,,,,,,,,,,,0.0,,,,,
커피_아메리카노 아이스,커피,음료 및 차류,354g,3,,0.28,,,,,,,,,,,,,0.0,,,,,
커피_아메리카노 핫,커피,음료 및 차류,354g,3,,0.28,,,,,,,,,,,,,0.0,,,,,
커피_아포가토,커피,음료 및 차류,150g,138,,2.67,,,,,,,,,,,,,0.0,,,,,
커피_에스프레소,커피,음료 및 차류,25g,20,,0.0,,,,,,,,,,,,,0.0,,,,,
커피_카라멜 마키아또 아이스,커피,음료 및 차류,354g,47,,1.41,,,,,,,,,,,,,0.0,,,,,
커피_카라멜 마키아또 핫,커피,음료 및 차류,354g,68,,2.26,,,,,,,,,,,,,0.0,,,,,
커피_카페 라떼 아이스,커피,음료 및 차류,354g,29,,1.41,,,,,,,,,,,,,0.0,,,,,
커피_카페 라떼 핫,커피,음료 및 차류,354g,51,,2.26,,,,,,,,,,,,,0.0,,,,,
커피_카페모카 아이스,커피,음료 및 차류,354g,51,,1.41,,,,,,,,,,,,,0.0,,,,,
커피_카페모카 핫,커피,음료 및 차류,354g,71,,2.26,,,,,,,,,,,,,0.0,,,,,
커피_카푸치노 핫,커피,음료 및 차류,354g,47,,2.26,,,,,,,,,,,,,0.0,,,,,
커피_콜드브루 딜라이트 아이스,커피,음료 및 차류,354g,58,,1.69,,,,,,,,,,,,,0.0,,,,,
커피_콜드브루 라떼 아이스,커피,음료 및 차류,354g,35,,1.41,,,,,,,,,,,,,0.0,,,,,
커피_콜드브루 아이스,커피,음료 및 차류,354g,3,,0.28,,,,,,,,,,,,,0.0,,,,,
커피_프리미엄 블렌드 딥 라떼 아이스,커피,음료 및 차류,354g,31,,1.41,,,,,,,,,,,,,0.0,,,,,
커피_프리미엄 블렌드 딥 라떼 핫,커피,음료 및 차류,354g,40,,1.98,,,,,,,,,,,,,0.0,,,,,
커피_프리미엄 블렌드 아메리카노 아이스,커피,음료 및 차류,354g,4,,0.28,,,,,,,,,,,,,0.0,,,,,
커피_프리미엄 블렌드 아메리카노 핫,커피,음료 및 차류,354g,4,,0.28,,,,,,,,,,,,,0.0,,,,,
커피_달고나커피,커피,음료 및 차류,100g,111,14.08,2.47,91.0,178.0,0.0,,,0.1,,,,,,,0.893,,,0.22,0.0,
커피_아메리카노,커피,음료 및 차류,100g,4,0.66,0.23,5.0,61.0,0.04,,,0.0,,,,,,,0.544,,,0.0,0.0,
커피_카라멜마끼아토,커피,음료 및 차류,100g,81,9.05,2.44,102.0,177.0,0.02,,,0.1,,,,,,,0.6990000000000001,,,2.69,0.0,
커피_카페라떼,커피,음료 및 차류,100g,57,3.11,2.72,91.0,197.0,0.0,,,0.1,,,,,,,0.726,,,0.29,0.0,
커피_카페모카,커피,음료 및 차류,100g,72,10.46,2.76,91.0,121.0,0.07,,,0.6,,,,,,,0.801,,,0.23,0.0,
커피_카푸치노,커피,음료 및 차류,100g,54,3.23,2.67,78.0,143.0,0.01,,,0.3,,,,,,,1.037,,,0.18,0.0,
커피,커피(타먹는커피),음료 및 차류,100ml,51,9.81,0.5,17.0,124.0,0.05,7.52,0.01,0.0,,,,,0.0,0.0,0.614,0.48,,0.0,0.0,0.01
케이크_너트 브라우니,케이크,빵 및 과자류,85g,449,48.24,5.88,,,,,,,,,,,,,0.0,,,,,
케이크_레몬 슈가 파운드 케이크,케이크,빵 및 과자류,125g,431,54.4,5.6,,,,,,,,,,,,,0.0,,,,,
케이크_말렌카 케이크 월넛,케이크,빵 및 과자류,100g,394,47.0,6.5,,,,,,,,,,,,,0.0,,,,,
케이크_말렌카 케이크 코코아,케이크,빵 및 과자류,100g,408,48.0,6.7,,,,,,,,,,,,,0.0,,,,,
케이크_스틱 치즈 케이크,케이크,빵 및 과자류,50g,320,30.0,8.0,,,,,,,,,,,,,0.0,,,,,
케이크_카라멜 호두 파운드 케이크,케이크,빵 및 과자류,110g,499,40.0,7.27,,,,,,,,,,,,,0.0,,,,,
케이크_쿠키 앤 크림 스틱 치즈 케이크,케이크,빵 및 과자류,50g,350,34.0,8.0,,,,,,,,,,,,,0.0,,,,,
케이크_바스크 치즈 케이크,케이크,빵 및 과자류,167g,362,29.94,5.39,,,,,,,,,,,,,0.0,,,,,
케이크_리얼브라우니,케이크,빵 및 과자류,70g,321,,4.29,,,,,,,,,,,,,0.0,,,,,
케이크_부드러운그린티쉬폰 케이크 2호,케이크,빵 및 과자류,752g,305,,3.86,,,,,,,,,,,,,0.0,,,,,
케이크_부드러운블루베리쉬폰 케이크 2호,케이크,빵 및 과자류,667g,302,,3.75,,,,,,,,,,,,,0.0,,,,,
케이크_블루베리요거트팡도르,케이크,빵 및 과자류,185g,376,,3.78,,,,,,,,,,,,,0.0,,,,,
케이크_쁘띠복숭아 케이크,케이크,빵 및 과자류,143g,252,,4.2,,,,,,,,,,,,,0.0,,,,,
케이크_생크림 케이크 1호,케이크,빵 및 과자류,500g,262,,3.2,,,,,,,,,,,,,0.0,,,,,
케이크_쇼콜라가나슈생크림 케이크,케이크,빵 및 과자류,738g,351,,4.2,,,,,,,,,,,,,0.0,,,,,
케이크_순매직딸기 케이크,케이크,빵 및 과자류,1022g,251,,2.35,,,,,,,,,,,,,0.0,,,,,
케이크_순매직베리 케이크,케이크,빵 및 과자류,923g,292,,3.47,,,,,,,,,,,,,0.0,,,,,
케이크_순우유딸기무스 케이크,케이크,빵 및 과자류,464g,254,,3.88,,,,,,,,,,,,,0.0,,,,,
케이크_스트로베리리치생크림 케이크,케이크,빵 및 과자류,671g,263,,2.98,,,,,,,,,,,,,0.0,,,,,
케이크_스트로베리마스카포네티라미수 케이크,케이크,빵 및 과자류,606g,271,,3.63,,,,,,,,,,,,,0.0,,,,,
케이크_진한우유생크림 케이크 1호,케이크,빵 및 과자류,811g,175,,3.08,,,,,,,,,,,,,0.0,,,,,
케이크_초코생크림 케이크 1호,케이크,빵 및 과자류,556g,287,,4.14,,,,,,,,,,,,,0.0,,,,,
케이크_딸기와우유 생크림 1호,케이크,빵 및 과자류,499g,283,,4.61,,,,,,,,,,,,,0.0,,,,,
케이크_부드러운블루베리쉬폰,케이크,빵 및 과자류,720g,315,,3.61,,,,,,,,,,,,,0.0,,,,,
케이크_스트로베리쇼콜라갸또,케이크,빵 및 과자류,685g,269,,3.5,,,,,,,,,,,,,0.0,,,,,
케이크_초코골드레이어,케이크,빵 및 과자류,750g,300,,4.4,,,,,,,,,,,,,0.0,,,,,
케이크_파티생크림 케이크 5호A,케이크,빵 및 과자류,1963g,261,,3.82,,,,,,,,,,,,,0.0,,,,,
케이크_가나슈초콜릿 케이크 (조각),케이크,빵 및 과자류,90g,350,41.11,4.44,,,,,,,,,,,,,0.0,,,,,
케이크_고구마건포도롤 케이크,케이크,빵 및 과자류,265g,335,,8.0,,,,,,,,,,,,,0.0,,,,,
케이크_고구마반생크림반 케이크,케이크,빵 및 과자류,750g,220,25.0,3.0,,,,,,,,,,,,,0.0,,,,,
케이크_달콤 부드러운 호박고구마 케이크,케이크,빵 및 과자류,960g,250,,3.0,,,,,,,,,,,,,0.0,,,,,
케이크_듬뿍생딸기생크림 케이크 (12CM),케이크,빵 및 과자류,470g,265,24.0,3.0,,,,,,,,,,,,,0.0,,,,,
케이크_딸기&치즈 케이크 (조각),케이크,빵 및 과자류,100g,275,25.0,4.0,,,,,,,,,,,,,0.0,,,,,
케이크_딸기우유생크림 케이크 (조각),케이크,빵 및 과자류,120g,275,,3.33,,,,,,,,,,,,,0.0,,,,,
케이크_블랙포레스트 케이크 (조각),케이크,빵 및 과자류,90g,311,25.56,4.44,,,,,,,,,,,,,0.0,,,,,
케이크_블루베리요거트 케이크,케이크,빵 및 과자류,540g,295,23.0,4.0,,,,,,,,,,,,,0.0,,,,,
케이크_생딸기요거트 케이크,케이크,빵 및 과자류,690g,265,25.0,4.0,,,,,,,,,,,,,0.0,,,,,
케이크_생딸기치즈 케이크,케이크,빵 및 과자류,610g,250,18.0,3.0,,,,,,,,,,,,,0.0,,,,,
케이크_스트로베리서프라이즈 케이크,케이크,빵 및 과자류,610g,275,22.0,3.0,,,,,,,,,,,,,0.0,,,,,
케이크_우리당근 케이크 (미니),케이크,빵 및 과자류,230g,364,,4.0,,,,,,,,,,,,,0.0,,,,,
케이크_우유퐁당생크림 케이크 1호,케이크,빵 및 과자류,640g,270,23.0,4.0,,,,,,,,,,,,,0.0,,,,,
케이크_진한초코퍼지 케이크,케이크,빵 및 과자류,600g,415,,5.0,,,,,,,,,,,,,0.0,,,,,
케이크_클래식 치즈 케이크 (조각),케이크,빵 및 과자류,90g,306,24.44,6.67,,,,,,,,,,,,,0.0,,,,,
케이크_꿀고구마 생크림 케이크,케이크,빵 및 과자류,750g,235,26.0,3.0,,,,,,,,,,,,,0.0,,,,,
케이크_딸기 블라썸 케이크,케이크,빵 및 과자류,380g,280,19.0,3.0,,,,,,,,,,,,,0.0,,,,,
케이크_마스카포네 티라미수,케이크,빵 및 과자류,530g,270,23.0,4.0,,,,,,,,,,,,,0.0,,,,,
케이크_바스크 치즈 케이크,케이크,빵 및 과자류,168g,330,21.43,5.36,,,,,,,,,,,,,0.0,,,,,
케이크_보랏빛 블루베리 쉬폰,케이크,빵 및 과자류,880g,265,29.0,3.0,,,,,,,,,,,,,0.0,,,,,
케이크_블레싱레드베리 (4단),케이크,빵 및 과자류,740g,200,18.0,3.0,,,,,,,,,,,,,0.0,,,,,
케이크_사르르 연유수플레,케이크,빵 및 과자류,40g,325,30.0,5.0,,,,,,,,,,,,,0.0,,,,,
케이크_상큼한 블루베리쉬폰,케이크,빵 및 과자류,810g,280,29.0,3.0,,,,,,,,,,,,,0.0,,,,,
케이크_생딸기 프레지에,케이크,빵 및 과자류,550g,280,21.0,4.0,,,,,,,,,,,,,0.0,,,,,
케이크_스트로베리 굿굿 생크림,케이크,빵 및 과자류,80g,281,25.0,3.75,,,,,,,,,,,,,0.0,,,,,
케이크_초코 블라썸 케이크,케이크,빵 및 과자류,350g,325,28.0,4.0,,,,,,,,,,,,,0.0,,,,,
케이크_초코바닐라 마블쉬폰,케이크,빵 및 과자류,560g,315,30.0,4.0,,,,,,,,,,,,,0.0,,,,,
케이크_초코반 딸기반,케이크,빵 및 과자류,710g,290,25.0,4.0,,,,,,,,,,,,,0.0,,,,,
케이크_초코생크림뉴욕롤,케이크,빵 및 과자류,86g,436,43.02,5.81,,,,,,,,,,,,,0.0,,,,,
케이크_클래식 고구마 케이크,케이크,빵 및 과자류,850g,315,38.0,4.0,,,,,,,,,,,,,0.0,,,,,
케이크_롤케이크,케이크,빵 및 과자류,100g,312,44.01,7.36,32.0,98.0,1.13,10.09,0.8,1.4,6112.23,563.01,63.41,16.18,,24.0,1.6799999999999997,37.78,0.61,0.57,0.0,
케이크_생크림케이크,케이크,빵 및 과자류,100g,237,27.62,3.45,42.0,106.0,0.58,9.19,0.45,1.1,2886.3,237.17,67.54,2.55,,27.0,0.5700000000000001,25.18,0.27,1.75,0.0,
케이크_초콜릿케이크,케이크,빵 및 과자류,100g,420,43.6,5.31,44.0,235.0,0.0,32.74,0.69,2.4,-,423.9,99.92,0.0,,39.0,0.427,0.0,0.0,0.0,,
케이크_치즈케이크,케이크,빵 및 과자류,100g,329,28.64,7.23,72.0,126.0,0.0,10.15,0.72,1.2,-,680.83,200.92,0.0,,119.0,0.23600000000000002,0.0,0.0,0.0,,
케이크_브라우니,케이크,빵 및 과자류,20g,520,,7.5,,,,,,,,,,,,,0.0,,,,,
코다리조림,코다리조림,조림류,100g,86,4.16,16.46,73.0,353.0,0.58,39.78,0.6,12.9,15920.32,1218.82,450.16,24.89,,8.0,4.94,27.39,1.77,6.72,0.0,
코다리조림,코다리조림,조림류,50ml,68,3.86,10.1,21.0,154.0,0.32,20.44,0.36,0.5,,,,,0.3,7.0,1.0899999999999999,4.99,,0.49,0.3,0.8
코다리조림_무,코다리조림,조림류,200ml,56,3.46,7.8,20.0,159.0,0.26,16.6,0.34,0.6,,,,,0.24,6.0,0.8700000000000001,8.77,,1.85,0.23,0.67
코다리조림_간장,코다리조림,조림류,74.8ml,77,6.68,10.5,21.0,155.0,0.35,21.22,0.39,0.2,,,,,0.28,1.0,1.126,6.7,,0.33,0.3,0.54
코다리조림,코다리조림,조림류,50ml,68,3.86,10.1,21.0,154.0,0.32,20.44,0.36,0.5,,,,,0.3,7.0,1.0899999999999999,4.99,,0.49,0.3,0.8
코다리조림_무,코다리조림,조림류,200ml,38,2.29,5.5,14.0,106.0,0.18,11.56,0.23,0.4,,,,,0.17,4.0,0.597,5.5,,0.96,0.16,0.46
코다리조림_무,코다리조림,조림류,110ml,73,6.05,9.34,26.0,228.0,0.37,,,1.1,,,,,,16.0,1.155,13.63,,2.97,0.27,
코다리조림,코다리조림,조림류,50ml,68,3.86,10.1,21.0,154.0,0.32,20.44,0.36,0.5,,,,,0.3,7.0,1.0899999999999999,4.99,,0.49,0.3,0.8
코다리조림_무,코다리조림,조림류,200ml,56,3.46,7.8,20.0,159.0,0.26,16.6,0.34,0.6,,,,,0.24,6.0,0.8700000000000001,8.77,,1.85,0.23,0.67
코다리조림_간장,코다리조림,조림류,74.8ml,77,6.68,10.5,21.0,155.0,0.35,21.22,0.39,0.2,,,,,0.28,1.0,1.126,6.7,,0.33,0.3,0.54
코다리찜,코다리찜,찜류,200g,94,6.08,14.49,73.0,304.0,0.38,36.88,0.53,1.9,12766.87,1025.38,357.8,41.62,,9.0,2.8049999999999997,16.45,1.46,0.0,0.0,
코다리찜,코다리찜,찜류,200ml,46,3.74,6.0,19.0,142.0,0.3,16.75,0.33,0.9,,,,,0.18,12.0,0.788,10.94,,0.89,0.15,0.68
코다리찜,코다리찜,찜류,200ml,46,3.74,6.0,19.0,142.0,0.3,16.75,0.33,0.9,,,,,0.18,12.0,0.788,10.94,,0.89,0.15,0.68
코다리찜,코다리찜,찜류,200ml,46,3.74,6.0,19.0,142.0,0.3,16.75,0.33,0.9,,,,,0.18,12.0,0.788,10.94,,0.89,0.15,0.68
코다리찜,코다리찜,찜류,200ml,46,3.74,6.0,19.0,142.0,0.3,16.75,0.33,0.9,,,,,0.18,12.0,0.788,10.94,,0.89,0.15,0.68
코코아_초코 아이스,코코아,음료 및 차류,591g,52,,1.32,,,,,,,,,,,,,0.0,,,,,
코코아_초코 핫,코코아,음료 및 차류,591g,63,,1.91,,,,,,,,,,,,,0.0,,,,,
코코아_시그니처 초콜릿 아이스(ICED),코코아,음료 및 차류,355g,92,,2.82,,,,,,,,,,,,,0.0,,,,,
코코아_시그니처 초콜릿 핫(HOT),코코아,음료 및 차류,355g,141,,4.23,,,,,,,,,,,,,0.0,,,,,
코코아_플러피 판다 초콜릿 아이스(ICED),코코아,음료 및 차류,473g,88,,2.33,,,,,,,,,,,,,0.0,,,,,
코코아_플러피 판다 핫 초콜릿 핫(HOT),코코아,음료 및 차류,473g,99,,2.54,,,,,,,,,,,,,0.0,,,,,
코코아_아이스초코 아이스,코코아,음료 및 차류,463g,83,10.8,1.94,,,,,,,,,,,,,0.0,,,,,
코코아_핫초코 핫,코코아,음료 및 차류,403g,112,13.9,2.98,,,,,,,,,,,,,0.0,,,,,
코코아_아이스 초코 아이스,코코아,음료 및 차류,410g,68,7.56,1.71,,,,,,,,,,,,,0.0,,,,,
코코아_핫 초코 핫,코코아,음료 및 차류,310g,114,11.61,3.23,,,,,,,,,,,,,0.0,,,,,
코코아_아이스 초콜릿,코코아,음료 및 차류,435g,83,,2.07,,,,,,,,,,,,,0.0,,,,,
코코아_아이스 초콜릿,코코아,음료 및 차류,380g,79,,1.84,,,,,,,,,,,,,0.0,,,,,
코코아_핫 초콜릿,코코아,음료 및 차류,325g,126,,3.08,,,,,,,,,,,,,0.0,,,,,
코코아_핫 초콜릿,코코아,음료 및 차류,275g,122,,3.33,,,,,,,,,,,,,0.0,,,,,
코코아_핫초코 아이스,코코아,음료 및 차류,354g,71,,1.69,,,,,,,,,,,,,0.0,,,,,
코코아_핫초코 핫,코코아,음료 및 차류,354g,89,,2.54,,,,,,,,,,,,,0.0,,,,,
코코아_화이트초코 아이스,코코아,음료 및 차류,354g,73,,1.69,,,,,,,,,,,,,0.0,,,,,
코코아_화이트초코 핫,코코아,음료 및 차류,354g,91,,2.54,,,,,,,,,,,,,0.0,,,,,
콘치즈구이,콘치즈구이,육류 및 채소구이류,100g,224,17.56,9.51,266.0,136.0,0.38,,,0.5,,,,,,,0.7749999999999999,,,0.4,0.0,
콘치즈구이,콘치즈구이,육류 및 채소구이류,70ml,132,13.35,3.2,47.0,113.0,0.25,10.96,0.59,0.9,,,,,0.37,20.0,0.6849999999999999,30.17,,2.96,0.0,0.76
콘치즈구이,콘치즈구이,육류 및 채소구이류,150.7ml,105,15.24,2.3,21.0,137.0,0.24,12.17,0.45,0.9,,,,,0.02,24.0,0.852,37.45,,3.18,0.0,0.25
콘치즈구이,콘치즈구이,육류 및 채소구이류,150.7ml,105,15.24,2.3,21.0,137.0,0.24,12.17,0.45,0.9,,,,,0.02,24.0,0.852,37.45,,3.18,0.0,0.25
콘치즈구이,콘치즈구이,육류 및 채소구이류,150.7ml,105,15.24,2.3,21.0,137.0,0.24,12.17,0.45,0.9,,,,,0.02,24.0,0.852,37.45,,3.18,0.0,0.25
콤부차_애플 히비스커스 콤부차,콤부차,음료 및 차류,470g,32,,0.0,,,,,,,,,,,,,0.0,,,,,
콤부차_애플 히비스커스 콤부차,콤부차,음료 및 차류,615g,36,,0.0,,,,,,,,,,,,,0.0,,,,,
콤부차_애플망고 콤부차,콤부차,음료 및 차류,480g,33,,0.0,,,,,,,,,,,,,0.0,,,,,
콤부차_애플망고 콤부차,콤부차,음료 및 차류,625g,34,,0.0,,,,,,,,,,,,,0.0,,,,,
콤부차_플레인 콤부차,콤부차,음료 및 차류,480g,25,,0.0,,,,,,,,,,,,,0.0,,,,,
콤부차_플레인 콤부차,콤부차,음료 및 차류,625g,30,,0.0,,,,,,,,,,,,,0.0,,,,,
콩국수,콩국수,면 및 만두류,800g,81,8.92,3.9,22.0,109.0,0.6,20.61,0.72,1.9,3270.11,254.87,12.63,4.09,,1.0,0.171,13.96,0.0,1.36,0.0,
콩국수,콩국수,면 및 만두류,100g,100,11.69,4.61,25.0,100.0,0.42,,,1.2,,,,,,,1.034,,,0.39,0.0,
콩국수,콩국수,면 및 만두류,1000ml,70,10.19,4.0,24.0,163.0,0.63,23.5,0.4,2.3,,,,,0.1,0.0,0.262,16.59,,0.48,0.0,0.24
콩국수,콩국수,면 및 만두류,255.6ml,129,20.48,6.0,31.0,172.0,0.65,28.29,0.58,2.5,,,,,0.16,0.0,0.247,11.26,,0.74,0.0,0.34
콩국수,콩국수,면 및 만두류,475ml,113,17.94,5.3,27.0,151.0,0.57,24.74,0.51,2.2,,,,,0.14,0.0,0.216,9.84,,0.65,0.0,0.3
콩나물 국밥,콩나물 국밥,밥류,830ml,60,10.69,2.66,22.0,54.0,0.43,,,0.8,,,,,,10.0,0.466,11.54,,0.33,0.11,
콩나물 국밥,콩나물 국밥,밥류,830ml,59,10.22,2.6,22.0,52.0,0.32,8.59,0.46,0.7,,,,,0.04,9.0,0.391,10.7,,0.33,0.07,0.25
콩나물 국밥,콩나물 국밥,밥류,830ml,60,10.69,2.6,22.0,54.0,0.43,8.59,0.46,0.8,,,,,0.04,10.0,0.47300000000000003,11.51,,0.33,0.11,0.21
콩나물 느타리무침,콩나물 느타리무침,채소무침류,100ml,46,4.31,3.1,24.0,209.0,0.65,21.45,0.61,2.0,,,,,0.06,7.0,2.144,45.02,,1.02,0.0,0.43
콩나물 느타리무침,콩나물 느타리무침,채소무침류,44.2ml,45,4.25,3.0,24.0,207.0,0.64,21.05,0.61,2.0,,,,,0.06,6.0,2.132,44.93,,1.03,0.0,0.4
콩나물 느타리무침,콩나물 느타리무침,채소무침류,44.2ml,45,4.25,3.0,24.0,207.0,0.64,21.05,0.61,2.0,,,,,0.06,6.0,2.132,44.93,,1.03,0.0,0.4
콩나물 느타리무침,콩나물 느타리무침,채소무침류,100ml,46,4.31,3.1,24.0,209.0,0.65,21.45,0.61,2.0,,,,,0.06,7.0,2.144,45.02,,1.02,0.0,0.43
콩나물 된장국,콩나물 된장국,된장국류,164.4ml,26,3.0,2.6,43.0,107.0,0.45,15.01,0.34,1.0,,,,,0.07,6.0,0.36,18.76,,0.69,0.02,0.1
콩나물 된장국,콩나물 된장국,된장국류,320ml,23,2.07,2.8,45.0,114.0,0.83,16.24,0.35,0.9,,,,,0.08,1.0,0.402,20.1,,0.76,0.02,0.07
콩나물 선짓국_낙지,콩나물 선짓국,국 및 탕류,767ml,21,1.79,3.1,21.0,71.0,2.0,12.94,0.44,0.9,,,,,0.05,16.0,0.254,20.11,,0.44,0.0,0.22
콩나물 선짓국_낙지,콩나물 선짓국,국 및 탕류,767ml,21,1.79,3.1,21.0,71.0,2.0,12.94,0.44,0.9,,,,,0.05,16.0,0.254,20.11,,0.44,0.0,0.22
콩나물 선짓국_낙지,콩나물 선짓국,국 및 탕류,767ml,21,1.79,3.1,21.0,71.0,2.0,12.94,0.44,0.9,,,,,0.05,16.0,0.254,20.11,,0.44,0.0,0.22
콩나물 황태국,콩나물 황태국,국 및 탕류,300ml,30,0.99,4.6,22.0,96.0,0.43,10.83,0.27,0.3,,,,,0.06,8.0,0.517,11.07,,0.9,0.16,0.27
콩나물 황태국,콩나물 황태국,국 및 탕류,300ml,30,0.99,4.6,22.0,96.0,0.43,10.83,0.27,0.3,,,,,0.06,8.0,0.517,11.07,,0.9,0.16,0.27
콩나물 황태국,콩나물 황태국,국 및 탕류,300ml,30,0.99,4.6,22.0,96.0,0.43,10.83,0.27,0.3,,,,,0.06,8.0,0.517,11.07,,0.9,0.16,0.27
콩나물 황태국,콩나물 황태국,국 및 탕류,300ml,30,0.99,4.6,22.0,96.0,0.43,10.83,0.27,0.3,,,,,0.06,8.0,0.517,11.07,,0.9,0.16,0.27
콩나물국,콩나물국,국 및 탕류,400g,6,0.61,0.74,9.0,37.0,0.08,8.43,0.08,0.4,618.24,37.04,6.58,6.06,,1.0,0.068,4.53,0.0,0.22,0.0,
콩나물국,콩나물국,국 및 탕류,250ml,5,0.47,0.7,17.0,34.0,0.14,4.7,0.1,0.2,,,,,0.02,0.0,0.08499999999999999,5.83,,0.29,0.01,0.01
콩나물국_고춧가루,콩나물국,국 및 탕류,300ml,8,0.92,0.8,9.0,45.0,0.13,7.03,0.14,0.4,,,,,0.02,2.0,0.17200000000000001,9.41,,0.35,0.0,0.07
콩나물국_김치,콩나물국,국 및 탕류,300ml,9,1.1,0.9,11.0,57.0,0.16,7.57,0.14,0.5,,,,,0.02,3.0,0.251,10.64,,0.55,0.0,0.09
콩나물국_청양고추,콩나물국,국 및 탕류,300ml,8,0.97,0.9,9.0,47.0,0.14,6.61,0.14,0.4,,,,,0.02,2.0,0.202,9.63,,0.76,0.0,0.06
콩나물국,콩나물국,국 및 탕류,150ml,7,0.97,0.8,10.0,74.0,0.16,7.37,0.12,0.4,,,,,0.02,1.0,0.514,8.49,,0.4,0.0,0.03
콩나물국_바지락,콩나물국,국 및 탕류,170ml,6,0.65,0.7,7.0,32.0,0.12,5.08,0.1,0.3,,,,,0.02,1.0,0.11699999999999999,6.72,,0.5,0.0,0.04
콩나물국_콩나물,콩나물국,국 및 탕류,150ml,7,1.01,0.83,9.0,74.0,0.16,,,0.4,,,,,,1.0,0.518,8.49,,0.41,0.0,
콩나물국_콩나물_소고기,콩나물국,국 및 탕류,180ml,29,1.53,2.31,10.0,115.0,0.35,,,0.6,,,,,,4.0,0.738,9.75,,1.27,0.0,
콩나물국_청양고추,콩나물국,국 및 탕류,300ml,8,0.96,0.9,9.0,46.0,0.14,6.63,0.14,0.4,,,,,0.02,1.0,0.21200000000000002,9.65,,0.75,0.0,0.06
콩나물국_고춧가루,콩나물국,국 및 탕류,180ml,7,0.94,0.9,9.0,66.0,0.16,7.59,0.12,0.4,,,,,0.02,2.0,0.414,8.76,,0.35,0.0,0.08
콩나물국_무,콩나물국,국 및 탕류,200ml,6,0.75,0.7,7.0,39.0,0.11,5.05,0.11,0.3,,,,,0.02,1.0,0.138,7.59,,0.5,0.0,0.05
콩나물국_콩나물_소고기,콩나물국,국 및 탕류,220ml,31,1.75,2.51,10.0,126.0,0.36,,,0.7,,,,,,6.0,0.738,10.76,,1.33,0.0,
콩나물국_콩나물만,콩나물국,국 및 탕류,180ml,7,1.01,0.85,9.0,65.0,0.16,,,0.4,,,,,,2.0,0.422,8.77,,0.37,0.0,
콩나물국_청양고추,콩나물국,국 및 탕류,300ml,8,0.97,0.9,9.0,47.0,0.14,6.61,0.14,0.4,,,,,0.02,2.0,0.202,9.63,,0.76,0.0,0.06
콩나물국_고춧가루,콩나물국,국 및 탕류,320ml,7,0.93,0.8,8.0,54.0,0.14,6.62,0.12,0.4,,,,,0.02,2.0,0.305,8.55,,0.34,0.0,0.07
콩나물국_콩나물만,콩나물국,국 및 탕류,320ml,7,0.95,0.79,8.0,53.0,0.14,,,0.4,,,,,,2.0,0.31,8.55,,0.35,0.0,
콩나물국_고추,콩나물국,국 및 탕류,270ml,9,1.12,1.1,13.0,72.0,0.22,8.7,0.16,0.4,,,,,0.03,1.0,0.504,12.0,,0.64,0.0,0.05
콩나물국_청양고추,콩나물국,국 및 탕류,300ml,8,0.97,0.9,9.0,47.0,0.14,6.61,0.14,0.4,,,,,0.02,2.0,0.202,9.63,,0.76,0.0,0.06
콩나물냉채,콩나물냉채,채소무침류,50ml,27,4.05,2.1,26.0,108.0,0.33,16.62,0.37,1.1,,,,,0.06,11.0,0.42400000000000004,19.79,,1.71,0.0,0.25
콩나물냉채_오이,콩나물냉채,채소무침류,150ml,42,6.95,2.8,46.0,144.0,0.49,23.2,0.41,1.5,,,,,0.07,22.0,0.517,25.0,,2.25,0.0,0.08
콩나물냉채,콩나물냉채,채소무침류,50ml,27,4.05,2.1,26.0,108.0,0.33,16.62,0.37,1.1,,,,,0.06,11.0,0.42400000000000004,19.79,,1.71,0.0,0.25
콩나물냉채_오이,콩나물냉채,채소무침류,49.1ml,58,9.5,4.0,55.0,196.0,0.72,31.52,0.56,2.1,,,,,0.12,29.0,0.7829999999999999,33.17,,3.1,0.0,0.17
콩나물냉채_오이,콩나물냉채,채소무침류,49.1ml,59,9.85,3.8,63.0,194.0,0.67,31.52,0.56,2.0,,,,,0.09,30.0,0.6990000000000001,33.5,,3.02,0.0,0.1
콩나물냉채_오이,콩나물냉채,채소무침류,150ml,42,6.95,2.8,46.0,144.0,0.49,23.2,0.41,1.5,,,,,0.07,22.0,0.517,25.0,,2.25,0.0,0.08
콩나물무침,콩나물무침,나물·숙채류,50g,69,3.2,3.86,52.0,129.0,0.58,28.94,0.34,1.7,3126.26,227.38,30.52,1.54,,3.0,0.54,24.42,0.0,0.64,0.0,
콩나물무침_고춧가루,콩나물무침,나물·숙채류,90g,93,5.93,3.93,37.0,253.0,0.81,26.67,0.56,5.5,3413.73,249.73,22.39,1.42,,13.0,0.245,38.23,0.0,0.0,0.0,
콩나물무침_고추,콩나물무침,나물·숙채류,50ml,29,2.64,2.6,30.0,130.0,0.43,19.95,0.44,1.3,,,,,0.07,12.0,0.563,27.75,,2.97,0.0,0.33
콩나물무침_당근,콩나물무침,나물·숙채류,50ml,27,2.9,2.3,26.0,135.0,0.41,18.32,0.37,1.3,,,,,0.06,16.0,0.5589999999999999,24.94,,1.13,0.0,0.37
콩나물무침_당근_시금치,콩나물무침,나물·숙채류,50ml,23,2.15,2.1,25.0,112.0,0.36,16.39,0.36,1.0,,,,,0.06,22.0,0.42700000000000005,23.09,,1.86,0.0,0.24
콩나물무침_부추,콩나물무침,나물·숙채류,50ml,23,2.26,2.1,25.0,103.0,0.42,16.36,0.36,1.1,,,,,0.06,8.0,0.45699999999999996,22.39,,1.17,0.0,0.29
콩나물무침_시금치,콩나물무침,나물·숙채류,50ml,21,1.82,2.0,24.0,100.0,0.33,15.42,0.36,0.9,,,,,0.06,24.0,0.355,22.01,,1.98,0.0,0.14
콩나물무침_고춧가루,콩나물무침,나물·숙채류,80ml,23,2.05,2.0,23.0,105.0,0.34,15.0,0.31,0.9,,,,,0.07,4.0,0.428,21.52,,0.92,0.0,0.21
콩나물무침_콩나물_고춧가루,콩나물무침,나물·숙채류,80ml,23,2.07,1.98,23.0,105.0,0.34,,,0.9,,,,,,4.0,0.429,21.52,,0.92,0.0,
콩나물무침_고추,콩나물무침,나물·숙채류,50ml,29,2.65,2.6,30.0,130.0,0.43,19.97,0.44,1.3,,,,,0.07,11.0,0.5680000000000001,27.79,,2.95,0.0,0.33
콩나물무침_당근,콩나물무침,나물·숙채류,50ml,27,2.9,2.3,26.0,135.0,0.41,18.32,0.37,1.3,,,,,0.06,16.0,0.5589999999999999,24.94,,1.13,0.0,0.37
콩나물무침_당근_시금치,콩나물무침,나물·숙채류,50ml,23,2.15,2.1,25.0,112.0,0.36,16.39,0.36,1.0,,,,,0.06,22.0,0.42700000000000005,23.09,,1.86,0.0,0.24
콩나물무침_부추,콩나물무침,나물·숙채류,50ml,23,2.26,2.1,25.0,103.0,0.42,16.36,0.36,1.1,,,,,0.06,8.0,0.45699999999999996,22.39,,1.17,0.0,0.29
콩나물무침_소금,콩나물무침,나물·숙채류,40ml,23,2.22,1.9,22.0,107.0,0.32,14.76,0.31,0.9,,,,,0.12,10.0,0.43800000000000006,21.39,,0.83,0.0,0.21
콩나물무침_시금치,콩나물무침,나물·숙채류,50ml,21,1.82,2.0,24.0,100.0,0.33,15.42,0.36,0.9,,,,,0.06,24.0,0.355,22.01,,1.98,0.0,0.14
콩나물무침,콩나물무침,나물·숙채류,100ml,19,1.45,1.6,19.0,76.0,0.26,12.14,0.25,0.6,,,,,0.04,1.0,0.311,17.55,,0.69,0.0,0.06
콩나물무침_고춧가루,콩나물무침,나물·숙채류,130ml,19,1.92,1.6,18.0,96.0,0.29,12.76,0.26,0.9,,,,,0.06,6.0,0.39,17.65,,0.66,0.0,0.29
콩나물무침_콩나물_고춧가루,콩나물무침,나물·숙채류,130ml,19,1.95,1.64,18.0,96.0,0.29,,,0.9,,,,,,6.0,0.394,17.65,,0.67,0.0,
콩나물무침_콩나물_고춧가루제외,콩나물무침,나물·숙채류,100ml,19,1.46,1.61,19.0,76.0,0.26,,,0.6,,,,,,1.0,0.313,17.55,,0.7,0.0,
콩나물무침_당근,콩나물무침,나물·숙채류,50ml,27,2.9,2.3,26.0,135.0,0.41,18.32,0.37,1.3,,,,,0.06,16.0,0.5589999999999999,24.94,,1.13,0.0,0.37
콩나물무침_당근_시금치,콩나물무침,나물·숙채류,50ml,23,2.16,2.1,25.0,110.0,0.36,16.4,0.36,1.0,,,,,0.06,20.0,0.43200000000000005,23.12,,1.83,0.0,0.23
콩나물무침_부추,콩나물무침,나물·숙채류,50ml,23,2.26,2.1,25.0,103.0,0.42,16.36,0.36,1.1,,,,,0.06,8.0,0.45699999999999996,22.39,,1.17,0.0,0.29
콩나물무침_소금,콩나물무침,나물·숙채류,55ml,20,1.9,1.8,21.0,97.0,0.29,13.54,0.29,0.8,,,,,0.05,5.0,0.398,20.06,,0.7,0.0,0.18
콩나물무침_시금치,콩나물무침,나물·숙채류,50ml,21,1.82,2.0,24.0,100.0,0.33,15.42,0.36,0.9,,,,,0.06,24.0,0.355,22.01,,1.98,0.0,0.14
콩나물무침_고추,콩나물무침,나물·숙채류,50ml,29,2.64,2.6,30.0,130.0,0.43,19.95,0.44,1.3,,,,,0.07,12.0,0.563,27.75,,2.97,0.0,0.33
콩나물무침_당근,콩나물무침,나물·숙채류,50ml,27,2.9,2.3,26.0,135.0,0.41,18.32,0.37,1.3,,,,,0.06,16.0,0.5589999999999999,24.94,,1.13,0.0,0.37
콩나물무침_당근_시금치,콩나물무침,나물·숙채류,50ml,23,2.15,2.1,25.0,112.0,0.36,16.39,0.36,1.0,,,,,0.06,22.0,0.42700000000000005,23.09,,1.86,0.0,0.24
콩나물무침_부추,콩나물무침,나물·숙채류,50ml,23,2.26,2.1,25.0,103.0,0.41,16.38,0.36,1.1,,,,,0.06,8.0,0.46299999999999997,22.41,,1.16,0.0,0.29
콩나물무침_소금,콩나물무침,나물·숙채류,100ml,42,4.29,4.1,46.0,214.0,0.65,30.05,0.65,1.8,,,,,0.1,7.0,0.879,45.18,,1.62,0.0,0.35
콩나물무침_시금치,콩나물무침,나물·숙채류,50ml,21,1.82,2.0,24.0,100.0,0.33,15.42,0.36,0.9,,,,,0.06,24.0,0.355,22.01,,1.98,0.0,0.14
콩나물밥,콩나물밥,밥류,320g,123,22.39,4.68,16.0,241.0,0.52,20.91,1.01,1.9,3442.66,290.65,46.62,12.97,,4.0,1.125,6.18,0.0,0.0,0.0,
콩나물밥_돼지고기,콩나물밥,밥류,572ml,91,17.21,3.3,11.0,80.0,0.24,13.83,0.58,0.7,,,,,0.02,2.0,0.613,11.8,,0.33,0.01,0.16
콩나물밥_소고기,콩나물밥,밥류,350ml,96,18.93,2.8,9.0,77.0,0.24,12.95,0.65,0.8,,,,,0.03,7.0,0.627,11.72,,0.39,0.0,0.15
콩나물밥_양념장,콩나물밥,밥류,240ml,110,20.65,3.39,12.0,116.0,0.64,,,0.8,,,,,,11.0,0.807,13.56,,0.48,0.0,
콩나물밥_소고기,콩나물밥,밥류,273.17ml,160,30.68,5.1,18.0,132.0,0.48,24.11,1.13,1.3,,,,,0.04,9.0,1.002,20.59,,0.52,0.0,0.3
콩나물밥_양념장,콩나물밥,밥류,350ml,112,21.33,3.55,13.0,123.0,0.63,,,0.8,,,,,,10.0,0.839,14.8,,0.66,0.0,
콩나물밥_소고기,콩나물밥,밥류,440ml,131,25.47,3.9,13.0,96.0,0.35,18.1,0.89,1.0,,,,,0.03,7.0,0.736,15.15,,0.36,0.0,0.23
콩나물밥_양념장,콩나물밥,밥류,450ml,110,21.8,3.17,13.0,119.0,0.58,,,0.8,,,,,,8.0,0.777,15.08,,0.56,0.0,
콩나물잡채,콩나물잡채,볶음류,145.6ml,103,3.76,4.8,30.0,170.0,0.78,22.02,1.06,1.0,,,,,0.07,38.0,0.896,26.1,,1.12,0.0,0.28
콩나물잡채,콩나물잡채,볶음류,79ml,43,4.04,2.2,26.0,130.0,0.38,17.04,0.34,1.0,,,,,0.05,29.0,0.512,23.39,,1.45,0.0,0.17
콩나물잡채,콩나물잡채,볶음류,79ml,43,4.01,2.2,25.0,130.0,0.39,17.01,0.34,1.0,,,,,0.05,29.0,0.503,23.33,,1.47,0.0,0.17
콩나물잡채,콩나물잡채,볶음류,145.6ml,103,3.76,4.8,30.0,170.0,0.78,22.02,1.06,1.0,,,,,0.07,38.0,0.896,26.1,,1.12,0.0,0.28
콩나물찌개,콩나물찌개,찌개 및 전골류,250ml,12,1.09,1.6,29.0,67.0,0.28,9.89,0.24,0.4,,,,,0.04,1.0,0.22,13.95,,0.52,0.01,0.01
콩나물찜_해물,콩나물찜,찜류,200g,56,4.97,6.67,38.0,186.0,0.65,34.32,0.49,2.5,5514.87,416.05,98.39,10.53,,26.0,3.9,18.9,1.23,9.0,0.0,
콩밥_검정콩,콩밥,밥류,200g,165,34.3,4.53,13.0,86.0,0.38,14.14,2.27,1.1,3918.65,342.39,21.76,1.05,,1.0,1.295,8.73,0.0,0.0,0.0,
콩밥_완두콩,콩밥,밥류,200g,138,31.25,2.95,44.0,70.0,0.34,5.14,1.06,1.9,2399.04,231.74,3.12,4.39,,1.0,0.31,4.88,0.0,0.03,0.0,
콩밥_강낭콩,콩밥,밥류,100g,173,38.04,4.38,16.0,116.0,0.58,,,1.3,,,,,,,0.25,,,0.48,0.0,
콩비지찌개,콩비지찌개,찌개 및 전골류,400g,69,3.57,6.74,23.0,277.0,0.59,24.46,0.55,2.0,6261.6,513.1,93.08,7.31,,11.0,2.2630000000000003,36.26,0.0,2.14,0.0,
콩비지찌개,콩비지찌개,찌개 및 전골류,481ml,42,3.11,4.0,21.0,185.0,0.5,19.71,0.43,2.1,,,,,0.09,6.0,0.554,17.11,,0.87,0.02,0.38
콩비지찌개,콩비지찌개,찌개 및 전골류,150ml,39,4.46,3.02,32.0,150.0,0.88,,,2.9,,,,,,6.0,1.2449999999999999,13.98,,1.41,0.04,
콩비지찌개,콩비지찌개,찌개 및 전골류,240ml,41,5.17,2.7,33.0,132.0,0.95,,,3.3,,,,,,7.0,1.093,14.65,,1.09,0.03,
콩조림,콩조림,조림류,95ml,198,22.36,13.5,70.0,667.0,2.57,83.98,1.56,7.3,,,,,0.49,2.0,1.2570000000000001,158.59,,1.96,0.0,1.16
콩조림,콩조림,조림류,95ml,198,22.36,13.5,70.0,667.0,2.57,83.98,1.56,7.3,,,,,0.49,2.0,1.2570000000000001,158.59,,1.96,0.0,1.16
콩조림,콩조림,조림류,95ml,198,22.36,13.5,70.0,667.0,2.57,83.98,1.56,7.3,,,,,0.49,2.0,1.2570000000000001,158.59,,1.96,0.0,1.16
콩조림,콩조림,조림류,95ml,198,22.36,13.5,70.0,667.0,2.57,83.98,1.56,7.3,,,,,0.49,2.0,1.2570000000000001,158.59,,1.96,0.0,1.16
콩조림(콩자반),콩조림(콩자반),조림류,30g,281,34.83,17.97,91.0,602.0,3.33,88.83,2.17,15.6,16758.73,1352.07,198.93,6.77,,1.0,0.1,98.63,0.0,3.67,0.0,
콩조림(콩자반),콩조림(콩자반),조림류,100g,271,39.1,19.3,95.0,761.0,28.2,,,16.8,,,,,,3.0,3.4799999999999995,,,0.0,,
크로와상_소시지 크루아상,크로와상,빵 및 과자류,100g,230,,11.0,,,,,,,,,,,,,0.0,,,,,
크로와상_미니크로와상,크로와상,빵 및 과자류,16g,369,,6.25,,,,,,,,,,,,,0.0,,,,,
크로와상_생크림미니크로와상,크로와상,빵 및 과자류,26g,312,,3.85,,,,,,,,,,,,,0.0,,,,,
크로와상_정통크로와상,크로와상,빵 및 과자류,49g,433,,6.12,,,,,,,,,,,,,0.0,,,,,
크로와상_오리지널생크림크라상,크로와상,빵 및 과자류,78g,429,,6.41,,,,,,,,,,,,,0.0,,,,,
크로와상_오리지널크라상,크로와상,빵 및 과자류,58g,440,,6.9,,,,,,,,,,,,,0.0,,,,,
크로와상_고구마크로,크로와상,빵 및 과자류,82g,341,56.1,7.32,,,,,,,,,,,,,0.0,,,,,
크로와상_블루베리크로,크로와상,빵 및 과자류,95g,356,50.53,5.26,,,,,,,,,,,,,0.0,,,,,
크로와상_사과크로,크로와상,빵 및 과자류,95g,377,55.79,5.26,,,,,,,,,,,,,0.0,,,,,
크로와상_산딸기크로,크로와상,빵 및 과자류,95g,353,56.84,5.26,,,,,,,,,,,,,0.0,,,,,
크로와상_슈크림크로,크로와상,빵 및 과자류,95g,318,41.05,5.26,,,,,,,,,,,,,0.0,,,,,
크로와상_슬라이스햄치즈크로,크로와상,빵 및 과자류,82g,391,41.46,9.76,,,,,,,,,,,,,0.0,,,,,
크로와상_초코트위스트크로,크로와상,빵 및 과자류,75g,425,53.33,8.0,,,,,,,,,,,,,0.0,,,,,
크로와상_크랜베리크로,크로와상,빵 및 과자류,64g,417,59.38,6.25,,,,,,,,,,,,,0.0,,,,,
크로와상_통팥크로,크로와상,빵 및 과자류,82g,360,52.44,7.32,,,,,,,,,,,,,0.0,,,,,
크로와상_다크 초콜릿 크루아상,크로와상,빵 및 과자류,160g,371,,6.25,,,,,,,,,,,,,0.0,,,,,
크로와상_버터 크루아상,크로와상,빵 및 과자류,65g,483,,10.5,,,,,,,,,,,,,0.0,,,,,
크로와상_아몬드 크루아상,크로와상,빵 및 과자류,130g,482,,10.8,,,,,,,,,,,,,0.0,,,,,
크로와상_커스타드 크루아상,크로와상,빵 및 과자류,165g,310,,6.67,,,,,,,,,,,,,0.0,,,,,
크로와상_에그소시지 크로와상,크로와상,빵 및 과자류,180g,267,27.07,8.03,,,,,,,,,,,,,0.0,,,,,
크로와상_에그포테이토 크로와상,크로와상,빵 및 과자류,170g,228,25.59,6.14,,,,,,,,,,,,,0.0,,,,,
크로와상_크루아상,크로와상,빵 및 과자류,60g,433,,6.67,,,,,,,,,,,,,0.0,,,,,
크로와상_토피넛 꽈루아상,크로와상,빵 및 과자류,117g,332,,5.98,,,,,,,,,,,,,0.0,,,,,
크로와상_플레인 꽈루아상,크로와상,빵 및 과자류,61g,397,,8.2,,,,,,,,,,,,,0.0,,,,,
크로와상_갈릭대파 크로와상,크로와상,빵 및 과자류,33g,415,,9.09,,,,,,,,,,,,,0.0,,,,,
크로와상_갈릭크림치즈 크로와상,크로와상,빵 및 과자류,30g,443,,6.67,,,,,,,,,,,,,0.0,,,,,
크로와상_누텔라 크로와상,크로와상,빵 및 과자류,25g,508,,8.0,,,,,,,,,,,,,0.0,,,,,
크로와상_딸기우유 크로와상,크로와상,빵 및 과자류,32g,441,,6.25,,,,,,,,,,,,,0.0,,,,,
크로와상_레몬글레이즈 크로와상,크로와상,빵 및 과자류,22g,450,,9.09,,,,,,,,,,,,,0.0,,,,,
크로와상_리얼버터 오리지널 크로와상,크로와상,빵 및 과자류,20g,490,,10.0,,,,,,,,,,,,,0.0,,,,,
크로와상_마약옥수수 크로와상,크로와상,빵 및 과자류,41g,324,,7.32,,,,,,,,,,,,,0.0,,,,,
크로와상_말차 크로와상,크로와상,빵 및 과자류,35g,380,,8.57,,,,,,,,,,,,,0.0,,,,,
크로와상_메이플 크로와상,크로와상,빵 및 과자류,22g,477,,9.09,,,,,,,,,,,,,0.0,,,,,
크로와상_민트초코 크로와상,크로와상,빵 및 과자류,34g,426,,5.88,,,,,,,,,,,,,0.0,,,,,
크로와상_비스킷크림 크로와상,크로와상,빵 및 과자류,41g,407,,7.32,,,,,,,,,,,,,0.0,,,,,
크로와상_생크림 크로와상,크로와상,빵 및 과자류,30g,557,,6.67,,,,,,,,,,,,,0.0,,,,,
크로와상_슈크림 크로와상,크로와상,빵 및 과자류,35g,380,,8.57,,,,,,,,,,,,,0.0,,,,,
크로와상_스위트포테이토 크로플,크로와상,빵 및 과자류,36g,436,,5.56,,,,,,,,,,,,,0.0,,,,,
크로와상_아몬드 크로와상,크로와상,빵 및 과자류,28g,589,,7.14,,,,,,,,,,,,,0.0,,,,,
크로와상_앙버터 크로와상,크로와상,빵 및 과자류,40g,445,,5.0,,,,,,,,,,,,,0.0,,,,,
크로와상_앙버터 크로플,크로와상,빵 및 과자류,42g,474,,4.76,,,,,,,,,,,,,0.0,,,,,
크로와상_에그베이컨 크로와상,크로와상,빵 및 과자류,58g,334,,10.34,,,,,,,,,,,,,0.0,,,,,
크로와상_오레오 크로와상,크로와상,빵 및 과자류,32g,431,,6.25,,,,,,,,,,,,,0.0,,,,,
크로와상_인절미 크로와상,크로와상,빵 및 과자류,35g,429,,5.71,,,,,,,,,,,,,0.0,,,,,
크로와상_초코생크림 크로와상,크로와상,빵 및 과자류,36g,475,,5.56,,,,,,,,,,,,,0.0,,,,,
크로와상_초코츄러스 크로와상,크로와상,빵 및 과자류,25g,504,,8.0,,,,,,,,,,,,,0.0,,,,,
크로와상_초코크런치 크로와상,크로와상,빵 및 과자류,30g,510,,10.0,,,,,,,,,,,,,0.0,,,,,
크로와상_크림치즈 크로와상,크로와상,빵 및 과자류,35g,434,,5.71,,,,,,,,,,,,,0.0,,,,,
크로와상_티라미수 크로와상,크로와상,빵 및 과자류,30g,453,,6.67,,,,,,,,,,,,,0.0,,,,,
크로와상_팥생크림 크로와상,크로와상,빵 및 과자류,35g,446,,5.71,,,,,,,,,,,,,0.0,,,,,
크로와상_페페로니 크로플,크로와상,빵 및 과자류,27g,426,,11.11,,,,,,,,,,,,,0.0,,,,,
크로와상_해시브라운 크로플,크로와상,빵 및 과자류,25g,808,,40.0,,,,,,,,,,,,,0.0,,,,,
크로와상_허니 고르곤졸라 크로와상,크로와상,빵 및 과자류,24g,600,,16.67,,,,,,,,,,,,,0.0,,,,,
크로와상_헤이즐넛초코 크로와상,크로와상,빵 및 과자류,28g,500,,7.14,,,,,,,,,,,,,0.0,,,,,
크로와상_후랑크 소세지 크로와상,크로와상,빵 및 과자류,50g,306,,8.0,,,,,,,,,,,,,0.0,,,,,
크로와상_흑당 크로플,크로와상,빵 및 과자류,25g,476,,8.0,,,,,,,,,,,,,0.0,,,,,
크로와상,크로와상,빵 및 과자류,150g,446,43.31,7.52,37.0,111.0,0.8,18.03,0.54,2.3,6975.94,570.33,25.29,20.59,,17.0,0.41000000000000003,20.88,0.17,0.0,0.0,
크로켓(고로케)_매콤치킨 고로케,크로켓(고로케),빵 및 과자류,99g,324,,11.11,,,,,,,,,,,,,0.0,,,,,
크로켓(고로케)_잡채 고로케,크로켓(고로케),빵 및 과자류,108g,312,,7.41,,,,,,,,,,,,,0.0,,,,,
크로켓(고로케)_NEW김치 고로케,크로켓(고로케),빵 및 과자류,132g,288,,6.82,,,,,,,,,,,,,0.0,,,,,
크로켓(고로케)_까르보나라까망 고로케,크로켓(고로케),빵 및 과자류,105g,338,,6.67,,,,,,,,,,,,,0.0,,,,,
크로켓(고로케)_돼지갈비 고로케,크로켓(고로케),빵 및 과자류,105g,276,,9.52,,,,,,,,,,,,,0.0,,,,,
크로켓(고로케)_매콤치킨커리 고로케,크로켓(고로케),빵 및 과자류,108g,259,,8.33,,,,,,,,,,,,,0.0,,,,,
크로켓(고로케)_추억의사라다 고로케,크로켓(고로케),빵 및 과자류,127g,283,,4.72,,,,,,,,,,,,,0.0,,,,,
크로켓(고로케)_NEW정통 고로케,크로켓(고로케),빵 및 과자류,120g,300,,8.33,,,,,,,,,,,,,0.0,,,,,
크로켓(고로케)_남해마늘로만든마늘치킨 고로케,크로켓(고로케),빵 및 과자류,110g,286,,10.0,,,,,,,,,,,,,0.0,,,,,
크로켓(고로케)_매콤에그마요 고로케,크로켓(고로케),빵 및 과자류,100g,290,,9.0,,,,,,,,,,,,,0.0,,,,,
크로켓(고로케)_오븐에구운 고로케,크로켓(고로케),빵 및 과자류,200g,263,26.6,5.7,,,,,,,,,,,,,0.0,,,,,
크로켓(고로케)_하와이안 비프,크로켓(고로케),빵 및 과자류,180g,233,29.3,8.8,,,,,,,,,,,,,0.0,,,,,
크로켓(고로케)_감자 고로케,크로켓(고로케),빵 및 과자류,80g,304,,5.0,,,,,,,,,,,,,0.0,,,,,
크로켓(고로케)_게살크림 고로케,크로켓(고로케),빵 및 과자류,90g,333,,7.78,,,,,,,,,,,,,0.0,,,,,
크로켓(고로케)_고구마 고로케,크로켓(고로케),빵 및 과자류,75g,345,,6.67,,,,,,,,,,,,,0.0,,,,,
크로켓(고로케)_단호박 고로케,크로켓(고로케),빵 및 과자류,75g,344,,6.67,,,,,,,,,,,,,0.0,,,,,
크로켓(고로케)_슈크림 고로케,크로켓(고로케),빵 및 과자류,75g,335,,6.67,,,,,,,,,,,,,0.0,,,,,
크로켓(고로케)_야채 고로케,크로켓(고로케),빵 및 과자류,90g,294,,7.78,,,,,,,,,,,,,0.0,,,,,
크로켓(고로케)_어니언크림치즈 고로케,크로켓(고로케),빵 및 과자류,78g,338,,7.69,,,,,,,,,,,,,0.0,,,,,
크로켓(고로케)_옥수수치즈 고로케,크로켓(고로케),빵 및 과자류,90g,320,,5.56,,,,,,,,,,,,,0.0,,,,,
크로켓(고로케)_이탈리안 고로케,크로켓(고로케),빵 및 과자류,150g,270,,8.0,,,,,,,,,,,,,0.0,,,,,
크로켓(고로케)_중화잡채 고로케,크로켓(고로케),빵 및 과자류,78g,369,,7.69,,,,,,,,,,,,,0.0,,,,,
크로켓(고로케)_크림치즈 고로케,크로켓(고로케),빵 및 과자류,80g,380,,7.5,,,,,,,,,,,,,0.0,,,,,
크로켓(고로케)_피자 고로케,크로켓(고로케),빵 및 과자류,90g,293,,7.78,,,,,,,,,,,,,0.0,,,,,
크로켓(고로케)_고기가득부추 고로케,크로켓(고로케),빵 및 과자류,100g,314,,9.0,,,,,,,,,,,,,0.0,,,,,
크로켓(고로케)_고기야채 고로케,크로켓(고로케),빵 및 과자류,90g,294,,7.78,,,,,,,,,,,,,0.0,,,,,
크로켓(고로케)_마늘치킨 고로케,크로켓(고로케),빵 및 과자류,100g,286,,10.0,,,,,,,,,,,,,0.0,,,,,
크로켓(고로케)_매콤마요 감동란 코로케,크로켓(고로케),빵 및 과자류,130g,296,,9.0,,,,,,,,,,,,,0.0,,,,,
크로켓(고로케)_볶음김치 고로케,크로켓(고로케),빵 및 과자류,90g,290,,6.67,,,,,,,,,,,,,0.0,,,,,
크로켓(고로케)_불고기피자 고로케,크로켓(고로케),빵 및 과자류,100g,277,,4.5,,,,,,,,,,,,,0.0,,,,,
크로켓(고로케)_치즈퐁당감자 고로케,크로켓(고로케),빵 및 과자류,105g,339,,10.48,,,,,,,,,,,,,0.0,,,,,
크로켓(고로케)_꽃맛살 고로케,크로켓(고로케),빵 및 과자류,105g,295,29.52,6.67,,,,,,,,,,,,,0.0,,,,,
크로켓(고로케)_납작김치고로전,크로켓(고로케),빵 및 과자류,125g,304,,6.4,,,,,,,,,,,,,0.0,,,,,
크로켓(고로케)_매콤아삭 고로케,크로켓(고로케),빵 및 과자류,110g,273,32.73,6.36,,,,,,,,,,,,,0.0,,,,,
크로켓(고로케)_명품잡채 고로케,크로켓(고로케),빵 및 과자류,120g,275,30.0,5.83,,,,,,,,,,,,,0.0,,,,,
크로켓(고로케)_명품카레 고로케,크로켓(고로케),빵 및 과자류,114g,316,,7.02,,,,,,,,,,,,,0.0,,,,,
크로켓(고로케)_바삭쫄깃한 로제품은달걀,크로켓(고로케),빵 및 과자류,100g,210,,8.0,,,,,,,,,,,,,0.0,,,,,
크로켓(고로케)_야채감자 고로케,크로켓(고로케),빵 및 과자류,115g,304,32.17,6.09,,,,,,,,,,,,,0.0,,,,,
크로켓(고로케)_칠리꽃맛살 고로케,크로켓(고로케),빵 및 과자류,100g,345,,7.0,,,,,,,,,,,,,0.0,,,,,
크로켓(고로케)_매콤마라모찌 (6개입),크로켓(고로케),빵 및 과자류,72g,313,44.44,1.39,,,,,,,,,,,,,0.0,,,,,
크로켓(고로케)_화끈한 마라고로케,크로켓(고로케),빵 및 과자류,100g,310,33.0,7.0,,,,,,,,,,,,,0.0,,,,,
크로켓(고로케)_채소,크로켓(고로케),빵 및 과자류,100g,301,31.19,7.13,32.0,144.0,0.01,0.0,0.0,1.1,-,0.0,0.0,0.0,,28.0,3.782,0.0,0.0,5.43,,
크로플_누텔라 크로플,크로플,빵 및 과자류,67g,445,,8.96,,,,,,,,,,,,,0.0,,,,,
크로플_누텔라 아이스크림 크로플,크로플,빵 및 과자류,150g,260,,4.0,,,,,,,,,,,,,0.0,,,,,
크로플_누텔라크림치즈 크로플,크로플,빵 및 과자류,95g,384,,7.37,,,,,,,,,,,,,0.0,,,,,
크로플_단팥생크림 크로플,크로플,빵 및 과자류,95g,387,,6.32,,,,,,,,,,,,,0.0,,,,,
크로플_루비자몽생크림 크로플,크로플,빵 및 과자류,100g,383,,6.0,,,,,,,,,,,,,0.0,,,,,
크로플_리얼초코 아이스크림 크로플,크로플,빵 및 과자류,170g,290,,4.12,,,,,,,,,,,,,0.0,,,,,
크로플_말차티라미수 크로플,크로플,빵 및 과자류,105g,351,,6.67,,,,,,,,,,,,,0.0,,,,,
크로플_바나나누텔라 크로플,크로플,빵 및 과자류,115g,294,,5.22,,,,,,,,,,,,,0.0,,,,,
크로플_바나나생크림누텔라 크로플,크로플,빵 및 과자류,165g,308,,4.24,,,,,,,,,,,,,0.0,,,,,
크로플_버터 크로플,크로플,빵 및 과자류,55g,425,,9.09,,,,,,,,,,,,,0.0,,,,,
크로플_베리크런치 아이스크림 크로플,크로플,빵 및 과자류,190g,244,,3.16,,,,,,,,,,,,,0.0,,,,,
크로플_브라운치즈 아이스크림 크로플,크로플,빵 및 과자류,55g,425,,9.09,,,,,,,,,,,,,0.0,,,,,
크로플_블루베리생크림 크로플,크로플,빵 및 과자류,140g,338,,4.29,,,,,,,,,,,,,0.0,,,,,
크로플_블루베리 아이스크림 크로플,크로플,빵 및 과자류,185g,225,,2.7,,,,,,,,,,,,,0.0,,,,,
크로플_블루베리크림치즈 크로플,크로플,빵 및 과자류,109g,327,,5.5,,,,,,,,,,,,,0.0,,,,,
크로플_생딸기생크림 크로플,크로플,빵 및 과자류,156g,272,,4.49,,,,,,,,,,,,,0.0,,,,,
크로플_생초콜릿생크림 크로플,크로플,빵 및 과자류,157g,415,,5.1,,,,,,,,,,,,,0.0,,,,,
크로플_생크림 크로플,크로플,빵 및 과자류,105g,386,,5.71,,,,,,,,,,,,,0.0,,,,,
크로플_생크림누텔라 크로플,크로플,빵 및 과자류,117g,401,,5.98,,,,,,,,,,,,,0.0,,,,,
크로플_아몬드카라멜 아이스크림 크로플,크로플,빵 및 과자류,165g,255,,3.03,,,,,,,,,,,,,0.0,,,,,
크로플_애플생크림 크로플,크로플,빵 및 과자류,140g,315,,4.29,,,,,,,,,,,,,0.0,,,,,
크로플_애플시나몬 크로플,크로플,빵 및 과자류,104g,288,,4.81,,,,,,,,,,,,,0.0,,,,,
크로플_오레오생크림 크로플,크로플,빵 및 과자류,126g,399,,5.56,,,,,,,,,,,,,0.0,,,,,
크로플_초코벌집 크로플,크로플,빵 및 과자류,81g,463,,7.41,,,,,,,,,,,,,0.0,,,,,
크로플_초코퐁듀 크로플,크로플,빵 및 과자류,81g,463,,7.41,,,,,,,,,,,,,0.0,,,,,
크로플_크림치즈 크로플,크로플,빵 및 과자류,83g,363,,7.23,,,,,,,,,,,,,0.0,,,,,
크로플_티라미수 크로플,크로플,빵 및 과자류,105g,351,,7.62,,,,,,,,,,,,,0.0,,,,,
크로플_프렌치 아이스크림 크로플,크로플,빵 및 과자류,183g,205,,2.73,,,,,,,,,,,,,0.0,,,,,
크로플_누텔라 초코 딸기 크로플,크로플,빵 및 과자류,100g,255,28.0,4.0,,,,,,,,,,,,,0.0,,,,,
크로플_누텔라 초코 바나나 크로플,크로플,빵 및 과자류,100g,250,25.0,5.0,,,,,,,,,,,,,0.0,,,,,
크로플_누텔라 크로플,크로플,빵 및 과자류,100g,225,22.0,4.0,,,,,,,,,,,,,0.0,,,,,
크로플_딸기 아이스크림 크로플,크로플,빵 및 과자류,100g,235,19.6,6.5,,,,,,,,,,,,,0.0,,,,,
크로플_마약크림 딸기 크로플,크로플,빵 및 과자류,100g,221,25.0,4.0,,,,,,,,,,,,,0.0,,,,,
크로플_마약크림 브륄레 크로플,크로플,빵 및 과자류,100g,232,21.0,4.0,,,,,,,,,,,,,0.0,,,,,
크로플_마약크림 티라미슈 크로플,크로플,빵 및 과자류,100g,240,26.5,5.0,,,,,,,,,,,,,0.0,,,,,
크로플_바닐라 아이스크림 크로플,크로플,빵 및 과자류,100g,231,18.0,6.8,,,,,,,,,,,,,0.0,,,,,
크로플_바질 크로플,크로플,빵 및 과자류,100g,222,12.0,4.0,,,,,,,,,,,,,0.0,,,,,
크로플_붕X싸만코 크로플,크로플,빵 및 과자류,100g,221,18.5,5.0,,,,,,,,,,,,,0.0,,,,,
크로플_브라운 치즈 크로플,크로플,빵 및 과자류,100g,228,20.0,6.0,,,,,,,,,,,,,0.0,,,,,
크로플_사과품은 크로플,크로플,빵 및 과자류,100g,220,20.0,4.0,,,,,,,,,,,,,0.0,,,,,
크로플_사장님은 외계인 크로플,크로플,빵 및 과자류,100g,237,23.0,8.2,,,,,,,,,,,,,0.0,,,,,
크로플_생크림 과일폭탄 크로플,크로플,빵 및 과자류,100g,245,27.7,7.3,,,,,,,,,,,,,0.0,,,,,
크로플_생크림 돼지바 크로플,크로플,빵 및 과자류,100g,220,15.8,5.0,,,,,,,,,,,,,0.0,,,,,
크로플_생크림 딸기 크로플,크로플,빵 및 과자류,100g,235,23.0,4.0,,,,,,,,,,,,,0.0,,,,,
크로플_생크림 로투스 크로플,크로플,빵 및 과자류,100g,265,27.5,4.3,,,,,,,,,,,,,0.0,,,,,
크로플_생크림 망고 크로플,크로플,빵 및 과자류,100g,219,25.0,4.0,,,,,,,,,,,,,0.0,,,,,
크로플_생크림 망고치즈케이크 크로플,크로플,빵 및 과자류,100g,253,27.0,6.0,,,,,,,,,,,,,0.0,,,,,
크로플_생크림 블루베리 크로플,크로플,빵 및 과자류,100g,215,22.7,4.0,,,,,,,,,,,,,0.0,,,,,
크로플_생크림 샤인머스캣 크로플,크로플,빵 및 과자류,100g,226,21.2,4.0,,,,,,,,,,,,,0.0,,,,,
크로플_생크림 오레오 크로플,크로플,빵 및 과자류,100g,288,33.0,5.0,,,,,,,,,,,,,0.0,,,,,
크로플_생크림 청포도 크로플,크로플,빵 및 과자류,100g,220,17.6,3.0,,,,,,,,,,,,,0.0,,,,,
크로플_인생팥 크로플,크로플,빵 및 과자류,100g,239,24.7,6.5,,,,,,,,,,,,,0.0,,,,,
크로플_인절미 크로플,크로플,빵 및 과자류,100g,230,30.0,5.0,,,,,,,,,,,,,0.0,,,,,
크로플_체다치즈 크로플,크로플,빵 및 과자류,100g,222,18.0,4.0,,,,,,,,,,,,,0.0,,,,,
크로플_초코 아이스크림 크로플,크로플,빵 및 과자류,100g,234,18.7,7.0,,,,,,,,,,,,,0.0,,,,,
크로플_치즈범벅 크로플,크로플,빵 및 과자류,100g,235,25.0,5.0,,,,,,,,,,,,,0.0,,,,,
크로플_카이막 크로플,크로플,빵 및 과자류,100g,220,15.0,6.0,,,,,,,,,,,,,0.0,,,,,
크로플_쿠앤크 아이스크림 크로플,크로플,빵 및 과자류,100g,233,19.0,6.0,,,,,,,,,,,,,0.0,,,,,
크로플_크림씨와 인절미양 크로플,크로플,빵 및 과자류,100g,238,42.0,6.0,,,,,,,,,,,,,0.0,,,,,
크로플_크림치즈&누텔라 크로플,크로플,빵 및 과자류,100g,242,28.0,5.0,,,,,,,,,,,,,0.0,,,,,
크로플_프렌치 크로플,크로플,빵 및 과자류,100g,215,15.0,3.0,,,,,,,,,,,,,0.0,,,,,
크로플_호떡 아이스 크로플,크로플,빵 및 과자류,100g,217,15.53,3.54,,,,,,,,,,,,,0.0,,,,,
크로플_황치즈 뽀또 크로플,크로플,빵 및 과자류,100g,222,19.0,7.0,,,,,,,,,,,,,0.0,,,,,
크림빵_고소한 흑임자크림빵,크림빵,빵 및 과자류,67g,328,,5.97,,,,,,,,,,,,,0.0,,,,,
크림빵_까까웨뜨,크림빵,빵 및 과자류,79g,443,,7.59,,,,,,,,,,,,,0.0,,,,,
크림빵_동글동글순우유롤,크림빵,빵 및 과자류,345g,361,,7.54,,,,,,,,,,,,,0.0,,,,,
크림빵_딸기흑임자크림빵,크림빵,빵 및 과자류,77g,286,,5.19,,,,,,,,,,,,,0.0,,,,,
크림빵_리얼초코소라빵,크림빵,빵 및 과자류,68g,294,,7.35,,,,,,,,,,,,,0.0,,,,,
크림빵_매직모카크림빵,크림빵,빵 및 과자류,340g,412,,6.47,,,,,,,,,,,,,0.0,,,,,
크림빵_부드러운후레쉬크림샌드빵,크림빵,빵 및 과자류,355g,385,,6.2,,,,,,,,,,,,,0.0,,,,,
"크림빵_순,딸기산도",크림빵,빵 및 과자류,102g,265,,4.9,,,,,,,,,,,,,0.0,,,,,
크림빵_순진우유크림빵,크림빵,빵 및 과자류,70g,350,,8.57,,,,,,,,,,,,,0.0,,,,,
크림빵_슈크림빵,크림빵,빵 및 과자류,85g,312,,7.06,,,,,,,,,,,,,0.0,,,,,
크림빵_어둠의다크초코통통,크림빵,빵 및 과자류,90g,400,,6.67,,,,,,,,,,,,,0.0,,,,,
크림빵_진한쌀크림빵,크림빵,빵 및 과자류,143g,325,,5.59,,,,,,,,,,,,,0.0,,,,,
크림빵_초코가나슈크림빵,크림빵,빵 및 과자류,77g,299,,7.79,,,,,,,,,,,,,0.0,,,,,
크림빵_치즈크림팡도르,크림빵,빵 및 과자류,190g,326,,6.32,,,,,,,,,,,,,0.0,,,,,
크림빵_카페모카크림빵 (대),크림빵,빵 및 과자류,320g,403,,6.56,,,,,,,,,,,,,0.0,,,,,
크림빵_카페모카크림빵 (소),크림빵,빵 및 과자류,150g,393,,6.67,,,,,,,,,,,,,0.0,,,,,
크림빵_크림코르네,크림빵,빵 및 과자류,52g,308,,3.85,,,,,,,,,,,,,0.0,,,,,
크림빵_후레쉬크림빵,크림빵,빵 및 과자류,76g,428,,6.58,,,,,,,,,,,,,0.0,,,,,
크림빵_우유버터브레드,크림빵,빵 및 과자류,145g,383,,7.59,,,,,,,,,,,,,0.0,,,,,
크림빵_바닐라슈,크림빵,빵 및 과자류,30g,307,,6.67,,,,,,,,,,,,,0.0,,,,,
크림빵_아몬드슈,크림빵,빵 및 과자류,30g,277,,6.67,,,,,,,,,,,,,0.0,,,,,
크림빵_어니언크런치,크림빵,빵 및 과자류,230g,248,,8.7,,,,,,,,,,,,,0.0,,,,,
크림빵_초코크로칸슈,크림빵,빵 및 과자류,110g,277,,3.64,,,,,,,,,,,,,0.0,,,,,
크림빵_촉촉브래드,크림빵,빵 및 과자류,110g,296,,7.27,,,,,,,,,,,,,0.0,,,,,
크림빵_크리미크로칸슈,크림빵,빵 및 과자류,110g,272,,3.64,,,,,,,,,,,,,0.0,,,,,
크림빵_바닐라크로캉롱슈,크림빵,빵 및 과자류,86g,314,,4.65,,,,,,,,,,,,,0.0,,,,,
크림빵_브리오슈슈크레,크림빵,빵 및 과자류,75g,740,,8.0,,,,,,,,,,,,,0.0,,,,,
크림빵_초콜릿크로캉롱슈,크림빵,빵 및 과자류,91g,286,,4.4,,,,,,,,,,,,,0.0,,,,,
크림빵_골든크림메론빵,크림빵,빵 및 과자류,100g,320,,5.0,,,,,,,,,,,,,0.0,,,,,
크림빵_단팥크림코팡,크림빵,빵 및 과자류,85g,271,,5.88,,,,,,,,,,,,,0.0,,,,,
크림빵_땅콩크림빵,크림빵,빵 및 과자류,80g,431,,8.75,,,,,,,,,,,,,0.0,,,,,
크림빵_밀크크림브레드,크림빵,빵 및 과자류,95g,221,,5.26,,,,,,,,,,,,,0.0,,,,,
크림빵_부드러운모카크림빵,크림빵,빵 및 과자류,70g,407,,5.71,,,,,,,,,,,,,0.0,,,,,
크림빵_슈크림빵,크림빵,빵 및 과자류,84g,298,44.05,7.14,,,,,,,,,,,,,0.0,,,,,
크림빵_시원하게 즐기는 메론빵,크림빵,빵 및 과자류,110g,327,,5.45,,,,,,,,,,,,,0.0,,,,,
크림빵_우유크림슈,크림빵,빵 및 과자류,23g,304,21.74,4.35,,,,,,,,,,,,,0.0,,,,,
크림빵_초코크림아몬드볼,크림빵,빵 및 과자류,80g,400,,8.75,,,,,,,,,,,,,0.0,,,,,
크림빵_크림듬뿍초코크림아몬드볼,크림빵,빵 및 과자류,90g,400,,7.78,,,,,,,,,,,,,0.0,,,,,
크림빵_후레쉬크림빵,크림빵,빵 및 과자류,79g,411,,7.59,,,,,,,,,,,,,0.0,,,,,
크림빵_후레쉬크림샌드빵 (소),크림빵,빵 및 과자류,125g,408,,7.2,,,,,,,,,,,,,0.0,,,,,
크림빵_후레쉬크림샌드빵,크림빵,빵 및 과자류,250g,408,,7.6,,,,,,,,,,,,,0.0,,,,,
크림빵_단팥생크림빵,크림빵,빵 및 과자류,123g,297,38.21,4.88,,,,,,,,,,,,,0.0,,,,,
크림빵_메론크림빵,크림빵,빵 및 과자류,104g,322,47.12,5.77,,,,,,,,,,,,,0.0,,,,,
크림빵_바닐라 우유 크림슈,크림빵,빵 및 과자류,23g,326,13.04,4.35,,,,,,,,,,,,,0.0,,,,,
크림빵_보슬보슬옥수수크림빵,크림빵,빵 및 과자류,90g,344,41.11,6.67,,,,,,,,,,,,,0.0,,,,,
크림빵_생크림메론크림빵,크림빵,빵 및 과자류,116g,328,43.1,5.17,,,,,,,,,,,,,0.0,,,,,
크림빵_옥수수콘크림샌드,크림빵,빵 및 과자류,115g,313,38.26,6.09,,,,,,,,,,,,,0.0,,,,,
크림빵_왕구름크림빵,크림빵,빵 및 과자류,245g,359,45.31,6.12,,,,,,,,,,,,,0.0,,,,,
크림빵_우유생크림빵,크림빵,빵 및 과자류,104g,327,,4.81,,,,,,,,,,,,,0.0,,,,,
크림빵_인생 딸기생크림빵,크림빵,빵 및 과자류,105g,329,40.0,5.71,,,,,,,,,,,,,0.0,,,,,
크림빵_추억의 고구마생크림빵,크림빵,빵 및 과자류,110g,368,42.73,6.36,,,,,,,,,,,,,0.0,,,,,
키조개구이,키조개구이,생선구이류,100ml,75,1.86,8.7,43.0,250.0,6.73,22.43,1.99,0.6,,,,,0.18,10.0,1.7930000000000001,14.76,,1.72,0.0,0.77
타르트_소프트 에그타르트,타르트,빵 및 과자류,50g,330,,6.0,,,,,,,,,,,,,0.0,,,,,
타르트_패스트리에빠진에그푸딩,타르트,빵 및 과자류,94g,457,,9.57,,,,,,,,,,,,,0.0,,,,,
타르트_에그타르트,타르트,빵 및 과자류,70g,297,38.1,5.9,,,,,,,,,,,,,0.0,,,,,
타르트_크림치즈 타르트,타르트,빵 및 과자류,80g,433,,7.5,,,,,,,,,,,,,0.0,,,,,
타르트_오렌지타르트,타르트,빵 및 과자류,200g,248,26.27,3.82,,,,,,,,,,,,,0.0,,,,,
타르트_밀당 에그 타르트,타르트,빵 및 과자류,95g,400,,4.21,,,,,,,,,,,,,0.0,,,,,
타르트_에그타르트,타르트,빵 및 과자류,50g,264,,6.0,,,,,,,,,,,,,0.0,,,,,
타르트_까망베르치즈 타르트,타르트,빵 및 과자류,850g,314,,6.47,,,,,,,,,,,,,0.0,,,,,
타르트_무화과타르트,타르트,빵 및 과자류,490g,476,,8.98,,,,,,,,,,,,,0.0,,,,,
타르트_미니 타르트 4종 세트,타르트,빵 및 과자류,680g,446,,8.53,,,,,,,,,,,,,0.0,,,,,
타르트_뉴욕치즈타르트,타르트,빵 및 과자류,50g,390,32.0,8.0,,,,,,,,,,,,,0.0,,,,,
타르트_에그타르트,타르트,빵 및 과자류,50g,280,28.0,4.0,,,,,,,,,,,,,0.0,,,,,
타르트_호두듬뿍타르트,타르트,빵 및 과자류,50g,430,42.0,8.0,,,,,,,,,,,,,0.0,,,,,
타르트_리얼 다크 타르트,타르트,빵 및 과자류,120g,429,,6.67,,,,,,,,,,,,,0.0,,,,,
타르트_에그 타르트,타르트,빵 및 과자류,50g,270,,4.0,,,,,,,,,,,,,0.0,,,,,
타르트_씨앗타르트,타르트,빵 및 과자류,35g,417,,11.71,,,,,,,,,,,,,0.0,,,,,
타르트_아몬드타르트,타르트,빵 및 과자류,35g,426,,11.71,,,,,,,,,,,,,0.0,,,,,
타르트_호두타르트,타르트,빵 및 과자류,35g,426,,11.43,,,,,,,,,,,,,0.0,,,,,
탄산음료_체리팡팡 아이스,탄산음료,음료 및 차류,946g,53,12.79,0.0,,,,,,,,,,,,,0.0,,,,,
탄산음료_파인소다 아이스,탄산음료,음료 및 차류,946g,31,,0.0,,,,,,,,,,,,,0.0,,,,,
탄산음료_슬림 깔라만시 탄산수,탄산음료,음료 및 차류,100g,5,,0.05,,,,,,,,,,,,,0.0,,,,,
탄산음료_슬림 청포도 탄산수,탄산음료,음료 및 차류,100g,12,,0.03,,,,,,,,,,,,,0.0,,,,,
탄산음료_블루캔디소다 아이스,탄산음료,음료 및 차류,625g,36,,0.0,,,,,,,,,,,,,0.0,,,,,
탄산음료_체리콕콕 아이스,탄산음료,음료 및 차류,600g,48,,0.17,,,,,,,,,,,,,0.0,,,,,
탄산음료_블랙티 레모네이드 피지오,탄산음료,음료 및 차류,355g,18,,0.0,,,,,,,,,,,,,0.0,,,,,
탄산음료_유자 패션 피지오,탄산음료,음료 및 차류,355g,41,,0.0,,,,,,,,,,,,,0.0,,,,,
탄산음료_쿨 라임 피지오,탄산음료,음료 및 차류,355g,30,,0.0,,,,,,,,,,,,,0.0,,,,,
탄산음료_패션 탱고티 레모네이드 피지오,탄산음료,음료 및 차류,355g,18,,0.0,,,,,,,,,,,,,0.0,,,,,
탄탄면_간편조리세트_마라 탄탄면,탄탄면,면 및 만두류,599g,174,21.0,5.73,13.0,92.0,0.4,,,1.0,,,,,,,0.788,,,0.22,0.0,
탕수어,탕수어,튀김류,113.5ml,281,38.96,12.6,45.0,300.0,0.55,27.75,0.53,1.3,,,,,0.48,71.0,1.263,22.47,,3.07,0.46,1.5
탕수어,탕수어,튀김류,83.1ml,185,25.43,8.5,30.0,200.0,0.38,18.78,0.36,0.9,,,,,0.31,45.0,0.853,15.49,,2.12,0.3,0.99
탕수어,탕수어,튀김류,113.5ml,281,38.73,12.6,44.0,300.0,0.55,27.75,0.53,1.3,,,,,0.48,70.0,1.2429999999999999,20.29,,3.07,0.39,1.51
탕수육_새우,탕수육,튀김류,200g,116,13.02,6.65,27.0,81.0,0.13,14.1,0.45,2.1,6481.28,544.98,170.97,12.08,,23.0,0.605,13.58,0.25,0.0,0.0,
탕수육,탕수육,튀김류,343ml,113,11.21,6.7,9.0,156.0,0.32,11.0,0.49,0.5,,,,,0.2,32.0,1.0979999999999999,7.75,,1.62,0.12,0.48
탕수육,탕수육,튀김류,108.6ml,160,13.14,10.6,8.0,212.0,0.33,14.6,0.74,0.5,,,,,0.32,21.0,1.771,7.12,,3.37,0.15,0.67
탕수육,탕수육,튀김류,108.6ml,160,13.14,10.6,8.0,212.0,0.33,14.6,0.74,0.5,,,,,0.32,21.0,1.771,7.12,,3.37,0.15,0.67
탕수육,탕수육,튀김류,155.2ml,225,21.14,13.1,13.0,285.0,0.52,20.88,0.9,1.0,,,,,0.45,42.0,2.091,12.13,,2.71,0.18,0.99
탕수육_간편조리세트_김치피자탕수육,탕수육,튀김류,790g,227,20.47,12.36,187.0,167.0,0.34,,,2.3,,,,,,,3.464,,,2.78,0.0,
탕평채,탕평채,채소무침류,100g,97,12.26,3.55,19.0,72.0,0.0,7.62,0.65,2.7,-,274.23,78.61,5.93,,21.0,0.181,10.26,0.0,6.65,,
탕평채,탕평채,채소무침류,150ml,73,6.29,2.4,11.0,91.0,0.64,9.14,0.56,1.6,,,,,0.02,9.0,0.506,7.47,,2.1,0.0,0.25
탕평채,탕평채,채소무침류,72.1ml,65,6.6,2.4,14.0,102.0,0.43,9.84,0.54,1.9,,,,,0.01,28.0,0.613,12.16,,2.56,0.0,0.21
탕평채,탕평채,채소무침류,72.1ml,65,6.6,2.4,14.0,102.0,0.43,9.84,0.54,1.9,,,,,0.01,28.0,0.613,12.16,,2.56,0.0,0.21
탕평채,탕평채,채소무침류,150ml,73,6.29,2.4,11.0,91.0,0.64,9.14,0.56,1.6,,,,,0.02,9.0,0.506,7.47,,2.1,0.0,0.25
토란국,토란국,국 및 탕류,400g,16,2.61,1.0,8.0,109.0,0.08,6.83,0.06,0.1,763.41,57.39,11.66,0.0,,0.0,0.5609999999999999,3.88,0.06,0.35,0.0,
토란국,토란국,국 및 탕류,320ml,34,3.56,1.9,11.0,195.0,0.32,11.81,0.48,0.9,,,,,0.01,2.0,0.389,17.08,,1.29,0.0,0.09
토란국,토란국,국 및 탕류,164.2ml,33,3.45,1.9,12.0,195.0,0.31,12.52,0.48,0.8,,,,,0.01,1.0,0.388,16.77,,1.15,0.0,0.09
토란국,토란국,국 및 탕류,320ml,34,3.56,1.9,11.0,195.0,0.32,11.81,0.48,0.9,,,,,0.01,2.0,0.389,17.08,,1.29,0.0,0.09
토란대나물,토란대나물,나물·숙채류,50ml,32,3.88,0.9,64.0,125.0,0.38,12.19,1.12,1.4,,,,,0.73,2.0,0.156,19.44,,0.18,0.0,0.15
토란대나물무침,토란대나물무침,나물·숙채류,90g,68,4.22,5.14,304.0,104.0,2.48,34.82,0.73,3.4,4869.61,341.91,93.79,22.18,,6.0,0.752,14.82,0.63,0.0,0.0,
토스트_구운햄치즈 토스트,토스트,빵 및 과자류,157g,304,,11.0,,,,,,,,,,,,,0.0,,,,,
토스트_몬테크리스토 (H),토스트,빵 및 과자류,149g,262,,8.0,,,,,,,,,,,,,0.0,,,,,
토스트_촉촉한햄치즈 토스트,토스트,빵 및 과자류,446g,253,,10.0,,,,,,,,,,,,,0.0,,,,,
토스트_갈릭치즈토스트,토스트,빵 및 과자류,70g,407,,7.14,,,,,,,,,,,,,0.0,,,,,
토스트_스위트토스트,토스트,빵 및 과자류,62g,419,,6.45,,,,,,,,,,,,,0.0,,,,,
토스트_페퍼로니 피자 토스트,토스트,빵 및 과자류,170g,282,,12.35,,,,,,,,,,,,,0.0,,,,,
토스트_더블 버터 카야 토스트,토스트,빵 및 과자류,154g,335,,4.74,,,,,,,,,,,,,0.0,,,,,
토스트_인절미 카야 토스트,토스트,빵 및 과자류,184g,261,,5.43,,,,,,,,,,,,,0.0,,,,,
토스트_자색 고구마 카야 토스트,토스트,빵 및 과자류,168g,256,,5.83,,,,,,,,,,,,,0.0,,,,,
토스트_트리플 치즈 카야 토스트,토스트,빵 및 과자류,188g,273,,5.43,,,,,,,,,,,,,0.0,,,,,
토스트_햄 치즈 프렌치 토스트,토스트,빵 및 과자류,160g,312,28.13,10.0,,,,,,,,,,,,,0.0,,,,,
토스트_누텔라 바나나 토스트,토스트,빵 및 과자류,146g,208,36.3,3.42,,,,,,,,,,,,,0.0,,,,,
토스트_전여친 생각 토스트,토스트,빵 및 과자류,136g,379,58.82,5.88,,,,,,,,,,,,,0.0,,,,,
토스트_카야 버터치즈 반반 토스트,토스트,빵 및 과자류,95g,285,43.16,6.32,,,,,,,,,,,,,0.0,,,,,
토스트_카야버터 토스트,토스트,빵 및 과자류,95g,321,43.16,5.26,,,,,,,,,,,,,0.0,,,,,
토스트_카야치즈 토스트,토스트,빵 및 과자류,95g,249,43.16,7.37,,,,,,,,,,,,,0.0,,,,,
토스트_인절미 토스트,토스트,빵 및 과자류,178g,342,,8.99,,,,,,,,,,,,,0.0,,,,,
토스트_카야 토스트,토스트,빵 및 과자류,106g,315,,7.55,,,,,,,,,,,,,0.0,,,,,
토스트_카라멜버터토스트,토스트,빵 및 과자류,190g,332,,6.84,,,,,,,,,,,,,0.0,,,,,
토스트_갈릭스틱토스트,토스트,빵 및 과자류,41g,378,,4.88,,,,,,,,,,,,,0.0,,,,,
토스트_마늘토스트,토스트,빵 및 과자류,165g,306,,7.27,,,,,,,,,,,,,0.0,,,,,
토스트_촉촉한 허니버터토스트,토스트,빵 및 과자류,175g,380,,4.57,,,,,,,,,,,,,0.0,,,,,
토스트_통버터 프렌치토스트,토스트,빵 및 과자류,95g,289,,6.32,,,,,,,,,,,,,0.0,,,,,
토스트_허니버터토스트,토스트,빵 및 과자류,225g,335,,6.0,,,,,,,,,,,,,0.0,,,,,
토스트_오믈렛토스트,토스트,빵 및 과자류,130g,269,,11.54,,,,,,,,,,,,,0.0,,,,,
토스트_햄치즈 스크램블 토스트,토스트,빵 및 과자류,100g,290,,11.0,,,,,,,,,,,,,0.0,,,,,
토스트(식빵),토스트(식빵),빵 및 과자류,230.3ml,84,15.55,2.5,8.0,30.0,0.17,5.39,0.15,1.0,,,,,0.01,0.0,0.579,10.18,,0.57,0.0,0.19
샌드위치_고르곤졸라 불고기 파니니,토스트/파니니,빵 및 과자류,200g,228,,9.0,,,,,,,,,,,,,0.0,,,,,
샌드위치_페퍼로니 파니니,토스트/파니니,빵 및 과자류,120g,305,34.33,9.08,,,,,,,,,,,,,0.0,,,,,
샌드위치_핫치킨 파니니,토스트/파니니,빵 및 과자류,120g,289,37.48,14.72,,,,,,,,,,,,,0.0,,,,,
샌드위치_인절미 토스트,토스트/파니니,빵 및 과자류,85g,301,,5.88,,,,,,,,,,,,,0.0,,,,,
샌드위치_햄치즈 토스트,토스트/파니니,빵 및 과자류,70g,283,,12.86,,,,,,,,,,,,,0.0,,,,,
샌드위치_불고기 파니니,토스트/파니니,빵 및 과자류,135g,261,,8.15,,,,,,,,,,,,,0.0,,,,,
샌드위치_카야치즈토스트,토스트/파니니,빵 및 과자류,142g,270,,7.04,,,,,,,,,,,,,0.0,,,,,
샌드위치_카야토스트,토스트/파니니,빵 및 과자류,138g,286,,5.07,,,,,,,,,,,,,0.0,,,,,
샌드위치_멕시칸 파니니,토스트/파니니,빵 및 과자류,218g,264,,13.76,,,,,,,,,,,,,0.0,,,,,
샌드위치_바베큐치킨 파니니,토스트/파니니,빵 및 과자류,217g,159,,14.75,,,,,,,,,,,,,0.0,,,,,
샌드위치_올리브치킨 파니니,토스트/파니니,빵 및 과자류,206g,265,,16.02,,,,,,,,,,,,,0.0,,,,,
샌드위치_트리플머쉬룸치즈 파니니,토스트/파니니,빵 및 과자류,226g,164,,7.52,,,,,,,,,,,,,0.0,,,,,
샌드위치_치즈 파니니,토스트/파니니,빵 및 과자류,78g,282,,10.26,,,,,,,,,,,,,0.0,,,,,
샌드위치_필리스테이크바게트 파니니,토스트/파니니,빵 및 과자류,220g,227,,8.18,,,,,,,,,,,,,0.0,,,,,
톳나물_두부,톳나물,나물·숙채류,140ml,30,2.55,2.67,83.0,28.0,2.0,,,2.3,,,,,,14.0,0.949,28.63,,1.81,0.0,
톳나물_두부,톳나물,나물·숙채류,60ml,52,6.75,3.7,88.0,86.0,2.12,60.22,0.42,3.4,,,,,0.13,19.0,1.095,31.93,,2.5,0.0,0.71
톳나물무침,톳나물무침,채소무침류,90g,75,12.28,1.87,91.0,494.0,0.92,45.34,0.2,6.4,1726.8,129.97,34.7,5.99,,15.0,1.021,24.89,0.11,1.98,0.0,
톳나물초무침,톳나물초무침,채소무침류,120ml,19,4.78,1.11,75.0,42.0,3.19,,,2.5,,,,,,19.0,0.8049999999999999,29.24,,1.99,0.0,
트위스터 샌드위치,트위스터 샌드위치,빵 및 과자류,380.6ml,56,3.3,3.6,7.0,46.0,0.22,6.43,0.17,0.4,,,,,0.03,15.0,0.414,4.55,,0.67,0.02,0.13
트위스터 샌드위치,트위스터 샌드위치,빵 및 과자류,380.6ml,56,3.47,3.6,5.0,47.0,0.22,6.43,0.17,0.3,,,,,0.03,13.0,0.406,7.67,,0.65,0.03,0.14
트위스터 샌드위치,트위스터 샌드위치,빵 및 과자류,380.6ml,56,3.47,3.6,5.0,47.0,0.22,6.43,0.17,0.3,,,,,0.03,13.0,0.406,7.67,,0.65,0.03,0.14
파김치,파김치,김치류,100g,49,8.51,2.5,60.0,282.0,0.73,,,4.6,,,,,,107.0,0.754,,,2.22,0.0,
파래무침,파래무침,채소무침류,30g,49,4.97,3.53,50.0,509.0,21.97,74.1,0.43,3.5,3257.33,245.43,56.47,27.2,,208.0,8.700000000000001,62.2,6.9,12.4,0.0,
파래무침,파래무침,채소무침류,30ml,49,8.65,3.6,75.0,440.0,1.44,396.83,0.26,4.1,,,,,0.16,27.0,1.528,29.88,,8.87,0.0,0.28
파래무침_파래,파래무침,채소무침류,30ml,43,9.24,3.82,95.0,57.0,2.87,,,4.0,,,,,,2.0,1.574,55.83,,7.07,0.0,
파래무침_파래_채소,파래무침,채소무침류,30ml,43,9.7,3.64,91.0,50.0,2.57,,,4.0,,,,,,11.0,1.5550000000000002,55.21,,4.63,0.0,
파래무침_무,파래무침,채소무침류,100ml,21,3.92,1.3,31.0,148.0,1.61,23.73,0.21,1.3,,,,,0.02,2.0,0.341,22.18,,15.83,0.0,0.14
파래무침_액젓,파래무침,채소무침류,100ml,22,2.61,1.7,35.0,103.0,2.12,31.52,0.15,1.4,,,,,0.04,3.0,0.417,17.5,,17.47,0.0,0.23
파래무침,파래무침,채소무침류,38.4ml,30,3.64,2.3,50.0,143.0,3.36,42.97,0.2,2.0,,,,,0.04,4.0,0.527,26.59,,28.33,0.0,0.3
파래무침_무,파래무침,채소무침류,39.9ml,36,5.29,1.8,39.0,170.0,2.48,33.09,0.23,1.4,,,,,0.03,0.0,0.411,27.05,,22.46,0.0,0.13
파래무침_무,파래무침,채소무침류,39.9ml,38,5.56,1.8,39.0,168.0,2.47,33.09,0.23,1.5,,,,,0.03,0.0,0.46799999999999997,27.05,,22.82,0.0,0.13
파래무침,파래무침,채소무침류,30ml,49,8.65,3.6,75.0,440.0,1.44,396.83,0.26,4.1,,,,,0.16,27.0,1.528,29.88,,8.87,0.0,0.28
파래무침_파래_무,파래무침,채소무침류,130ml,23,4.86,1.07,26.0,146.0,1.22,,,1.2,,,,,,6.0,0.32699999999999996,20.71,,12.58,0.0,
파래볶음,파래볶음,채소볶음류,70ml,53,8.21,3.28,91.0,4.0,2.31,,,3.9,,,,,,0.0,1.486,53.05,,1.32,0.0,
파래볶음,파래볶음,채소볶음류,50.7ml,61,1.85,1.2,28.0,73.0,2.05,24.1,0.09,1.1,,,,,0.41,0.0,0.22599999999999998,15.6,,17.9,0.0,0.61
파래볶음,파래볶음,채소볶음류,50.7ml,61,1.88,1.2,29.0,73.0,2.04,24.15,0.09,1.1,,,,,0.41,0.0,0.23899999999999996,15.7,,17.87,0.0,0.61
파래볶음,파래볶음,채소볶음류,100ml,49,3.03,1.6,36.0,109.0,2.52,30.55,0.13,1.5,,,,,0.29,1.0,0.29500000000000004,20.58,,22.44,0.0,0.44
파래전,파래전,전·적 및 부침류,40ml,197,31.77,4.74,25.0,92.0,1.13,,,1.5,,,,,,16.0,0.43899999999999995,16.33,,7.44,0.07,
파무침,파무침,채소무침류,150g,71,9.08,2.25,47.0,255.0,0.57,28.17,0.29,3.5,1759.27,119.25,21.31,3.68,,31.0,0.18,30.16,0.0,0.53,0.0,
파무침,파무침,채소무침류,100g,82,10.65,2.31,103.0,247.0,0.54,,,3.5,,,,,,,0.41200000000000003,,,1.38,0.0,
파무침,파무침,채소무침류,85ml,40,5.72,1.3,17.0,145.0,0.5,11.79,0.4,1.6,,,,,0.03,30.0,0.473,11.55,,1.48,0.0,0.74
파무침,파무침,채소무침류,35.2ml,38,4.32,1.6,51.0,245.0,0.69,15.81,0.47,1.7,,,,,0.03,52.0,0.716,14.46,,13.76,0.0,1.06
파무침,파무침,채소무침류,35.2ml,38,4.32,1.6,51.0,245.0,0.69,15.81,0.47,1.7,,,,,0.03,52.0,0.716,14.46,,13.76,0.0,1.06
파무침,파무침,채소무침류,85ml,40,5.72,1.3,17.0,145.0,0.5,11.79,0.4,1.6,,,,,0.03,30.0,0.473,11.55,,1.48,0.0,0.74
파운드케이크,파운드케이크,빵 및 과자류,170ml,226,26.67,3.5,35.0,81.0,0.46,12.85,0.37,0.6,,,,,0.35,78.0,0.254,5.91,,0.0,0.0,0.86
파이/만주_링고파이,파이/만주,빵 및 과자류,100g,345,,3.0,,,,,,,,,,,,,0.0,,,,,
파이/만주_미니고구마파이,파이/만주,빵 및 과자류,38g,374,,7.89,,,,,,,,,,,,,0.0,,,,,
파이/만주_미니딸기필링파이,파이/만주,빵 및 과자류,33g,397,,3.03,,,,,,,,,,,,,0.0,,,,,
파이/만주_미니애플파이,파이/만주,빵 및 과자류,37g,346,,5.41,,,,,,,,,,,,,0.0,,,,,
파이/만주_미니크림치즈파이,파이/만주,빵 및 과자류,33g,400,,6.06,,,,,,,,,,,,,0.0,,,,,
파이/만주_뽀미파이 애플파이,파이/만주,빵 및 과자류,74g,347,,6.76,,,,,,,,,,,,,0.0,,,,,
파이/만주_연유슈크림애플파이,파이/만주,빵 및 과자류,176g,332,,4.0,,,,,,,,,,,,,0.0,,,,,
파이/만주_겹겹이딸기파이,파이/만주,빵 및 과자류,94g,394,,6.38,,,,,,,,,,,,,0.0,,,,,
파이/만주_알밤파이만주,파이/만주,빵 및 과자류,60g,400,,6.67,,,,,,,,,,,,,0.0,,,,,
파이/만주_리프파이,파이/만주,빵 및 과자류,60g,493,,6.67,,,,,,,,,,,,,0.0,,,,,
파이/만주_생크림 가득 파이,파이/만주,빵 및 과자류,170g,358,33.9,5.4,,,,,,,,,,,,,0.0,,,,,
파이/만주_스노우 화이트 애플 파이,파이/만주,빵 및 과자류,210g,290,,3.33,,,,,,,,,,,,,0.0,,,,,
파이/만주_스틱파이,파이/만주,빵 및 과자류,95g,476,,6.32,,,,,,,,,,,,,0.0,,,,,
파이/만주_파이만주,파이/만주,빵 및 과자류,40g,351,,6.6,,,,,,,,,,,,,0.0,,,,,
파이/만주_파이콘,파이/만주,빵 및 과자류,170g,514,,6.8,,,,,,,,,,,,,0.0,,,,,
파이/만주_다크초콜릿롤,파이/만주,빵 및 과자류,120g,417,41.9,7.3,,,,,,,,,,,,,0.0,,,,,
파이/만주_쌀콩만주,파이/만주,빵 및 과자류,25g,328,63.3,8.5,,,,,,,,,,,,,0.0,,,,,
파이/만주_주상절리 파이,파이/만주,빵 및 과자류,95g,532,,7.37,,,,,,,,,,,,,0.0,,,,,
파이/만주_하트 파이,파이/만주,빵 및 과자류,96g,485,,9.38,,,,,,,,,,,,,0.0,,,,,
파이/만주_베이컨 치즈 팟파이,파이/만주,빵 및 과자류,160g,269,,9.38,,,,,,,,,,,,,0.0,,,,,
파이/만주_블루베리 에그디쉬,파이/만주,빵 및 과자류,202g,264,,5.54,,,,,,,,,,,,,0.0,,,,,
파이/만주_이탈리안 에그디쉬,파이/만주,빵 및 과자류,230g,296,,7.91,,,,,,,,,,,,,0.0,,,,,
파이/만주_치킨 팟파이,파이/만주,빵 및 과자류,170g,253,,15.88,,,,,,,,,,,,,0.0,,,,,
파이/만주_플레인 에그디쉬,파이/만주,빵 및 과자류,172g,325,,6.86,,,,,,,,,,,,,0.0,,,,,
파이/만주_빨미까레 녹차,파이/만주,빵 및 과자류,80g,438,48.75,6.25,,,,,,,,,,,,,0.0,,,,,
파이/만주_빨미까레 딸기,파이/만주,빵 및 과자류,80g,436,45.0,6.25,,,,,,,,,,,,,0.0,,,,,
파이/만주_빨미까레 초코,파이/만주,빵 및 과자류,80g,455,48.75,6.25,,,,,,,,,,,,,0.0,,,,,
파이/만주_빨미까레 쿠앤크,파이/만주,빵 및 과자류,80g,403,45.0,6.25,,,,,,,,,,,,,0.0,,,,,
파이/만주_딸기잼롤파이,파이/만주,빵 및 과자류,20g,400,,4.5,,,,,,,,,,,,,0.0,,,,,
파이/만주_로스팅호두로더고소한호두파이 (조각),파이/만주,빵 및 과자류,56g,402,44.64,7.14,,,,,,,,,,,,,0.0,,,,,
파이/만주_크림치즈롤파이,파이/만주,빵 및 과자류,17g,412,,5.29,,,,,,,,,,,,,0.0,,,,,
파이/만주_클래식애플파이,파이/만주,빵 및 과자류,75g,313,34.67,4.0,,,,,,,,,,,,,0.0,,,,,
파이/만주_달콤한딸기롤파이,파이/만주,빵 및 과자류,31g,371,51.61,3.23,,,,,,,,,,,,,0.0,,,,,
파이/만주_달콤한딸기롤파이 (2개입),파이/만주,빵 및 과자류,62g,363,50.0,3.23,,,,,,,,,,,,,0.0,,,,,
파이/만주_달콤한딸기롤파이 (3개입),파이/만주,빵 및 과자류,93g,366,22.58,3.23,,,,,,,,,,,,,0.0,,,,,
파이/만주_달콤한딸기롤파이 (4개입),파이/만주,빵 및 과자류,124g,363,23.39,3.23,,,,,,,,,,,,,0.0,,,,,
파이/만주_달콤한딸기롤파이 (5개입),파이/만주,빵 및 과자류,155g,365,50.97,3.23,,,,,,,,,,,,,0.0,,,,,
파이/만주_진한크림치즈롤파이,파이/만주,빵 및 과자류,32g,375,34.38,6.25,,,,,,,,,,,,,0.0,,,,,
파이/만주_사과파이,파이/만주,빵 및 과자류,100g,185,34.83,2.54,20.0,94.0,0.43,7.28,0.91,2.3,1922.65,188.02,1.22,4.6,,16.0,2.12,3.3,0.12,0.1,0.0,
파이/만주_만주,파이/만주,빵 및 과자류,70g,318,66.86,7.33,44.0,86.0,0.0,20.66,0.64,4.9,-,621.17,80.09,0.0,,15.0,0.313,0.0,0.0,0.44,,
파이/만주_호두파이,파이/만주,빵 및 과자류,100g,380,,6.0,,,,,,,,,,,,,0.0,,,,,
파전_해물,파전,전·적 및 부침류,150g,171,18.29,5.5,43.0,127.0,2.35,16.28,0.46,1.6,5145.56,415.18,110.99,24.67,,38.0,4.223,46.05,3.79,0.26,0.0,
파전,파전,전·적 및 부침류,150g,195,23.2,4.56,31.0,126.0,0.0,12.99,0.29,4.1,-,93.39,313.83,0.0,,36.0,0.8180000000000001,0.0,0.0,0.63,,
파전,파전,전·적 및 부침류,221ml,101,14.47,3.0,16.0,71.0,0.6,7.49,0.26,0.6,,,,,0.17,18.0,0.175,14.35,,1.73,0.08,0.46
파전_돼지고기_김치,파전,전·적 및 부침류,150ml,101,13.21,5.0,35.0,180.0,0.74,17.53,0.49,1.2,,,,,0.14,34.0,0.683,25.35,,3.85,0.07,0.45
파전_감자_김치,파전,전·적 및 부침류,150ml,93,14.54,2.8,36.0,175.0,0.45,17.04,0.36,1.4,,,,,0.13,32.0,0.368,20.42,,6.54,0.04,0.41
파전_굴_김치,파전,전·적 및 부침류,140ml,99,14.24,3.9,49.0,121.0,0.99,21.26,2.04,1.1,,,,,0.22,36.0,0.925,23.88,,6.62,0.07,0.45
파전_해물,파전,전·적 및 부침류,60ml,195,18.92,10.67,30.0,191.0,1.71,,,1.1,,,,,,30.0,0.895,24.77,,4.07,1.65,
파전,파전,전·적 및 부침류,71ml,216,20.92,6.2,46.0,196.0,1.74,15.96,0.69,1.1,,,,,0.65,58.0,0.367,41.32,,5.83,0.23,1.48
파전_감자_김치,파전,전·적 및 부침류,150ml,93,14.54,2.8,36.0,175.0,0.45,17.04,0.36,1.4,,,,,0.13,32.0,0.368,20.42,,6.54,0.04,0.41
팔보채,팔보채,볶음류,220g,90,3.42,12.42,111.0,259.0,1.38,92.37,0.87,2.5,11702.1,847.22,268.46,51.15,,147.0,2.355,24.34,1.15,2.12,0.0,
팔보채,팔보채,볶음류,241ml,73,1.56,10.2,39.0,198.0,1.39,44.76,0.88,0.3,,,,,0.26,1.0,0.713,17.56,,1.23,1.53,0.65
팔보채,팔보채,볶음류,132.8ml,137,3.17,12.7,46.0,278.0,1.14,54.23,1.66,0.9,,,,,0.29,3.0,1.431,14.64,,1.5,1.82,0.74
팝콘,팝콘,"서류, 곡류, 듀류, 견과 및 종실류",100g,511,58.06,8.3,5.0,196.0,2.26,,,10.4,,,,,,,2.68,,,0.65,0.0,
팝콘_카라멜,팝콘,"서류, 곡류, 듀류, 견과 및 종실류",100g,479,69.79,5.92,48.0,161.0,1.07,,,6.8,,,,,,,0.45299999999999996,,,0.36,0.0,
팟타이_간편조리세트_비프 팟타이,팟타이,면 및 만두류,576g,231,22.5,7.04,37.0,134.0,0.79,,,1.3,,,,,,,2.9370000000000003,,,0.43,0.0,
팟타이,팟타이,면 및 만두류,100g,146,18.54,3.98,55.0,102.0,0.21,,,1.4,,,,,,,3.136,,,0.36,0.0,
팥밥,팥밥,밥류,250ml,140,29.53,3.2,5.0,80.0,0.29,15.49,0.73,1.3,,,,,0.01,0.0,0.508,12.01,,0.16,0.0,0.16
팥밥,팥밥,밥류,250ml,119,25.45,2.5,3.0,50.0,0.17,11.95,0.62,0.8,,,,,0.01,0.0,0.451,7.79,,0.07,0.0,0.14
팥밥,팥밥,밥류,450ml,119,25.86,2.3,3.0,71.0,0.5,11.36,0.62,0.5,,,,,0.0,0.0,0.509,6.49,,0.06,0.0,0.06
팥밥,팥밥,밥류,300ml,119,25.37,2.6,4.0,56.0,0.19,12.18,0.62,1.0,,,,,0.01,0.0,0.421,8.7,,0.1,0.0,0.13
팥빙수,팥빙수,유제품류 및 빙과류,300ml,99,20.82,2.4,16.0,115.0,0.57,11.59,0.37,1.3,,,,,0.02,50.0,0.8119999999999999,23.52,,4.86,0.07,0.13
팥빙수,팥빙수,유제품류 및 빙과류,300ml,99,20.99,2.2,15.0,115.0,0.59,11.59,0.37,1.4,,,,,0.02,50.0,0.862,23.52,,4.87,0.07,0.13
팥빙수,팥빙수,유제품류 및 빙과류,300ml,99,20.99,2.2,15.0,115.0,0.59,11.59,0.37,1.4,,,,,0.02,50.0,0.862,23.52,,4.87,0.07,0.13
팥빵_팥 페스츄리 붕어빵,팥빵,빵 및 과자류,130g,262,39.23,5.38,,,,,,,,,,,,,0.0,,,,,
팥빵_미니붕어빵 통팥,팥빵,빵 및 과자류,125g,291,,6.4,,,,,,,,,,,,,0.0,,,,,
팥빵_호두과자,팥빵,빵 및 과자류,130g,317,,6.92,,,,,,,,,,,,,0.0,,,,,
팥빵_단팥빵,팥빵,빵 및 과자류,76g,308,,10.53,,,,,,,,,,,,,0.0,,,,,
팥빵_완전소중한단팥빵,팥빵,빵 및 과자류,135g,307,,7.41,,,,,,,,,,,,,0.0,,,,,
팥빵_우리쌀앙버터브레드 (H),팥빵,빵 및 과자류,145g,252,,3.45,,,,,,,,,,,,,0.0,,,,,
팥빵_단팥빵,팥빵,빵 및 과자류,86g,314,,9.3,,,,,,,,,,,,,0.0,,,,,
팥빵_단팥앙금롤브레드,팥빵,빵 및 과자류,280g,330,,8.93,,,,,,,,,,,,,0.0,,,,,
팥빵_연유크림만난단팥빵,팥빵,빵 및 과자류,105g,324,,8.57,,,,,,,,,,,,,0.0,,,,,
팥빵_호두가오독오독씹히는단팥빵,팥빵,빵 및 과자류,107g,407,,10.28,,,,,,,,,,,,,0.0,,,,,
팥빵_단팥소보로빵,팥빵,빵 및 과자류,110g,386,,10.0,,,,,,,,,,,,,0.0,,,,,
팥빵_단팥빵,팥빵,빵 및 과자류,130g,274,,7.8,,,,,,,,,,,,,0.0,,,,,
팥빵_생크림 듬뿍이 단팥빵,팥빵,빵 및 과자류,190g,280,,7.37,,,,,,,,,,,,,0.0,,,,,
팥빵_쫀득한 단팥빵,팥빵,빵 및 과자류,145g,294,,6.9,,,,,,,,,,,,,0.0,,,,,
팥빵_소보루단팥빵,팥빵,빵 및 과자류,125g,356,50.0,7.1,,,,,,,,,,,,,0.0,,,,,
팥빵_호두통팥,팥빵,빵 및 과자류,110g,362,42.3,9.7,,,,,,,,,,,,,0.0,,,,,
팥빵_호두과자,팥빵,빵 및 과자류,240g,258,43.33,15.0,,,,,,,,,,,,,0.0,,,,,
팥빵_단팥빵,팥빵,빵 및 과자류,110g,250,45.45,7.27,,,,,,,,,,,,,0.0,,,,,
팥빵_생크림단팥빵,팥빵,빵 및 과자류,129g,271,,6.2,,,,,,,,,,,,,0.0,,,,,
팥빵_호두단팥빵,팥빵,빵 및 과자류,115g,261,45.22,6.96,,,,,,,,,,,,,0.0,,,,,
팥빵_추억의 팥절미빵,팥빵,빵 및 과자류,99g,273,40.4,9.09,,,,,,,,,,,,,0.0,,,,,
팥빵_추억의팥과자,팥빵,빵 및 과자류,50g,420,70.0,8.0,,,,,,,,,,,,,0.0,,,,,
팥빵_추억의팥과자 (3개입),팥빵,빵 및 과자류,150g,420,69.33,8.67,,,,,,,,,,,,,0.0,,,,,
팥빵_추억의팥과자 (5개입),팥빵,빵 및 과자류,250g,420,69.6,8.8,,,,,,,,,,,,,0.0,,,,,
팥빵_미강빵,팥빵,빵 및 과자류,30g,307,,6.67,,,,,,,,,,,,,0.0,,,,,
팥빵_호두과자,팥빵,빵 및 과자류,20g,290,,7.5,,,,,,,,,,,,,0.0,,,,,
팥빵_호밀찰보리빵,팥빵,빵 및 과자류,20g,332,,5.5,,,,,,,,,,,,,0.0,,,,,
팥죽,팥죽,죽 및 스프류,400g,81,16.66,3.17,10.0,114.0,1.13,13.12,0.58,2.1,2270.97,220.65,0.89,2.02,,0.0,0.533,17.61,0.0,5.36,0.0,
팥죽,팥죽,죽 및 스프류,259ml,69,13.65,2.7,8.0,132.0,0.54,14.19,0.32,1.7,,,,,0.01,0.0,0.273,18.24,,0.42,0.0,0.05
팥죽,팥죽,죽 및 스프류,129.3ml,121,24.91,4.3,13.0,231.0,0.91,24.33,0.51,3.0,,,,,0.02,0.0,0.548,32.13,,1.43,0.0,0.1
팥죽,팥죽,죽 및 스프류,129.3ml,121,24.91,4.3,13.0,231.0,0.91,24.33,0.51,3.0,,,,,0.02,0.0,0.548,32.13,,1.43,0.0,0.1
팥죽,팥죽,죽 및 스프류,302.7ml,83,17.12,3.0,9.0,159.0,0.63,16.71,0.35,2.1,,,,,0.02,0.0,0.377,22.08,,0.99,0.0,0.07
페이스트리_64겹페스트리,페이스트리,빵 및 과자류,286g,387,,7.0,,,,,,,,,,,,,0.0,,,,,
페이스트리_갈릭페스트리,페이스트리,빵 및 과자류,193g,351,,8.0,,,,,,,,,,,,,0.0,,,,,
페이스트리_낙엽페스트리,페이스트리,빵 및 과자류,108g,348,,8.33,,,,,,,,,,,,,0.0,,,,,
페이스트리_블루베리품은 소보로 페스트리,페이스트리,빵 및 과자류,400g,441,,7.0,,,,,,,,,,,,,0.0,,,,,
페이스트리_생크림소보루페스트리,페이스트리,빵 및 과자류,128g,341,,6.0,,,,,,,,,,,,,0.0,,,,,
페이스트리_소시지페스트리,페이스트리,빵 및 과자류,120g,356,,11.0,,,,,,,,,,,,,0.0,,,,,
페이스트리_슈크림데니쉬,페이스트리,빵 및 과자류,335g,358,,8.0,,,,,,,,,,,,,0.0,,,,,
페이스트리_시나몬페스트리,페이스트리,빵 및 과자류,110g,411,,12.0,,,,,,,,,,,,,0.0,,,,,
페이스트리_정통소시지데니쉬,페이스트리,빵 및 과자류,95g,351,,12.63,,,,,,,,,,,,,0.0,,,,,
페이스트리_쫀득한페스트리,페이스트리,빵 및 과자류,75g,327,,9.33,,,,,,,,,,,,,0.0,,,,,
페이스트리_햄감자말이페스트리,페이스트리,빵 및 과자류,95g,298,,11.58,,,,,,,,,,,,,0.0,,,,,
페이스트리_밤패스트리,페이스트리,빵 및 과자류,162g,361,,6.17,,,,,,,,,,,,,0.0,,,,,
페이스트리_베이컨&치즈패스트리,페이스트리,빵 및 과자류,79g,424,,8.86,,,,,,,,,,,,,0.0,,,,,
페이스트리_회오리롱소시지패스트리,페이스트리,빵 및 과자류,97g,320,,10.31,,,,,,,,,,,,,0.0,,,,,
페이스트리_스위트밤블랑,페이스트리,빵 및 과자류,196g,413,,6.63,,,,,,,,,,,,,0.0,,,,,
페이스트리_몽블랑 플레인,페이스트리,빵 및 과자류,195g,399,,6.7,,,,,,,,,,,,,0.0,,,,,
페이스트리_뺑오쇼콜라,페이스트리,빵 및 과자류,100g,457,,7.3,,,,,,,,,,,,,0.0,,,,,
페이스트리_소시지 양파 페이스트리,페이스트리,빵 및 과자류,200g,316,,10.5,,,,,,,,,,,,,0.0,,,,,
페이스트리_스크류소시지,페이스트리,빵 및 과자류,155g,392,,10.97,,,,,,,,,,,,,0.0,,,,,
페이스트리_쿠인아망,페이스트리,빵 및 과자류,85g,286,,8.24,,,,,,,,,,,,,0.0,,,,,
페이스트리_팥절미 페이스트리,페이스트리,빵 및 과자류,145g,381,,11.72,,,,,,,,,,,,,0.0,,,,,
페이스트리_롤링 페이스트리,페이스트리,빵 및 과자류,130g,383,34.9,6.1,,,,,,,,,,,,,0.0,,,,,
페이스트리_오렌지 페이스트리,페이스트리,빵 및 과자류,190g,277,27.61,4.46,,,,,,,,,,,,,0.0,,,,,
페이스트리_오코노미야키 페이스트리,페이스트리,빵 및 과자류,190g,241,22.6,9.0,,,,,,,,,,,,,0.0,,,,,
페이스트리_청포도 페이스트리,페이스트리,빵 및 과자류,190g,276,27.7,4.31,,,,,,,,,,,,,0.0,,,,,
페이스트리_페이스트리 앙버터,페이스트리,빵 및 과자류,310g,449,50.1,5.6,,,,,,,,,,,,,0.0,,,,,
페이스트리_현무암돌빵,페이스트리,빵 및 과자류,96g,421,,6.56,,,,,,,,,,,,,0.0,,,,,
페이스트리_뺑 오 쇼콜라,페이스트리,빵 및 과자류,70g,421,,7.14,,,,,,,,,,,,,0.0,,,,,
페이스트리_오름 치즈 케이츄리,페이스트리,빵 및 과자류,148g,399,,6.76,,,,,,,,,,,,,0.0,,,,,
페이스트리_허니볼,페이스트리,빵 및 과자류,200g,277,,6.0,,,,,,,,,,,,,0.0,,,,,
페이스트리_비벼먹는 페스츄리 딸기,페이스트리,빵 및 과자류,276g,261,,4.71,,,,,,,,,,,,,0.0,,,,,
페이스트리_비벼먹는 페스츄리 초콜릿,페이스트리,빵 및 과자류,186g,398,,6.99,,,,,,,,,,,,,0.0,,,,,
페이스트리_딸기탑 마마츄리,페이스트리,빵 및 과자류,274g,241,,3.91,,,,,,,,,,,,,0.0,,,,,
페이스트리_라즈베리 퐁당 마마츄리,페이스트리,빵 및 과자류,230g,269,,4.13,,,,,,,,,,,,,0.0,,,,,
페이스트리_블루베리 퐁당 마마츄리,페이스트리,빵 및 과자류,230g,266,,4.04,,,,,,,,,,,,,0.0,,,,,
페이스트리_초코 퐁당 마마츄리,페이스트리,빵 및 과자류,205g,327,,4.83,,,,,,,,,,,,,0.0,,,,,
페이스트리_허니치즈퐁당 마마츄리,페이스트리,빵 및 과자류,187g,319,,10.96,,,,,,,,,,,,,0.0,,,,,
페이스트리_소세지 페스츄리,페이스트리,빵 및 과자류,120g,314,,11.67,,,,,,,,,,,,,0.0,,,,,
페이스트리_넛츠크림치즈크럼블페이스트리,페이스트리,빵 및 과자류,100g,555,,7.0,,,,,,,,,,,,,0.0,,,,,
페이스트리_에그베이컨페이스트리,페이스트리,빵 및 과자류,130g,365,,12.31,,,,,,,,,,,,,0.0,,,,,
페이스트리_쟌슨빌소시지페이스트리,페이스트리,빵 및 과자류,100g,275,,9.0,,,,,,,,,,,,,0.0,,,,,
페이스트리_64겹골든페스츄리,페이스트리,빵 및 과자류,392g,385,,7.0,,,,,,,,,,,,,0.0,,,,,
페이스트리_미니초코칩트위스트,페이스트리,빵 및 과자류,22g,409,45.45,4.55,,,,,,,,,,,,,0.0,,,,,
페이스트리_스위트갈릭고구마페스츄리,페이스트리,빵 및 과자류,90g,317,,5.56,,,,,,,,,,,,,0.0,,,,,
페이스트리_치즈소시지페스츄리,페이스트리,빵 및 과자류,110g,355,,10.91,,,,,,,,,,,,,0.0,,,,,
페이스트리_갈릭고구마페스츄리,페이스트리,빵 및 과자류,105g,329,39.05,4.76,,,,,,,,,,,,,0.0,,,,,
페이스트리_미니소시지페스츄리,페이스트리,빵 및 과자류,24g,396,25.0,8.33,,,,,,,,,,,,,0.0,,,,,
페이스트리_블루베리 크림치즈 페스츄리,페이스트리,빵 및 과자류,83g,392,32.53,6.02,,,,,,,,,,,,,0.0,,,,,
페이스트리_촉촉한몽블랑,페이스트리,빵 및 과자류,170g,397,43.53,5.88,,,,,,,,,,,,,0.0,,,,,
페이스트리_크림치즈데니쉬,페이스트리,빵 및 과자류,95g,384,30.53,6.32,,,,,,,,,,,,,0.0,,,,,
페이스트리_프렌치뀐아망,페이스트리,빵 및 과자류,68g,485,50.0,5.88,,,,,,,,,,,,,0.0,,,,,
페이스트리_마카다미아 데니쉬,페이스트리,빵 및 과자류,85g,394,,5.88,,,,,,,,,,,,,0.0,,,,,
페이스트리_몽블랑 데니쉬,페이스트리,빵 및 과자류,135g,389,,5.93,,,,,,,,,,,,,0.0,,,,,
페이스트리_퀸아망,페이스트리,빵 및 과자류,100g,415,,4.0,,,,,,,,,,,,,0.0,,,,,
페이스트리_푀이테쇼콜라,페이스트리,빵 및 과자류,60g,350,,6.67,,,,,,,,,,,,,0.0,,,,,
페이스트리_베이컨 포테이토 데니쉬,페이스트리,빵 및 과자류,130g,442,,23.85,,,,,,,,,,,,,0.0,,,,,
페이스트리_콘 치즈 데니쉬,페이스트리,빵 및 과자류,135g,476,,8.15,,,,,,,,,,,,,0.0,,,,,
페이스트리,페이스트리,빵 및 과자류,70g,466,41.5,8.31,20.0,102.0,0.46,22.91,0.49,2.1,8847.79,644.7,117.16,84.0,,154.0,0.357,46.64,0.0,0.0,0.0,
페이스트리,페이스트리,빵 및 과자류,70g,457,46.45,8.56,31.0,119.0,0.01,0.0,0.0,3.0,-,0.0,0.0,0.0,,71.0,3.9440000000000004,0.0,0.0,0.0,,
폭찹,폭찹,볶음류,99ml,124,5.73,12.2,8.0,275.0,0.29,16.7,0.83,0.8,,,,,0.22,9.0,2.162,6.3,,3.41,0.13,0.56
폭찹,폭찹,볶음류,99ml,124,5.73,12.2,8.0,275.0,0.29,16.7,0.83,0.8,,,,,0.22,9.0,2.162,6.3,,3.41,0.13,0.56
표고버섯볶음,표고버섯볶음,채소볶음류,110ml,35,3.96,1.7,8.0,122.0,0.42,8.84,0.46,1.9,,,,,0.41,13.0,1.8459999999999999,9.47,,1.11,0.0,0.16
표고버섯볶음_표고버섯,표고버섯볶음,채소볶음류,90ml,19,3.47,1.11,5.0,99.0,0.33,,,1.7,,,,,,0.0,2.1430000000000002,7.61,,0.28,0.0,
표고버섯볶음_표고버섯_채소,표고버섯볶음,채소볶음류,90ml,22,3.76,1.12,7.0,108.0,0.33,,,1.8,,,,,,11.0,2.0060000000000002,9.2,,1.87,0.0,
표고버섯볶음,표고버섯볶음,채소볶음류,110ml,35,3.96,1.7,8.0,122.0,0.42,8.84,0.46,1.9,,,,,0.41,13.0,1.8459999999999999,9.47,,1.11,0.0,0.16
표고버섯볶음,표고버섯볶음,채소볶음류,110ml,34,4.0,1.7,9.0,120.0,0.41,8.88,0.46,1.7,,,,,0.41,13.0,1.962,9.53,,1.09,0.0,0.16
표고버섯볶음,표고버섯볶음,채소볶음류,110ml,35,3.96,1.7,8.0,122.0,0.42,8.84,0.46,1.9,,,,,0.41,13.0,1.8459999999999999,9.47,,1.11,0.0,0.16
풋고추된장무침_풋고추,풋고추된장무침,채소무침류,100g,124,12.0,2.37,34.0,244.0,0.46,23.94,0.39,3.4,1751.73,123.43,22.15,2.07,,31.0,3.75,19.05,0.0,0.21,0.0,
풋고추된장무침,풋고추된장무침,채소무침류,50ml,45,7.94,1.9,16.0,174.0,0.43,15.1,0.25,2.7,,,,,0.05,18.0,0.473,19.46,,19.09,0.0,0.17
풋고추된장무침,풋고추된장무침,채소무침류,50ml,45,7.94,1.9,16.0,173.0,0.43,15.1,0.25,2.7,,,,,0.05,18.0,0.474,19.46,,19.11,0.0,0.17
풋고추된장무침,풋고추된장무침,채소무침류,50ml,45,7.94,1.9,16.0,174.0,0.43,15.1,0.25,2.7,,,,,0.05,18.0,0.473,19.46,,19.09,0.0,0.17
풋고추볶음,풋고추볶음,채소볶음류,100g,70,8.25,1.93,18.0,211.0,0.6,19.0,0.34,3.7,1664.03,117.75,18.02,1.37,,38.0,0.5800000000000001,14.12,0.0,0.0,0.0,
풋고추찜,풋고추찜,찜류,100g,51,8.27,2.31,25.0,297.0,0.55,21.5,0.32,4.1,2021.53,129.6,23.74,2.32,,29.0,0.07,39.08,0.0,0.0,0.0,
풋고추찜,풋고추찜,찜류,150ml,55,9.58,2.3,15.0,180.0,0.45,21.14,0.25,2.5,,,,,0.15,18.0,0.504,16.4,,19.17,0.0,0.27
풋마늘무침,풋마늘무침,채소무침류,100g,71,11.27,4.14,34.0,444.0,0.87,23.7,0.34,4.6,3683.28,243.45,45.3,3.27,,78.0,0.18,169.99,0.0,2.75,0.0,
풋마늘무침,풋마늘무침,채소무침류,70ml,38,8.05,1.31,35.0,178.0,0.38,,,2.3,,,,,,58.0,0.516,18.19,,5.4,0.0,
풋마늘무침,풋마늘무침,채소무침류,81.6ml,62,9.59,1.8,49.0,266.0,0.55,15.31,0.16,3.4,,,,,0.05,84.0,0.6839999999999999,28.36,,8.79,0.0,0.97
프레즐_버터 프레첼,프레즐,빵 및 과자류,125g,350,,7.4,,,,,,,,,,,,,0.0,,,,,
프레즐_햄치즈 프레첼,프레즐,빵 및 과자류,110g,285,41.4,11.9,,,,,,,,,,,,,0.0,,,,,
프레즐_압구정 프레첼,프레즐,빵 및 과자류,200g,470,43.8,6.8,,,,,,,,,,,,,0.0,,,,,
프레즐_갈릭 프레즐,프레즐,빵 및 과자류,108g,315,,7.41,,,,,,,,,,,,,0.0,,,,,
프레즐_시나몬슈가스틱,프레즐,빵 및 과자류,155g,305,,5.81,,,,,,,,,,,,,0.0,,,,,
프레즐_시나몬슈가 프레즐,프레즐,빵 및 과자류,109g,312,,6.42,,,,,,,,,,,,,0.0,,,,,
프레즐_아몬드스틱,프레즐,빵 및 과자류,152g,338,,7.24,,,,,,,,,,,,,0.0,,,,,
프레즐_아몬드크림치즈스틱,프레즐,빵 및 과자류,165g,298,,6.67,,,,,,,,,,,,,0.0,,,,,
프레즐_아몬드 프레즐,프레즐,빵 및 과자류,112g,330,,7.14,,,,,,,,,,,,,0.0,,,,,
프레즐_어니언 프레즐,프레즐,빵 및 과자류,110g,305,,7.27,,,,,,,,,,,,,0.0,,,,,
프레즐_오곡 프레즐,프레즐,빵 및 과자류,120g,308,,8.33,,,,,,,,,,,,,0.0,,,,,
프레즐_오리지날 프레즐,프레즐,빵 및 과자류,105g,321,,7.62,,,,,,,,,,,,,0.0,,,,,
프레즐_오리지널스틱,프레즐,빵 및 과자류,132g,342,,7.58,,,,,,,,,,,,,0.0,,,,,
프레즐_크림치즈스틱,프레즐,빵 및 과자류,159g,297,,7.55,,,,,,,,,,,,,0.0,,,,,
프레즐_파마산허브 프레즐,프레즐,빵 및 과자류,109g,312,,7.34,,,,,,,,,,,,,0.0,,,,,
프레즐_페퍼로니 프레즐,프레즐,빵 및 과자류,140g,340,,13.57,,,,,,,,,,,,,0.0,,,,,
프레즐_갈릭스틱,프레즐,빵 및 과자류,137g,350,,7.3,,,,,,,,,,,,,0.0,,,,,
프레즐_어니언스틱,프레즐,빵 및 과자류,147g,322,,7.48,,,,,,,,,,,,,0.0,,,,,
프레즐_프레즐,프레즐,빵 및 과자류,99g,253,,7.07,,,,,,,,,,,,,0.0,,,,,
프레즐_크림치즈 프레즐,프레즐,빵 및 과자류,99g,253,,7.07,,,,,,,,,,,,,0.0,,,,,
프레즐_크림치즈 프레즐,프레즐,빵 및 과자류,99g,253,,8.08,,,,,,,,,,,,,0.0,,,,,
프레즐_크림치즈 프레즐,프레즐,빵 및 과자류,99g,149,,10.0,,,,,,,,,,,,,0.0,,,,,
프레즐_크림치즈 프렛즐,프레즐,빵 및 과자류,99g,253,,42.42,,,,,,,,,,,,,0.0,,,,,
프레즐_고구마 프레즐,프레즐,빵 및 과자류,212g,268,40.09,12.74,,,,,,,,,,,,,0.0,,,,,
프레즐_도그 프레즐,프레즐,빵 및 과자류,135g,167,18.52,11.11,,,,,,,,,,,,,0.0,,,,,
프레즐_불고기 프레즐,프레즐,빵 및 과자류,207g,267,34.78,13.53,,,,,,,,,,,,,0.0,,,,,
프레즐_오리지널 프레즐,프레즐,빵 및 과자류,117g,268,52.14,11.11,,,,,,,,,,,,,0.0,,,,,
프레즐_콘 샐러드 프레즐,프레즐,빵 및 과자류,216g,215,32.41,10.19,,,,,,,,,,,,,0.0,,,,,
프레즐_콘 프레즐,프레즐,빵 및 과자류,208g,242,32.21,12.98,,,,,,,,,,,,,0.0,,,,,
프레즐_크림치즈 프레즐,프레즐,빵 및 과자류,153g,272,43.79,9.8,,,,,,,,,,,,,0.0,,,,,
프레즐_페퍼로니 프레즐,프레즐,빵 및 과자류,210g,216,23.81,13.33,,,,,,,,,,,,,0.0,,,,,
프레즐_플레인 프레즐,프레즐,빵 및 과자류,117g,268,50.43,11.11,,,,,,,,,,,,,0.0,,,,,
프레즐_할라피뇨 도그 프레즐,프레즐,빵 및 과자류,145g,243,26.9,10.34,,,,,,,,,,,,,0.0,,,,,
프레즐_초코 프레즐,프레즐,빵 및 과자류,125g,407,,6.4,,,,,,,,,,,,,0.0,,,,,
프레즐_커스타드 프레즐,프레즐,빵 및 과자류,125g,378,,7.2,,,,,,,,,,,,,0.0,,,,,
프레즐_크림치즈 프레즐,프레즐,빵 및 과자류,100g,315,,7.0,,,,,,,,,,,,,0.0,,,,,
프레즐,프레즐,빵 및 과자류,100g,312,55.14,8.37,66.0,125.0,0.61,,,3.2,,,,,,,0.9490000000000001,,,0.77,0.0,
피망볶음,피망볶음,채소볶음류,78.6ml,138,11.12,1.7,20.0,181.0,0.55,17.18,0.2,2.0,,,,,0.59,11.0,0.983,24.05,,13.92,0.0,0.99
피망볶음,피망볶음,채소볶음류,42.9ml,84,8.08,1.3,13.0,134.0,0.41,12.74,0.14,1.5,,,,,0.32,8.0,0.7120000000000001,17.34,,10.21,0.0,0.55
피자_치즈 피자 오리지널,피자,빵 및 과자류,766g,260,33.85,13.31,,,,,,,,,,,,,0.0,,,,,
피자_페퍼로니 피자 씬,피자,빵 및 과자류,502g,321,20.44,14.34,,,,,,,,,,,,,0.0,,,,,
피자_페퍼로니 피자 오리지널,피자,빵 및 과자류,847g,270,29.73,12.77,,,,,,,,,,,,,0.0,,,,,
피자_포테이토 피자 씬,피자,빵 및 과자류,843g,241,,9.56,,,,,,,,,,,,,0.0,,,,,
피자_포테이토 피자 씬,피자,빵 및 과자류,411g,254,,9.85,,,,,,,,,,,,,0.0,,,,,
피자_슈퍼슈프림 피자 씬,피자,빵 및 과자류,827g,232,,10.56,,,,,,,,,,,,,0.0,,,,,
피자_슈퍼슈프림 피자 씬,피자,빵 및 과자류,442g,231,21.69,10.88,,,,,,,,,,,,,0.0,,,,,
피자_치즈 피자 오리지널,피자,빵 및 과자류,457g,261,35.23,11.58,,,,,,,,,,,,,0.0,,,,,
피자_페퍼로니 피자 씬,피자,빵 및 과자류,280g,335,,14.94,,,,,,,,,,,,,0.0,,,,,
피자_페퍼로니 피자 오리지널,피자,빵 및 과자류,500g,275,30.3,12.5,,,,,,,,,,,,,0.0,,,,,
피자_바베큐치킨 피자,피자,빵 및 과자류,656g,246,,13.1,,,,,,,,,,,,,0.0,,,,,
피자_불고기 피자,피자,빵 및 과자류,710g,249,,10.79,,,,,,,,,,,,,0.0,,,,,
피자_콤비네이션 피자,피자,빵 및 과자류,1631g,232,,14.17,,,,,,,,,,,,,0.0,,,,,
피자_콤비네이션 피자,피자,빵 및 과자류,726g,245,,13.31,,,,,,,,,,,,,0.0,,,,,
피자_페파로니 피자,피자,빵 및 과자류,683g,294,,14.94,,,,,,,,,,,,,0.0,,,,,
피자_포테이토 피자,피자,빵 및 과자류,775g,261,,12.58,,,,,,,,,,,,,0.0,,,,,
피자_고구마 피자,피자,빵 및 과자류,785g,258,45.41,11.73,,,,,,,,,,,,,0.0,,,,,
피자_고르곤졸라 피자,피자,빵 및 과자류,480g,303,36.11,16.67,,,,,,,,,,,,,0.0,,,,,
피자_떡갈비 피자,피자,빵 및 과자류,935g,264,,12.73,,,,,,,,,,,,,0.0,,,,,
피자_불고기 피자,피자,빵 및 과자류,715g,247,28.65,14.04,,,,,,,,,,,,,0.0,,,,,
피자_스테이크 피자,피자,빵 및 과자류,700g,246,29.7,13.14,,,,,,,,,,,,,0.0,,,,,
피자_아이리쉬포테이토 피자,피자,빵 및 과자류,705g,234,34.58,9.66,,,,,,,,,,,,,0.0,,,,,
피자_치즈 피자,피자,빵 및 과자류,585g,301,36.53,15.53,,,,,,,,,,,,,0.0,,,,,
피자_콤비네이션 피자,피자,빵 및 과자류,710g,252,42.61,14.77,,,,,,,,,,,,,0.0,,,,,
피자_페퍼로니 피자,피자,빵 및 과자류,565g,307,37.62,16.19,,,,,,,,,,,,,0.0,,,,,
피자_포테이토 피자,피자,빵 및 과자류,735g,242,31.32,11.54,,,,,,,,,,,,,0.0,,,,,
피자_핫치킨 피자,피자,빵 및 과자류,715g,244,30.9,11.8,,,,,,,,,,,,,0.0,,,,,
피자_고구마 피자,피자,빵 및 과자류,1260g,252,,8.57,,,,,,,,,,,,,0.0,,,,,
피자_고구마 피자,피자,빵 및 과자류,725g,253,,7.69,,,,,,,,,,,,,0.0,,,,,
피자_고르곤졸라 피자,피자,빵 및 과자류,505g,238,,21.43,,,,,,,,,,,,,0.0,,,,,
피자_고르곤졸라 피자,피자,빵 및 과자류,305g,329,,23.68,,,,,,,,,,,,,0.0,,,,,
피자_단호박 피자,피자,빵 및 과자류,1280g,243,,8.41,,,,,,,,,,,,,0.0,,,,,
피자_단호박 피자,피자,빵 및 과자류,725g,242,,8.79,,,,,,,,,,,,,0.0,,,,,
피자_베이컨체다치즈 피자,피자,빵 및 과자류,1020g,253,,15.29,,,,,,,,,,,,,0.0,,,,,
피자_베이컨체다치즈 피자,피자,빵 및 과자류,610g,257,,14.47,,,,,,,,,,,,,0.0,,,,,
피자_불고기 피자,피자,빵 및 과자류,960g,238,,11.25,,,,,,,,,,,,,0.0,,,,,
피자_불고기 피자,피자,빵 및 과자류,550g,232,,10.14,,,,,,,,,,,,,0.0,,,,,
피자_야채 피자,피자,빵 및 과자류,930g,218,,11.54,,,,,,,,,,,,,0.0,,,,,
피자_야채 피자,피자,빵 및 과자류,520g,223,,12.31,,,,,,,,,,,,,0.0,,,,,
피자_옥수수 피자,피자,빵 및 과자류,1080g,222,,8.89,,,,,,,,,,,,,0.0,,,,,
피자_치즈 피자,피자,빵 및 과자류,765g,273,,17.19,,,,,,,,,,,,,0.0,,,,,
피자_치즈 피자,피자,빵 및 과자류,435g,278,,16.67,,,,,,,,,,,,,0.0,,,,,
피자_콤비네이션 피자,피자,빵 및 과자류,1005g,244,,11.9,,,,,,,,,,,,,0.0,,,,,
피자_콤비네이션 피자,피자,빵 및 과자류,620g,244,,12.82,,,,,,,,,,,,,0.0,,,,,
피자_페퍼로니 피자,피자,빵 및 과자류,845g,293,,14.29,,,,,,,,,,,,,0.0,,,,,
피자_페퍼로니 피자,피자,빵 및 과자류,455g,289,,14.04,,,,,,,,,,,,,0.0,,,,,
피자_포테이토 피자,피자,빵 및 과자류,1185g,222,,10.1,,,,,,,,,,,,,0.0,,,,,
피자_포테이토 피자,피자,빵 및 과자류,695g,224,,10.34,,,,,,,,,,,,,0.0,,,,,
피자_하와이안 피자,피자,빵 및 과자류,940g,250,,10.26,,,,,,,,,,,,,0.0,,,,,
피자_하와이안 피자,피자,빵 및 과자류,565g,246,,9.86,,,,,,,,,,,,,0.0,,,,,
피자_옥수수 피자,피자,빵 및 과자류,970g,223,,9.23,,,,,,,,,,,,,0.0,,,,,
피자_콤비네이션피자,피자,빵 및 과자류,200g,274,25.54,10.68,141.0,214.0,0.63,25.8,1.31,2.6,10322.24,822.25,142.02,11.43,,46.0,1.05,32.07,0.29,0.43,0.0,
피자_불고기피자,피자,빵 및 과자류,200g,253,30.6,13.7,240.0,165.0,0.0,26.44,1.83,2.5,-,1119.4,252.11,0.02,,48.0,0.85,19.22,0.14,1.28,,
피자_치즈피자,피자,빵 및 과자류,200g,277,35.6,15.7,339.0,140.0,0.0,28.99,2.08,3.2,-,1291.16,294.6,0.03,,67.0,0.49,21.81,0.17,0.19,,
피자_페퍼로니피자,피자,빵 및 과자류,200g,266,35.15,14.7,269.0,152.0,0.0,26.17,1.84,2.8,-,1180.61,290.38,0.03,,65.0,1.0,20.83,0.23,1.6,,
피자_포테이토피자,피자,빵 및 과자류,250g,251,28.64,11.2,216.0,207.0,0.0,25.46,1.43,2.7,-,920.29,199.17,0.02,,44.0,0.5840000000000001,18.25,0.06,0.83,,
피자,피자,빵 및 과자류,210ml,153,21.07,7.8,45.0,210.0,0.53,18.33,0.8,1.6,,,,,0.03,30.0,1.456,31.78,,6.88,0.04,0.55
피자,피자,빵 및 과자류,160ml,231,23.49,11.5,96.0,281.0,0.67,24.24,1.3,1.7,,,,,0.08,55.0,1.999,34.73,,7.21,0.09,0.63
피자,피자,빵 및 과자류,160ml,219,23.36,12.1,94.0,274.0,0.63,23.61,1.29,1.7,,,,,0.06,54.0,2.28,34.6,,5.75,0.09,0.63
피자,피자,빵 및 과자류,300ml,128,15.57,6.3,59.0,158.0,0.41,14.14,0.69,1.2,,,,,0.03,31.0,1.123,28.57,,2.51,0.04,0.46
피자빵_피자 페스츄리 붕어빵,피자빵,빵 및 과자류,130g,229,26.92,6.15,,,,,,,,,,,,,0.0,,,,,
피자빵_소시지피자빵,피자빵,빵 및 과자류,450g,307,,12.0,,,,,,,,,,,,,0.0,,,,,
피자빵_피자빵 (대),피자빵,빵 및 과자류,276g,305,,11.0,,,,,,,,,,,,,0.0,,,,,
피자빵_볼로네제미트 브레드,피자빵,빵 및 과자류,145g,259,,10.34,,,,,,,,,,,,,0.0,,,,,
피자빵_치즈치킨롤 피자,피자빵,빵 및 과자류,214g,241,,9.81,,,,,,,,,,,,,0.0,,,,,
피자빵_치킨치즈롤,피자빵,빵 및 과자류,203g,236,,10.34,,,,,,,,,,,,,0.0,,,,,
피자빵_이탈리안 피자,피자빵,빵 및 과자류,235g,273,,17.87,,,,,,,,,,,,,0.0,,,,,
피자빵_사각피자빵,피자빵,빵 및 과자류,135g,267,,6.67,,,,,,,,,,,,,0.0,,,,,
피자빵_쫄깃한피자빵,피자빵,빵 및 과자류,100g,260,31.0,5.0,,,,,,,,,,,,,0.0,,,,,
피자빵_바토베듬뿍베이글피자,피자빵,빵 및 과자류,112g,286,33.04,7.14,,,,,,,,,,,,,0.0,,,,,
피자빵_햄치콘듬뿍베이글피자,피자빵,빵 및 과자류,134g,373,25.37,8.96,,,,,,,,,,,,,0.0,,,,,
피자빵,피자빵,빵 및 과자류,200g,298,31.76,8.85,96.0,164.0,0.87,22.68,1.3,2.2,8042.12,651.29,101.84,18.88,,35.0,0.44499999999999995,18.94,0.0,0.0,0.0,
피조개무침,피조개무침,무침류,100g,52,6.07,4.71,36.0,221.0,3.07,33.8,1.02,2.1,4382.75,302.41,86.87,21.08,,10.0,8.89,16.37,8.13,1.96,0.0,
피조개무침,피조개무침,무침류,150ml,77,9.48,7.4,45.0,288.0,4.17,40.05,0.76,1.4,,,,,0.25,73.0,1.8479999999999999,26.53,,7.48,0.0,0.47
하이라이스,하이라이스,밥류,360g,112,21.34,4.02,10.0,77.0,0.07,7.1,1.07,0.9,2585.74,249.04,53.8,5.64,,6.0,0.108,4.75,0.0,1.0,0.0,
하이라이스,하이라이스,밥류,340.7ml,120,22.08,3.3,7.0,141.0,0.22,14.45,0.61,1.2,,,,,0.08,24.0,0.6769999999999999,9.13,,2.09,0.01,0.35
하이라이스,하이라이스,밥류,607.4ml,111,21.33,2.7,7.0,135.0,0.47,12.2,0.52,0.8,,,,,0.07,21.0,0.558,6.89,,1.79,0.0,0.24
함박스테이크_간편조리세트_더블체다 함박스테이크,함박스테이크,육류 및 채소구이류,593g,189,13.88,9.9,59.0,254.0,0.98,,,2.0,,,,,,,1.384,,,0.0,0.0,
함박스테이크,함박스테이크,육류 및 채소구이류,200g,174,7.19,12.1,14.0,233.0,0.54,16.63,0.99,1.3,10948.2,902.48,141.67,10.86,,13.0,2.6,12.58,0.21,2.49,0.0,
함박스테이크,함박스테이크,육류 및 채소구이류,200g,229,10.38,13.48,41.0,277.0,0.0,24.41,1.49,2.8,-,981.84,249.1,0.0,,11.0,3.422,0.0,0.0,1.38,,
함박스테이크,함박스테이크,육류 및 채소구이류,157ml,165,11.25,15.0,19.0,277.0,0.89,19.81,2.01,1.0,,,,,0.05,20.0,2.633,11.5,,4.47,0.63,0.43
함박스테이크,함박스테이크,육류 및 채소구이류,105.3ml,250,16.12,22.0,19.0,403.0,0.81,29.61,1.55,1.2,,,,,0.36,25.0,3.307,17.81,,7.14,0.36,1.01
함박스테이크,함박스테이크,육류 및 채소구이류,105.3ml,250,16.12,22.0,19.0,403.0,0.81,29.61,1.55,1.2,,,,,0.36,25.0,3.307,17.81,,7.14,0.36,1.01
함박스테이크,함박스테이크,육류 및 채소구이류,132.3ml,155,10.42,17.5,14.0,317.0,0.62,23.0,1.23,0.9,,,,,0.04,20.0,2.618,14.15,,5.68,0.28,0.44
핫도그_오리지날 핫도그,핫도그,빵 및 과자류,125g,267,28.8,5.6,,,,,,,,,,,,,0.0,,,,,
핫도그_갈릭치즈 핫도그,핫도그,빵 및 과자류,210g,226,,10.0,,,,,,,,,,,,,0.0,,,,,
핫도그_오리지널 핫도그,핫도그,빵 및 과자류,215g,218,,8.84,,,,,,,,,,,,,0.0,,,,,
핫도그_회오리 핫도그,핫도그,빵 및 과자류,120g,401,50.83,7.5,,,,,,,,,,,,,0.0,,,,,
핫도그_달콤 어니언 핫도그,핫도그,빵 및 과자류,205g,263,,10.24,,,,,,,,,,,,,0.0,,,,,
핫도그_매콤 칠리 핫도그,핫도그,빵 및 과자류,175g,282,,12.0,,,,,,,,,,,,,0.0,,,,,
핫도그_갈릭 핫도그,핫도그,빵 및 과자류,212g,257,,5.0,,,,,,,,,,,,,0.0,,,,,
핫도그_미니치즈찰도그,핫도그,빵 및 과자류,65g,440,,9.23,,,,,,,,,,,,,0.0,,,,,
핫도그_왕빅도그오리지날,핫도그,빵 및 과자류,144g,354,,8.0,,,,,,,,,,,,,0.0,,,,,
핫도그_칠리 핫도그,핫도그,빵 및 과자류,215g,235,,5.0,,,,,,,,,,,,,0.0,,,,,
핫도그_플레인 핫도그,핫도그,빵 및 과자류,219g,248,,5.0,,,,,,,,,,,,,0.0,,,,,
핫도그_맥앤치즈 핫도그,핫도그,빵 및 과자류,164g,220,,7.93,,,,,,,,,,,,,0.0,,,,,
핫도그_토마토칠리 핫도그,핫도그,빵 및 과자류,164g,220,,8.54,,,,,,,,,,,,,0.0,,,,,
핫도그_미트칠리 핫도그,핫도그,빵 및 과자류,164g,220,,8.54,,,,,,,,,,,,,0.0,,,,,
핫도그_핫도그,핫도그,빵 및 과자류,131g,275,,8.55,,,,,,,,,,,,,0.0,,,,,
핫도그_못난이찹쌀매콤 핫도그,핫도그,빵 및 과자류,110g,310,,9.09,,,,,,,,,,,,,0.0,,,,,
핫도그_못난이찹쌀모짜렐라치즈 핫도그,핫도그,빵 및 과자류,95g,280,,9.26,,,,,,,,,,,,,0.0,,,,,
핫도그_못난이찹쌀 핫도그,핫도그,빵 및 과자류,95g,295,,8.63,,,,,,,,,,,,,0.0,,,,,
핫도그_킹불소고,핫도그,빵 및 과자류,250g,239,,10.0,,,,,,,,,,,,,0.0,,,,,
핫도그_킹콘소고,핫도그,빵 및 과자류,250g,239,,10.0,,,,,,,,,,,,,0.0,,,,,
핫도그_치즈츄로덕,핫도그,빵 및 과자류,165g,266,,8.48,,,,,,,,,,,,,0.0,,,,,
핫도그_칠리츄로덕,핫도그,빵 및 과자류,165g,265,,8.48,,,,,,,,,,,,,0.0,,,,,
핫도그_치즈덕,핫도그,빵 및 과자류,100g,266,21.21,8.48,,,,,,,,,,,,,0.0,,,,,
핫도그_칠리덕,핫도그,빵 및 과자류,100g,265,22.42,8.48,,,,,,,,,,,,,0.0,,,,,
핫도그_칠리앤치즈 핫도그,핫도그,빵 및 과자류,150g,265,,12.67,,,,,,,,,,,,,0.0,,,,,
핫도그_콘어니언 핫도그,핫도그,빵 및 과자류,140g,269,,12.14,,,,,,,,,,,,,0.0,,,,,
핫도그_뉴욕칠리 핫도그,핫도그,빵 및 과자류,185g,235,,8.65,,,,,,,,,,,,,0.0,,,,,
핫도그_스윗콘에그 핫도그,핫도그,빵 및 과자류,175g,302,,10.86,,,,,,,,,,,,,0.0,,,,,
핫도그_롤핫도그,핫도그,빵 및 과자류,110g,264,,10.0,,,,,,,,,,,,,0.0,,,,,
핫도그_소시지 치즈 롤 핫도그,핫도그,빵 및 과자류,148g,260,,8.24,,,,,,,,,,,,,0.0,,,,,
핫도그_콘 소시지 핫도그,핫도그,빵 및 과자류,145g,274,,8.83,,,,,,,,,,,,,0.0,,,,,
핫도그_오리지널 핫도그 매콤치즈,핫도그,빵 및 과자류,120g,261,,5.83,,,,,,,,,,,,,0.0,,,,,
핫도그_오리지널 핫도그 치즈,핫도그,빵 및 과자류,120g,309,,5.83,,,,,,,,,,,,,0.0,,,,,
핫도그_멕시칸 칠리 핫도그,핫도그,빵 및 과자류,225g,258,28.0,10.22,,,,,,,,,,,,,0.0,,,,,
핫도그_오리지널 핫도그,핫도그,빵 및 과자류,165g,310,34.55,10.3,,,,,,,,,,,,,0.0,,,,,
핫도그_쫄깃한핫도그빵,핫도그,빵 및 과자류,100g,325,,6.0,,,,,,,,,,,,,0.0,,,,,
핫도그_통소시지감자핫도그,핫도그,빵 및 과자류,185g,322,,7.03,,,,,,,,,,,,,0.0,,,,,
핫도그_모짜렐라&소시지반반핫도그,핫도그,빵 및 과자류,80g,294,31.25,11.25,,,,,,,,,,,,,0.0,,,,,
핫도그,핫도그,빵 및 과자류,100g,341,24.95,7.98,29.0,58.0,0.26,,,2.6,,,,,,,1.046,,,0.61,0.0,
핫도그_감자,핫도그,빵 및 과자류,100g,324,20.45,8.31,28.0,118.0,0.07,,,2.9,,,,,,,1.053,,,4.64,0.0,
핫도그_모짜렐라,핫도그,빵 및 과자류,100g,318,27.58,11.78,186.0,89.0,0.04,,,2.8,,,,,,,0.399,,,0.28,0.0,
핫도그_타피오카쫀도그 (2개),핫도그,빵 및 과자류,100g,313,31.43,8.21,,,,,,,,,,,,,0.0,,,,,
핫케이크,핫케이크,빵 및 과자류,222ml,193,30.48,4.7,30.0,66.0,0.46,8.23,0.3,0.9,,,,,0.03,40.0,0.293,13.83,,0.18,0.14,0.3
해물 덮밥,해물 덮밥,밥류,572ml,78,14.15,3.8,7.0,77.0,0.29,13.15,0.49,0.6,,,,,0.09,10.0,0.378,8.39,,1.9,0.53,0.28
해물 된장국,해물 된장국,된장국류,320ml,38,1.94,5.9,26.0,91.0,0.92,22.14,0.56,0.6,,,,,0.16,5.0,0.279,16.52,,0.85,0.57,0.38
해물 된장국,해물 된장국,된장국류,227.5ml,38,1.95,5.9,26.0,92.0,0.92,22.16,0.56,0.6,,,,,0.16,5.0,0.28,16.55,,0.85,0.56,0.38
해물 된장국,해물 된장국,된장국류,227.5ml,36,1.85,5.3,22.0,107.0,1.29,22.87,0.56,0.6,,,,,0.19,8.0,0.619,16.55,,1.23,0.56,0.38
해물 된장국,해물 된장국,된장국류,320ml,38,1.94,5.9,26.0,91.0,0.92,22.14,0.56,0.6,,,,,0.16,5.0,0.279,16.52,,0.85,0.57,0.38
해물 매운탕,해물 매운탕,찌개 및 전골류,650ml,34,1.89,5.7,24.0,143.0,1.13,22.83,0.8,0.7,,,,,0.11,9.0,0.793,26.16,,1.14,0.36,0.61
해물 매운탕,해물 매운탕,찌개 및 전골류,650ml,33,1.82,5.5,25.0,145.0,1.37,22.83,0.8,0.7,,,,,0.12,9.0,0.875,26.16,,1.17,0.37,0.61
해물 스파게티,해물 스파게티,면 및 만두류,700ml,82,12.82,4.8,17.0,150.0,0.89,20.81,0.41,1.1,,,,,0.09,16.0,0.883,15.48,,3.42,0.25,0.69
해물 스파게티,해물 스파게티,면 및 만두류,700ml,82,12.76,4.8,19.0,151.0,1.15,20.75,0.41,1.0,,,,,0.08,18.0,1.088,15.5,,3.8,0.24,0.66
해물 스파게티,해물 스파게티,면 및 만두류,700ml,82,12.76,4.8,19.0,151.0,1.15,20.75,0.41,1.0,,,,,0.08,18.0,1.088,15.5,,3.8,0.24,0.66
해물 완자전,해물 완자전,전·적 및 부침류,75.2ml,206,10.64,15.4,35.0,259.0,1.24,27.65,0.87,1.0,,,,,0.86,69.0,3.17,30.93,,1.91,2.46,1.79
해물 완자전,해물 완자전,전·적 및 부침류,54.7ml,236,20.69,15.4,34.0,250.0,1.22,28.99,0.89,1.5,,,,,0.74,61.0,2.8819999999999997,32.51,,7.68,2.19,1.6
해물 완자전,해물 완자전,전·적 및 부침류,54.7ml,236,20.69,15.4,34.0,250.0,1.22,28.99,0.89,1.5,,,,,0.74,61.0,2.8819999999999997,32.51,,7.68,2.19,1.6
해물 완자전,해물 완자전,전·적 및 부침류,75.2ml,206,10.64,15.4,35.0,259.0,1.24,27.65,0.87,1.0,,,,,0.86,69.0,3.17,30.93,,1.91,2.46,1.79
해물 채소전,해물 채소전,전·적 및 부침류,60ml,195,18.92,10.7,30.0,190.0,1.71,28.32,0.89,1.1,,,,,0.66,30.0,0.894,24.77,,4.08,1.65,1.28
해물볶음,해물볶음,볶음류,400g,105,8.05,9.55,106.0,231.0,0.0,41.86,1.19,2.3,-,614.45,174.43,37.94,,55.0,3.33,27.56,3.24,4.29,,
해물볶음,해물볶음,볶음류,168.7ml,137,9.29,14.7,62.0,285.0,1.43,53.36,1.3,1.1,,,,,0.62,29.0,0.397,18.9,,2.21,2.49,1.18
해물볶음,해물볶음,볶음류,136.3ml,62,3.5,6.8,15.0,194.0,0.79,29.42,0.66,0.6,,,,,0.36,36.0,0.514,17.43,,3.89,1.33,0.52
해물볶음,해물볶음,볶음류,168.7ml,133,9.22,14.1,49.0,301.0,1.3,49.17,1.18,1.2,,,,,0.66,33.0,1.2510000000000001,17.97,,2.74,2.49,1.17
해물전골,해물전골,찌개 및 전골류,500ml,26,1.95,3.2,15.0,89.0,0.43,16.87,0.54,0.6,,,,,0.12,16.0,0.266,12.1,,0.99,0.48,0.3
해물찜,해물찜,찜류,500g,80,7.08,8.52,113.0,225.0,0.0,37.76,0.97,2.1,-,583.52,155.53,33.53,,42.0,3.0620000000000003,24.05,2.95,0.0,,
해물찜_간편조리세트_낙지한마리해물찜,해물찜,찜류,844g,88,7.52,6.63,39.0,208.0,1.3,,,1.9,,,,,,,0.936,,,4.61,0.0,
해물찜_간편조리세트_백합&바지락통찜,해물찜,찜류,771g,49,6.85,3.31,52.0,161.0,1.17,,,1.7,,,,,,,0.362,,,0.26,0.0,
해물칼국수,해물칼국수,면 및 만두류,1100m,77,14.64,3.09,19.0,65.0,0.91,,,0.5,,,,,,4.0,0.5880000000000001,6.04,,0.61,0.04,
해물콩나물찜,해물콩나물찜,찜류,850ml,51,3.83,7.04,33.0,184.0,1.17,,,1.3,,,,,,23.0,1.373,25.57,,0.94,0.55,
해물콩나물찜,해물콩나물찜,찜류,129.2ml,48,4.77,6.3,32.0,184.0,0.9,31.56,1.04,1.2,,,,,0.08,10.0,0.708,30.02,,1.23,0.0,0.49
해물탕,해물탕,찌개 및 전골류,600g,45,2.77,6.63,82.0,157.0,0.0,28.81,1.27,1.0,-,420.37,130.88,31.52,,16.0,3.456,16.2,3.07,0.0,,
해물탕_간편조리세트_바다를 품은 해물탕,해물탕,찌개 및 전골류,1216g,33,2.02,4.11,27.0,134.0,0.55,,,0.9,,,,,,,1.4700000000000002,,,4.84,0.0,
해물파전,해물파전,전·적 및 부침류,153ml,106,10.63,6.0,40.0,118.0,1.2,19.2,1.24,0.5,,,,,0.35,11.0,0.198,16.82,,1.49,0.79,0.57
해물파전,해물파전,전·적 및 부침류,98.2ml,128,12.49,9.3,33.0,223.0,1.11,23.2,0.77,0.9,,,,,0.42,30.0,0.485,31.2,,5.26,1.62,0.86
해물파전,해물파전,전·적 및 부침류,128.6ml,142,13.44,10.4,36.0,245.0,1.24,25.54,0.84,1.0,,,,,0.46,32.0,0.518,31.83,,5.77,1.71,0.97
해물파전_간편조리세트_모둠해물파전,해물파전,전·적 및 부침류,1330g,205,17.29,6.81,29.0,132.0,0.78,,,1.3,,,,,,,0.859,,,0.26,0.0,
해신탕,해신탕,찌개 및 전골류,100g,57,2.03,7.93,28.0,159.0,1.08,,,0.8,,,,,,,0.575,,,1.36,0.0,
해장국_뼈다귀,해장국,국 및 탕류,800g,26,1.06,3.19,10.0,78.0,2.03,8.0,0.46,0.3,2899.64,280.12,50.61,4.09,,3.0,2.4030000000000005,8.84,0.18,0.17,0.0,
해장국_선지,해장국,국 및 탕류,600g,29,1.23,3.86,23.0,30.0,6.83,4.65,0.43,0.4,4385.67,452.59,58.74,8.45,,15.0,1.307,5.58,0.0,2.48,0.0,
해장국_뼈다귀,해장국,국 및 탕류,1000g,71,2.34,7.46,67.0,120.0,0.0,13.14,1.13,1.7,-,492.19,130.41,0.01,,16.0,0.838,9.17,0.05,1.99,,
해장국_선지,해장국,국 및 탕류,1000g,31,1.67,4.93,21.0,64.0,0.01,9.2,0.3,1.0,-,446.89,48.52,0.01,,7.0,0.267,7.29,0.07,1.0,,
해장국_우거지,해장국,국 및 탕류,600g,26,2.25,1.98,33.0,94.0,0.0,11.45,0.27,1.4,-,120.62,21.46,4.75,,24.0,0.46799999999999997,9.47,0.38,0.0,,
해초무침,해초무침,채소무침류,100g,39,8.52,0.95,54.0,39.0,0.39,13.67,0.11,4.3,1085.96,66.08,22.69,12.8,,2.0,0.5700000000000001,1.36,0.55,0.42,0.0,
해파리냉채,해파리냉채,무침류,85ml,31,5.64,1.5,33.0,67.0,0.18,9.26,0.14,0.8,,,,,0.02,11.0,0.20900000000000002,6.75,,2.27,0.0,0.07
해파리냉채,해파리냉채,무침류,51.6ml,49,8.52,2.5,64.0,82.0,0.39,19.49,0.24,1.2,,,,,0.05,1.0,0.23600000000000002,6.2,,2.77,0.0,0.06
해파리냉채,해파리냉채,무침류,85ml,31,5.64,1.5,33.0,67.0,0.18,9.26,0.14,0.8,,,,,0.02,11.0,0.20900000000000002,6.75,,2.27,0.0,0.07
샌드위치_더블햄모짜렐라 샌드위치,햄/베이컨 샌드위치,빵 및 과자류,210g,192,,7.14,,,,,,,,,,,,,0.0,,,,,
샌드위치_햄&에그 로메인 샌드위치,햄/베이컨 샌드위치,빵 및 과자류,264g,203,,9.85,,,,,,,,,,,,,0.0,,,,,
샌드위치_BLT 샌드위치,햄/베이컨 샌드위치,빵 및 과자류,309g,243,,8.0,,,,,,,,,,,,,0.0,,,,,
샌드위치_BELT 샌드위치,햄/베이컨 샌드위치,빵 및 과자류,236g,176,,5.93,,,,,,,,,,,,,0.0,,,,,
샌드위치_살라미에멘탈 샌드위치,햄/베이컨 샌드위치,빵 및 과자류,180g,208,25.1,7.7,,,,,,,,,,,,,0.0,,,,,
샌드위치_햄치즈잉글리시 머핀,햄/베이컨 샌드위치,빵 및 과자류,110g,314,43.08,12.12,,,,,,,,,,,,,0.0,,,,,
샌드위치_B.E.L.T. 샌드위치,햄/베이컨 샌드위치,빵 및 과자류,235g,191,,8.09,,,,,,,,,,,,,0.0,,,,,
샌드위치_무화과 햄 바게트 샌드위치,햄/베이컨 샌드위치,빵 및 과자류,140g,293,,7.86,,,,,,,,,,,,,0.0,,,,,
샌드위치_브렉퍼스트 잉글리쉬 머핀,햄/베이컨 샌드위치,빵 및 과자류,150g,260,,12.0,,,,,,,,,,,,,0.0,,,,,
샌드위치_플랜트 햄&루꼴라 샌드위치,햄/베이컨 샌드위치,빵 및 과자류,180g,178,,5.56,,,,,,,,,,,,,0.0,,,,,
샌드위치_햄&루꼴라 올리브 샌드위치,햄/베이컨 샌드위치,빵 및 과자류,190g,197,,10.53,,,,,,,,,,,,,0.0,,,,,
샌드위치_햄&에그 반미 샌드위치,햄/베이컨 샌드위치,빵 및 과자류,269g,164,21.93,7.81,,,,,,,,,,,,,0.0,,,,,
샌드위치_훈제베이컨에그 반미 샌드위치,햄/베이컨 샌드위치,빵 및 과자류,262g,218,22.14,11.07,,,,,,,,,,,,,0.0,,,,,
샌드위치_에그 베이컨 과카몰리 샌드위치,햄/베이컨 샌드위치,빵 및 과자류,180g,261,,9.44,,,,,,,,,,,,,0.0,,,,,
샌드위치_햄앤치즈 샌드위치,햄/베이컨 샌드위치,빵 및 과자류,80g,269,,7.5,,,,,,,,,,,,,0.0,,,,,
샌드위치_잠봉뵈르 샌드위치,햄/베이컨 샌드위치,빵 및 과자류,155g,290,,15.48,,,,,,,,,,,,,0.0,,,,,
샌드위치_페퍼로니 머쉬룸 깜빠뉴,햄/베이컨 샌드위치,빵 및 과자류,180g,303,,16.11,,,,,,,,,,,,,0.0,,,,,
샌드위치_햄치즈 샌드위치,햄/베이컨 샌드위치,빵 및 과자류,77g,378,,12.08,,,,,,,,,,,,,0.0,,,,,
샌드위치_잠봉뵈르 샌드위치,햄/베이컨 샌드위치,빵 및 과자류,181g,418,,8.84,,,,,,,,,,,,,0.0,,,,,
샌드위치_햄 에그 번 샌드위치,햄/베이컨 샌드위치,빵 및 과자류,218g,285,,7.84,,,,,,,,,,,,,0.0,,,,,
샌드위치_햄치즈 잉글리쉬머핀 샌드위치,햄/베이컨 샌드위치,빵 및 과자류,120g,259,,11.67,,,,,,,,,,,,,0.0,,,,,
샌드위치_대만식 샌드위치 햄치즈,햄/베이컨 샌드위치,빵 및 과자류,77g,234,,11.69,,,,,,,,,,,,,0.0,,,,,
샌드위치_햄에그 치아바타,햄/베이컨 샌드위치,빵 및 과자류,155g,266,,12.9,,,,,,,,,,,,,0.0,,,,,
샌드위치_여봉 잠봉뵈르 먹어 크로와상 샌드위치,햄/베이컨 샌드위치,빵 및 과자류,100g,367,22.0,13.0,,,,,,,,,,,,,0.0,,,,,
샌드위치_햄치토 크로와상 샌드위치,햄/베이컨 샌드위치,빵 및 과자류,230g,137,12.61,3.48,,,,,,,,,,,,,0.0,,,,,
샌드위치_B.L.T 샌드위치,햄/베이컨 샌드위치,빵 및 과자류,241g,225,30.29,8.3,,,,,,,,,,,,,0.0,,,,,
샌드위치_햄치즈 샌드위치,햄/베이컨 샌드위치,빵 및 과자류,254g,185,27.56,5.51,,,,,,,,,,,,,0.0,,,,,
샌드위치_B.E.L.T. 샌드위치,햄/베이컨 샌드위치,빵 및 과자류,264g,222,25.38,7.95,,,,,,,,,,,,,0.0,,,,,
샌드위치_페스토햄치즈 파니니,햄/베이컨 샌드위치,빵 및 과자류,186g,269,,11.29,,,,,,,,,,,,,0.0,,,,,
샌드위치_BLT 샌드위치,햄/베이컨 샌드위치,빵 및 과자류,210g,179,,7.62,,,,,,,,,,,,,0.0,,,,,
샌드위치_잠봉 멀티그레인 파니니,햄/베이컨 샌드위치,빵 및 과자류,200g,248,,8.0,,,,,,,,,,,,,0.0,,,,,
샌드위치_BELT 클럽 샌드위치,햄/베이컨 샌드위치,빵 및 과자류,190g,232,,9.47,,,,,,,,,,,,,0.0,,,,,
샌드위치_올리브 베이컨 치아바타 샌드위치,햄/베이컨 샌드위치,빵 및 과자류,198g,283,,12.63,,,,,,,,,,,,,0.0,,,,,
샌드위치_페스토 햄 모짜렐라 샌드위치,햄/베이컨 샌드위치,빵 및 과자류,185g,243,,13.51,,,,,,,,,,,,,0.0,,,,,
샌드위치_햄_달걀,햄/베이컨 샌드위치,빵 및 과자류,200g,220,15.64,12.44,80.0,189.0,0.55,19.91,1.19,1.7,10778.85,897.96,227.86,23.89,,49.0,6.175000000000001,38.78,0.82,1.6,0.0,
샌드위치_햄_치즈,햄/베이컨 샌드위치,빵 및 과자류,100g,284,26.95,8.57,75.0,92.0,0.49,,,0.8,,,,,,,0.8300000000000001,,,1.77,0.0,
샌드위치_햄_치즈_채소,햄/베이컨 샌드위치,빵 및 과자류,100g,214,21.55,8.66,78.0,187.0,0.56,,,5.5,,,,,,37.0,1.782,,,7.31,0.0,
햄구이,햄구이,육류 및 채소구이류,61.3ml,148,1.95,20.2,8.0,274.0,0.35,21.53,1.12,0.0,,,,,0.24,1.0,5.648,1.96,,27.49,0.0,0.67
햄구이,햄구이,육류 및 채소구이류,22.6ml,154,2.19,22.9,9.0,310.0,0.4,24.34,1.26,0.0,,,,,0.18,1.0,6.383,2.21,,31.07,0.0,0.61
햄구이,햄구이,육류 및 채소구이류,22.6ml,260,3.34,17.8,29.0,375.0,0.7,29.87,1.34,0.0,,,,,0.32,8.0,3.9,3.32,,43.94,0.0,0.53
햄구이,햄구이,육류 및 채소구이류,61.3ml,148,1.95,20.2,8.0,274.0,0.35,21.53,1.12,0.0,,,,,0.24,1.0,5.648,1.96,,27.49,0.0,0.67
햄버거,햄버거,빵 및 과자류,200g,264,21.67,12.85,16.0,203.0,1.36,18.73,1.87,2.8,12600.61,942.62,261.38,12.55,,9.0,3.44,16.53,0.4,0.0,0.0,
햄버거_불고기버거,햄버거,빵 및 과자류,200g,250,22.68,13.88,15.0,206.0,1.24,19.58,1.76,3.6,11103.3,931.2,230.93,11.03,,7.0,2.025,15.11,0.27,0.0,0.0,
햄버거,햄버거,빵 및 과자류,100g,225,15.64,11.04,109.0,232.0,2.52,,,1.7,,,,,,,1.2149999999999999,,,0.0,0.0,
햄버거_소고기패티,햄버거,빵 및 과자류,100g,271,35.76,11.94,30.0,234.0,1.19,,,,,,,,,27.0,1.834,,,0.53,0.0,
햄버거_소고기패티_토마토_양상추,햄버거,빵 및 과자류,100g,229,18.01,9.55,16.0,174.0,1.09,,,7.2,,,,,,5.0,2.054,,,0.8,0.0,
햄버거_치즈,햄버거,빵 및 과자류,100g,284,21.51,15.07,90.0,248.0,1.29,,,1.1,,,,,,,5.461,,,0.34,0.0,
햄버거_돼지고기,햄버거,빵 및 과자류,210ml,204,19.35,9.1,17.0,154.0,0.7,14.74,1.14,1.6,,,,,0.26,10.0,1.584,15.62,,1.7,0.06,0.71
햄버거_치킨,햄버거,빵 및 과자류,366ml,123,13.92,7.5,12.0,110.0,0.56,15.78,0.67,3.6,,,,,0.03,14.0,0.992,12.08,,0.41,0.0,0.25
햄버거,햄버거,빵 및 과자류,210ml,229,19.35,8.0,18.0,136.0,0.96,13.6,1.56,1.6,,,,,0.26,14.0,1.3239999999999998,15.76,,1.71,0.02,0.69
햄버거_치킨,햄버거,빵 및 과자류,366ml,123,13.92,7.5,12.0,110.0,0.56,15.78,0.67,3.6,,,,,0.03,14.0,0.992,12.08,,0.41,0.0,0.25
햄버거,햄버거,빵 및 과자류,210ml,229,19.35,8.0,18.0,136.0,0.96,13.6,1.56,1.6,,,,,0.26,14.0,1.3239999999999998,15.76,,1.71,0.02,0.69
햄버거_돼지고기,햄버거,빵 및 과자류,210ml,204,19.35,9.1,17.0,154.0,0.7,14.74,1.14,1.6,,,,,0.26,10.0,1.584,15.62,,1.7,0.06,0.71
햄버거_치킨,햄버거,빵 및 과자류,366ml,123,13.92,7.5,12.0,110.0,0.56,15.78,0.67,3.6,,,,,0.03,14.0,0.992,12.08,,0.41,0.0,0.25
햄볶음_채소,햄볶음,볶음류,220g,183,9.6,10.47,34.0,227.0,0.97,14.69,0.99,1.8,10712.74,820.64,226.7,13.43,,22.0,0.756,46.36,0.21,11.22,0.0,
햄부침,햄부침,전·적 및 부침류,100g,244,11.3,11.3,33.0,178.0,0.0,15.93,1.05,1.6,-,929.27,276.2,22.54,,28.0,1.05,22.8,,5.46,,
햄부침,햄부침,전·적 및 부침류,80.5ml,221,15.58,15.4,19.0,194.0,0.81,18.78,0.95,0.5,,,,,0.45,31.0,3.084,18.09,,13.99,0.26,1.22
햄부침,햄부침,전·적 및 부침류,56.9ml,160,8.23,12.2,14.0,156.0,0.54,13.97,0.75,0.2,,,,,0.38,24.0,2.7009999999999996,16.61,,12.36,0.32,0.93
햄부침,햄부침,전·적 및 부침류,70ml,237,7.93,19.6,18.0,260.0,0.89,20.81,1.38,0.1,,,,,0.46,28.0,4.42,16.33,,23.56,0.5,1.15
햄부침,햄부침,전·적 및 부침류,80.5ml,221,15.58,15.4,19.0,194.0,0.81,18.78,0.95,0.5,,,,,0.45,31.0,3.084,18.09,,13.99,0.26,1.22
햄샌드위치,햄샌드위치,빵 및 과자류,207ml,185,18.69,5.3,19.0,100.0,0.6,10.49,0.39,1.8,,,,,0.4,40.0,1.352,14.01,,3.78,0.0,0.93
햄샌드위치_치즈,햄샌드위치,빵 및 과자류,180.8ml,252,26.33,8.3,81.0,111.0,0.42,15.85,0.69,1.9,,,,,0.34,25.0,1.481,22.67,,5.33,0.0,0.92
햄샌드위치_치즈,햄샌드위치,빵 및 과자류,180.8ml,252,26.33,8.3,81.0,111.0,0.42,15.85,0.69,1.9,,,,,0.34,25.0,1.481,22.67,,5.33,0.0,0.92
햄샌드위치,햄샌드위치,빵 및 과자류,168ml,192,19.19,5.4,17.0,104.0,0.34,11.73,0.39,1.6,,,,,0.34,18.0,1.22,14.4,,6.56,0.0,0.79
햄샐러드,햄샐러드,샐러드류,158.3ml,149,16.65,4.4,25.0,212.0,0.42,16.29,0.47,1.7,,,,,0.35,2.0,1.04,11.84,,9.46,0.0,0.63
햄샐러드,햄샐러드,샐러드류,80.6ml,107,13.49,3.6,15.0,167.0,0.39,12.9,0.37,1.2,,,,,0.3,2.0,1.33,9.11,,8.4,0.0,0.52
햄샐러드,햄샐러드,샐러드류,80.6ml,107,13.49,3.6,15.0,167.0,0.39,12.9,0.37,1.2,,,,,0.3,2.0,1.33,9.11,,8.4,0.0,0.52
햄샐러드,햄샐러드,샐러드류,158.3ml,136,17.04,4.5,19.0,211.0,0.5,16.29,0.47,1.6,,,,,0.38,2.0,1.68,11.5,,10.6,0.0,0.67
햄전,햄전,전·적 및 부침류,56.9ml,200,8.23,10.2,21.0,181.0,0.68,16.17,0.78,0.2,,,,,0.43,24.0,1.676,12.65,,17.47,0.18,0.92
햄전,햄전,전·적 및 부침류,70ml,241,8.44,19.54,19.0,261.0,0.87,,,0.1,,,,,,31.0,4.463,21.22,,23.56,0.65,
햄채소볶음,햄채소볶음,볶음류,210ml,67,3.82,6.3,10.0,148.0,0.24,10.99,0.42,0.8,,,,,0.13,14.0,1.808,7.38,,11.23,0.02,0.39
햄채소볶음,햄채소볶음,볶음류,34.9ml,296,14.04,11.6,38.0,524.0,0.81,32.58,1.04,2.9,,,,,0.91,61.0,3.5780000000000003,28.8,,30.43,0.0,1.63
햄채소볶음,햄채소볶음,볶음류,34.9ml,296,14.04,11.6,38.0,524.0,0.81,32.58,1.04,2.9,,,,,0.91,61.0,3.5780000000000003,28.8,,30.43,0.0,1.63
햄채소볶음,햄채소볶음,볶음류,210ml,68,3.82,6.3,10.0,148.0,0.24,,,0.8,,,,,,14.0,1.8090000000000002,7.38,,11.23,0.02,
허니브레드_허니브레드,허니브레드,빵 및 과자류,150g,491,,6.67,,,,,,,,,,,,,0.0,,,,,
허니브레드_갈릭치즈 허니브레드,허니브레드,빵 및 과자류,260g,323,,12.31,,,,,,,,,,,,,0.0,,,,,
허니브레드_메이플 허니브레드,허니브레드,빵 및 과자류,280g,327,,6.07,,,,,,,,,,,,,0.0,,,,,
허니브레드_허니브레드,허니브레드,빵 및 과자류,249g,322,,6.14,,,,,,,,,,,,,0.0,,,,,
허니브레드_스모크드 소시지 브레드,허니브레드,빵 및 과자류,170g,306,,8.24,,,,,,,,,,,,,0.0,,,,,
허니브레드_생크림 딸기 브래드,허니브레드,빵 및 과자류,389g,191,,2.83,,,,,,,,,,,,,0.0,,,,,
허니브레드_생크림 망고 브래드,허니브레드,빵 및 과자류,360g,225,,3.06,,,,,,,,,,,,,0.0,,,,,
허니브레드_허니브래드,허니브레드,빵 및 과자류,279g,308,,6.09,,,,,,,,,,,,,0.0,,,,,
허니브레드_갈릭 치즈 브레드,허니브레드,빵 및 과자류,250g,273,,7.2,,,,,,,,,,,,,0.0,,,,,
허니브레드_메이플 넛 브레드,허니브레드,빵 및 과자류,245g,336,,7.14,,,,,,,,,,,,,0.0,,,,,
허니브레드_허니 카라멜 브레드,허니브레드,빵 및 과자류,229g,318,,6.11,,,,,,,,,,,,,0.0,,,,,
허니브레드_허니브레드,허니브레드,빵 및 과자류,190g,307,,5.26,,,,,,,,,,,,,0.0,,,,,
허니브레드_젤라또 브레드,허니브레드,빵 및 과자류,345g,257,,6.96,,,,,,,,,,,,,0.0,,,,,
허니브레드_허니브레드,허니브레드,빵 및 과자류,245g,324,,8.12,,,,,,,,,,,,,0.0,,,,,
허니브레드_허니브레드,허니브레드,빵 및 과자류,272g,300,,4.04,,,,,,,,,,,,,0.0,,,,,
허니브레드_카라멜 시나몬 브레드,허니브레드,빵 및 과자류,203g,299,,6.4,,,,,,,,,,,,,0.0,,,,,
허니브레드_허니브레드볼,허니브레드,빵 및 과자류,238g,340,,5.92,,,,,,,,,,,,,0.0,,,,,
허니브레드_허니초코브레드,허니브레드,빵 및 과자류,232g,310,,4.44,,,,,,,,,,,,,0.0,,,,,
허니브레드_허니카라멜브레드,허니브레드,빵 및 과자류,232g,312,,4.4,,,,,,,,,,,,,0.0,,,,,
허니브레드_갈릭치즈브레드,허니브레드,빵 및 과자류,238g,369,,11.01,,,,,,,,,,,,,0.0,,,,,
허니브레드_리치골드브레드,허니브레드,빵 및 과자류,409g,309,,12.96,,,,,,,,,,,,,0.0,,,,,
허니브레드_시나몬 멜츠 브레드,허니브레드,빵 및 과자류,110g,443,,7.27,,,,,,,,,,,,,0.0,,,,,
허니브레드_카라멜브레드,허니브레드,빵 및 과자류,258g,381,,6.63,,,,,,,,,,,,,0.0,,,,,
허니브레드_피넛버터브레드,허니브레드,빵 및 과자류,297g,354,,10.98,,,,,,,,,,,,,0.0,,,,,
허니브레드_갈릭&치즈 브레드,허니브레드,빵 및 과자류,176g,392,,6.88,,,,,,,,,,,,,0.0,,,,,
허니브레드_미니 허니브레드 초코,허니브레드,빵 및 과자류,157g,320,,5.92,,,,,,,,,,,,,0.0,,,,,
허니브레드_미니 허니브레드 카라멜,허니브레드,빵 및 과자류,157g,324,,6.5,,,,,,,,,,,,,0.0,,,,,
허니브레드_미니 허니브레드 플레인,허니브레드,빵 및 과자류,147g,330,,7.69,,,,,,,,,,,,,0.0,,,,,
허니브레드_토피넛 브레드,허니브레드,빵 및 과자류,279g,217,,4.01,,,,,,,,,,,,,0.0,,,,,
허니브레드_갈릭버터 브레드,허니브레드,빵 및 과자류,190g,408,,8.42,,,,,,,,,,,,,0.0,,,,,
허니브레드_갈릭부기 브레드,허니브레드,빵 및 과자류,170g,214,,9.41,,,,,,,,,,,,,0.0,,,,,
허니브레드_살사부기 브레드,허니브레드,빵 및 과자류,170g,214,,9.41,,,,,,,,,,,,,0.0,,,,,
허니브레드_허니버터 브레드,허니브레드,빵 및 과자류,190g,416,,8.42,,,,,,,,,,,,,0.0,,,,,
허니브레드_갈릭 버터 브레드,허니브레드,빵 및 과자류,192g,365,53.13,10.42,,,,,,,,,,,,,0.0,,,,,
허니브레드_허니 넛트 브레드,허니브레드,빵 및 과자류,228g,433,37.72,7.02,,,,,,,,,,,,,0.0,,,,,
허니브레드_허니 버터 브레드,허니브레드,빵 및 과자류,270g,404,51.48,8.15,,,,,,,,,,,,,0.0,,,,,
허니브레드_베리 브레드,허니브레드,빵 및 과자류,460g,202,,2.83,,,,,,,,,,,,,0.0,,,,,
허니브레드_생딸기 크림 브레드,허니브레드,빵 및 과자류,420g,218,,3.81,,,,,,,,,,,,,0.0,,,,,
허니브레드_허니브레드,허니브레드,빵 및 과자류,285g,284,,3.86,,,,,,,,,,,,,0.0,,,,,
허니브레드_무화과브레드&이즈니버터,허니브레드,빵 및 과자류,165g,239,,7.88,,,,,,,,,,,,,0.0,,,,,
허니브레드_올리브치즈브레드,허니브레드,빵 및 과자류,135g,433,,19.26,,,,,,,,,,,,,0.0,,,,,
허니브레드_긴 밤 브레드,허니브레드,빵 및 과자류,108g,259,,7.41,,,,,,,,,,,,,0.0,,,,,
허니브레드_애플 시나몬 허니 브레드,허니브레드,빵 및 과자류,240g,305,,4.0,,,,,,,,,,,,,0.0,,,,,
허니브레드_허니 브레드+생크림,허니브레드,빵 및 과자류,210g,310,,4.29,,,,,,,,,,,,,0.0,,,,,
허니브레드_허니 브레드+젤라또,허니브레드,빵 및 과자류,260g,290,,4.0,,,,,,,,,,,,,0.0,,,,,
허브차_캐모마일 아이스,허브차,음료 및 차류,710g,0,,0.01,,,,,,,,,,,,,0.0,,,,,
허브차_캐모마일 핫,허브차,음료 및 차류,591g,0,,0.0,,,,,,,,,,,,,0.0,,,,,
허브차_페퍼민트 아이스,허브차,음료 및 차류,710g,0,,0.01,,,,,,,,,,,,,0.0,,,,,
허브차_페퍼민트 핫,허브차,음료 및 차류,591g,0,,0.0,,,,,,,,,,,,,0.0,,,,,
허브차_캐모마일 아이스,허브차,음료 및 차류,650g,0,0.0,0.01,,,,,,,,,,,,,0.0,,,,,
허브차_캐모마일 핫,허브차,음료 및 차류,500g,0,0.0,0.01,,,,,,,,,,,,,0.0,,,,,
허브차_페퍼민트 아이스,허브차,음료 및 차류,650g,0,0.01,0.0,,,,,,,,,,,,,0.0,,,,,
허브차_페퍼민트 핫,허브차,음료 및 차류,500g,0,0.02,0.01,,,,,,,,,,,,,0.0,,,,,
허브차_히비스커스 아이스,허브차,음료 및 차류,650g,0,0.06,0.01,,,,,,,,,,,,,0.0,,,,,
허브차_히비스커스 핫,허브차,음료 및 차류,500g,0,0.07,0.01,,,,,,,,,,,,,0.0,,,,,
허브차_루이보스 아이스,허브차,음료 및 차류,420g,2,,0.0,,,,,,,,,,,,,0.0,,,,,
허브차_루이보스 핫,허브차,음료 및 차류,300g,2,,0.0,,,,,,,,,,,,,0.0,,,,,
허브차_쿨 허벌티 아이스,허브차,음료 및 차류,473g,0,,0.0,,,,,,,,,,,,,0.0,,,,,
허브차_쿨 허벌티 핫,허브차,음료 및 차류,473g,0,,0.0,,,,,,,,,,,,,0.0,,,,,
허브차_페퍼민트티 아이스,허브차,음료 및 차류,650g,0,,0.03,,,,,,,,,,,,,0.0,,,,,
허브차_페퍼민트티 핫,허브차,음료 및 차류,400g,0,,0.05,,,,,,,,,,,,,0.0,,,,,
허브차_민트 블렌드티 아이스(ICED),허브차,음료 및 차류,355g,0,,0.0,,,,,,,,,,,,,0.0,,,,,
허브차_민트 블렌드티 핫(HOT),허브차,음료 및 차류,355g,0,,0.0,,,,,,,,,,,,,0.0,,,,,
허브차_캐모마일 블렌드티 아이스(ICED),허브차,음료 및 차류,355g,0,,0.0,,,,,,,,,,,,,0.0,,,,,
허브차_캐모마일 블렌드티 핫(HOT),허브차,음료 및 차류,355g,0,,0.0,,,,,,,,,,,,,0.0,,,,,
허브차_히비스커스 블렌드티 아이스(ICED),허브차,음료 및 차류,355g,0,,0.0,,,,,,,,,,,,,0.0,,,,,
허브차_히비스커스 블렌드티 핫(HOT),허브차,음료 및 차류,355g,0,,0.0,,,,,,,,,,,,,0.0,,,,,
허브차_루이보스 레몬,허브차,음료 및 차류,360g,1,,0.0,,,,,,,,,,,,,0.0,,,,,
허브차_캐모마일,허브차,음료 및 차류,360g,0,,0.0,,,,,,,,,,,,,0.0,,,,,
허브차_페퍼민트,허브차,음료 및 차류,360g,0,,0.0,,,,,,,,,,,,,0.0,,,,,
허브차_그린루이보스 아이스,허브차,음료 및 차류,414g,2,,0.0,,,,,,,,,,,,,0.0,,,,,
허브차_그린루이보스 핫,허브차,음료 및 차류,414g,2,,0.0,,,,,,,,,,,,,0.0,,,,,
허브차_샤인히비스커스 아이스,허브차,음료 및 차류,414g,1,,0.0,,,,,,,,,,,,,0.0,,,,,
허브차_샤인히비스커스 핫,허브차,음료 및 차류,414g,1,,0.0,,,,,,,,,,,,,0.0,,,,,
허브차_스프링캐모마일 아이스,허브차,음료 및 차류,414g,2,,0.0,,,,,,,,,,,,,0.0,,,,,
허브차_스프링캐모마일 핫,허브차,음료 및 차류,414g,2,,0.0,,,,,,,,,,,,,0.0,,,,,
허브차_퓨어페퍼민트 아이스,허브차,음료 및 차류,414g,1,,0.0,,,,,,,,,,,,,0.0,,,,,
허브차_퓨어페퍼민트 핫,허브차,음료 및 차류,414g,1,,0.0,,,,,,,,,,,,,0.0,,,,,
허브차_감잎차 아이스,허브차,음료 및 차류,450g,0,,0.04,,,,,,,,,,,,,0.0,,,,,
허브차_감잎차 핫,허브차,음료 및 차류,450g,0,,0.04,,,,,,,,,,,,,0.0,,,,,
허브차_국화차 아이스,허브차,음료 및 차류,450g,1,,0.0,,,,,,,,,,,,,0.0,,,,,
허브차_국화차 핫,허브차,음료 및 차류,450g,1,,0.0,,,,,,,,,,,,,0.0,,,,,
허브차_레몬 사과 블렌드티 아이스,허브차,음료 및 차류,450g,1,,0.07,,,,,,,,,,,,,0.0,,,,,
허브차_레몬 사과 블렌드티 핫,허브차,음료 및 차류,450g,1,,0.07,,,,,,,,,,,,,0.0,,,,,
허브차_캐모마일티 아이스,허브차,음료 및 차류,450g,1,,0.22,,,,,,,,,,,,,0.0,,,,,
허브차_캐모마일티 핫,허브차,음료 및 차류,450g,1,,0.22,,,,,,,,,,,,,0.0,,,,,
허브차_페퍼민트티 아이스,허브차,음료 및 차류,450g,0,,0.04,,,,,,,,,,,,,0.0,,,,,
허브차_페퍼민트티 핫,허브차,음료 및 차류,450g,0,,0.04,,,,,,,,,,,,,0.0,,,,,
허브차_히비스커스 블렌드티 아이스,허브차,음료 및 차류,450g,1,,0.07,,,,,,,,,,,,,0.0,,,,,
허브차_히비스커스 블렌드티 핫,허브차,음료 및 차류,450g,1,,0.07,,,,,,,,,,,,,0.0,,,,,
허브차_캐모마일 아이스,허브차,음료 및 차류,400g,3,,0.1,,,,,,,,,,,,,0.0,,,,,
허브차_캐모마일 핫,허브차,음료 및 차류,340g,2,,0.06,,,,,,,,,,,,,0.0,,,,,
허브차_페퍼민트 아이스,허브차,음료 및 차류,400g,3,,0.1,,,,,,,,,,,,,0.0,,,,,
허브차_페퍼민트 핫,허브차,음료 및 차류,340g,2,,0.06,,,,,,,,,,,,,0.0,,,,,
허브차_히비스커스 아이스,허브차,음료 및 차류,400g,2,,0.03,,,,,,,,,,,,,0.0,,,,,
허브차_히비스커스 핫,허브차,음료 및 차류,340g,3,,0.03,,,,,,,,,,,,,0.0,,,,,
허브차_민트 아이스,허브차,음료 및 차류,473g,0,,0.0,,,,,,,,,,,,,0.0,,,,,
허브차_민트 핫,허브차,음료 및 차류,473g,0,,0.0,,,,,,,,,,,,,0.0,,,,,
허브차_카모마일 아이스,허브차,음료 및 차류,473g,2,,0.21,,,,,,,,,,,,,0.0,,,,,
허브차_카모마일 핫,허브차,음료 및 차류,473g,0,,0.0,,,,,,,,,,,,,0.0,,,,,
허브차_민트크루 아이스,허브차,음료 및 차류,450g,0,,0.0,,,,,,,,,,,,,0.0,,,,,
허브차_민트크루 핫,허브차,음료 및 차류,350g,0,,0.0,,,,,,,,,,,,,0.0,,,,,
허브차_오렌지 보스 아이스,허브차,음료 및 차류,450g,0,,0.0,,,,,,,,,,,,,0.0,,,,,
허브차_오렌지 보스 핫,허브차,음료 및 차류,350g,0,,0.0,,,,,,,,,,,,,0.0,,,,,
허브차_커즈마인 아이스,허브차,음료 및 차류,450g,0,,0.0,,,,,,,,,,,,,0.0,,,,,
허브차_커즈마인 핫,허브차,음료 및 차류,350g,0,,0.0,,,,,,,,,,,,,0.0,,,,,
현미밥,현미밥,밥류,230g,172,38.9,3.1,5.0,41.0,0.21,20.97,0.87,2.0,2622.02,265.4,14.16,1.36,,0.0,0.696,17.6,0.0,0.8,0.0,
현미밥,현미밥,밥류,300ml,120,25.75,2.3,2.0,35.0,0.12,12.73,0.61,0.7,,,,,0.0,0.0,0.441,5.5,,0.0,0.0,0.17
현미밥,현미밥,밥류,190ml,120,25.87,2.3,2.0,35.0,0.15,13.6,0.62,0.7,,,,,0.0,0.0,0.465,5.55,,0.0,0.0,0.17
현미밥_쌀,현미밥,밥류,190ml,120,26.21,2.18,2.0,59.0,0.49,,,0.5,,,,,,0.0,0.584,5.39,,0.0,0.0,
현미밥,현미밥,밥류,290ml,118,25.4,2.2,2.0,32.0,0.12,11.75,0.61,0.6,,,,,0.0,0.0,0.431,5.31,,0.0,0.0,0.15
현미밥_쌀,현미밥,밥류,290ml,118,25.73,2.12,2.0,57.0,0.46,,,0.4,,,,,,0.0,0.53,4.87,,0.0,0.0,
현미밥,현미밥,밥류,370ml,121,25.91,2.3,2.0,35.0,0.11,12.76,0.62,0.7,,,,,0.0,0.0,0.44,5.57,,0.0,0.0,0.16
현미밥_쌀,현미밥,밥류,370ml,120,26.15,2.15,2.0,58.0,0.44,,,0.5,,,,,,0.0,0.595,4.86,,0.0,0.0,
현미죽,현미죽,죽 및 스프류,100g,64,15.2,1.2,3.0,41.0,0.2,,,0.6,,,,,,0.0,1.28,,,0.0,0.0,
호떡_쫀득고구마호떡 (3개입),호떡,빵 및 과자류,147g,306,,2.72,,,,,,,,,,,,,0.0,,,,,
호떡_꿀호떡,호떡,빵 및 과자류,70g,250,,7.14,,,,,,,,,,,,,0.0,,,,,
호떡_아이스크림 호떡,호떡,빵 및 과자류,285g,183,,4.91,,,,,,,,,,,,,0.0,,,,,
호떡_흑당가득품은호떡,호떡,빵 및 과자류,105g,324,,8.57,,,,,,,,,,,,,0.0,,,,,
호떡_쫀득흑당호떡,호떡,빵 및 과자류,110g,377,51.82,5.45,,,,,,,,,,,,,0.0,,,,,
호떡_견과류,호떡,빵 및 과자류,150g,314,57.12,5.41,14.0,33.0,0.38,11.66,1.08,2.1,5020.71,387.68,42.37,2.01,,0.0,0.973,21.5,0.0,0.0,0.0,
호떡,호떡,빵 및 과자류,104ml,147,20.14,2.7,5.0,46.0,0.28,9.17,0.17,0.9,,,,,0.06,0.0,0.476,24.19,,0.04,0.01,0.3
호떡,호떡,빵 및 과자류,104ml,147,20.14,2.7,5.0,46.0,0.28,9.17,0.17,0.9,,,,,0.06,0.0,0.476,24.19,,0.04,0.01,0.3
호떡,호떡,빵 및 과자류,104ml,147,20.14,2.7,5.0,46.0,0.28,9.17,0.17,0.9,,,,,0.06,0.0,0.476,24.19,,0.04,0.01,0.3
호떡,호떡,빵 및 과자류,104ml,147,20.14,2.7,5.0,46.0,0.28,9.17,0.17,0.9,,,,,0.06,0.0,0.476,24.19,,0.04,0.01,0.3
호밀빵_무화과 통밀 로프,호밀빵,빵 및 과자류,220g,273,,5.91,,,,,,,,,,,,,0.0,,,,,
호밀빵_행복드림,호밀빵,빵 및 과자류,330g,226,,4.85,,,,,,,,,,,,,0.0,,,,,
호밀빵_호두호밀브레드,호밀빵,빵 및 과자류,240g,295,,9.0,,,,,,,,,,,,,0.0,,,,,
호밀빵_멀티그레인 호밀브레드,호밀빵,빵 및 과자류,150g,263,37.33,8.0,,,,,,,,,,,,,0.0,,,,,
호박 된장국,호박 된장국,된장국류,170ml,17,2.17,1.2,11.0,70.0,0.27,9.09,0.18,0.8,,,,,0.04,6.0,0.199,9.44,,1.43,0.0,0.11
호박 된장국,호박 된장국,된장국류,170ml,17,2.17,1.2,11.0,70.0,0.27,9.09,0.18,0.8,,,,,0.04,6.0,0.199,9.44,,1.43,0.0,0.11
호박 된장국,호박 된장국,된장국류,170ml,17,2.17,1.2,11.0,70.0,0.27,9.09,0.18,0.8,,,,,0.04,6.0,0.199,9.44,,1.43,0.0,0.11
호박 된장국,호박 된장국,된장국류,170ml,17,2.17,1.2,11.0,70.0,0.27,9.09,0.18,0.8,,,,,0.04,6.0,0.199,9.44,,1.43,0.0,0.11
호박고지볶음,호박고지볶음,볶음류,120ml,104,20.28,2.4,60.0,548.0,0.62,29.4,0.52,3.9,,,,,0.04,123.0,0.672,27.86,,4.72,0.0,0.68
호박나물,호박나물,나물·숙채류,55ml,38,3.16,0.7,18.0,115.0,0.15,9.78,0.1,1.3,,,,,0.37,17.0,0.313,17.32,,5.58,0.0,0.35
호박나물,호박나물,나물·숙채류,70ml,54,5.37,1.1,31.0,180.0,0.18,14.45,0.15,2.1,,,,,0.2,36.0,0.55,28.79,,13.08,0.0,0.45
호박볶음_호박,호박볶음,채소볶음류,70ml,27,3.53,0.84,17.0,144.0,0.18,,,1.4,,,,,,15.0,0.326,20.94,,3.28,0.0,
호박볶음_호박_채소,호박볶음,채소볶음류,70ml,34,3.68,0.86,16.0,147.0,0.19,,,1.5,,,,,,22.0,0.341,21.01,,3.97,0.0,
호박오가리나물무침,호박오가리나물무침,나물·숙채류,100g,201,21.46,6.14,69.0,600.0,1.72,63.31,1.27,7.0,5118.4,416.79,71.96,3.26,,14.0,0.12,93.71,0.0,11.47,0.0,
호박잎 된장국,호박잎 된장국,된장국류,180ml,17,2.53,1.3,32.0,151.0,0.5,18.16,0.15,1.1,,,,,0.07,36.0,0.8500000000000001,23.09,,1.76,0.0,0.26
호박전,호박전,전·적 및 부침류,150g,139,10.73,4.32,32.0,205.0,0.0,19.29,0.43,4.6,-,317.76,84.76,13.5,,7.0,0.379,22.21,0.0,0.0,,
호박전,호박전,전·적 및 부침류,70ml,84,6.78,2.18,15.0,117.0,0.31,,,1.1,,,,,,25.0,0.322,23.54,,2.92,0.17,
호박전,호박전,전·적 및 부침류,50ml,142,12.25,3.53,21.0,169.0,0.48,,,1.6,,,,,,35.0,0.466,34.03,,2.87,0.26,
호박전,호박전,전·적 및 부침류,60ml,126,12.12,3.5,21.0,197.0,0.49,,,1.9,,,,,,36.0,0.518,37.13,,2.56,0.25,
호박죽,호박죽,죽 및 스프류,400g,49,6.58,1.93,11.0,335.0,0.26,9.9,0.28,2.6,1383.86,97.38,15.85,1.39,,38.0,0.669,34.87,0.0,1.59,0.0,
호박죽,호박죽,죽 및 스프류,600ml,58,13.33,1.1,6.0,153.0,0.16,7.21,0.26,1.5,,,,,0.02,99.0,0.30100000000000005,10.29,,3.41,0.0,0.71
호박죽,호박죽,죽 및 스프류,150ml,71,16.08,1.39,12.0,198.0,0.28,,,2.0,,,,,,79.0,0.34400000000000003,17.12,,3.45,0.0,
호박죽,호박죽,죽 및 스프류,345.9ml,38,8.79,0.7,4.0,81.0,0.1,3.3,0.13,0.4,,,,,0.01,8.0,0.192,11.33,,0.32,0.0,0.09
호박죽,호박죽,죽 및 스프류,270ml,43,9.7,0.8,6.0,118.0,0.13,5.63,0.2,1.1,,,,,0.02,58.0,0.22799999999999998,10.23,,2.22,0.0,0.54
호박찌개_고추장,호박찌개,찌개 및 전골류,280g,41,5.96,2.08,13.0,217.0,0.47,19.92,0.63,1.2,1924.11,145.56,27.56,4.61,,22.0,0.61,11.14,0.0,0.0,0.0,
호박찌개,호박찌개,찌개 및 전골류,300g,32,4.07,1.87,28.0,157.0,0.0,17.24,0.26,1.4,-,110.5,20.57,0.0,,11.0,0.23299999999999998,24.29,0.05,0.92,,
혼합잡곡밥,혼합잡곡밥,밥류,250ml,118,25.63,2.3,3.0,67.0,0.53,13.5,0.62,0.7,,,,,0.01,0.0,0.542,7.45,,0.12,0.0,0.09
혼합잡곡밥,혼합잡곡밥,밥류,250ml,118,25.21,2.4,3.0,43.0,0.17,13.5,0.62,0.9,,,,,0.01,0.0,0.468,7.72,,0.12,0.0,0.16
혼합잡곡밥,혼합잡곡밥,밥류,450ml,118,24.68,2.6,4.0,62.0,0.25,16.07,0.64,1.1,,,,,0.02,0.0,0.495,10.78,,0.19,0.0,0.18
혼합잡곡밥,혼합잡곡밥,밥류,250ml,118,25.63,2.3,3.0,67.0,0.53,13.5,0.62,0.7,,,,,0.01,0.0,0.542,7.45,,0.12,0.0,0.09
홍어무침,홍어무침,무침류,200g,99,12.98,8.93,150.0,276.0,0.0,29.04,0.42,3.4,-,445.45,111.48,0.0,,67.0,4.459,0.0,0.0,2.15,,
홍어찌개,홍어찌개,찌개 및 전골류,625ml,51,3.15,7.7,104.0,182.0,0.76,22.96,0.46,1.5,,,,,0.1,15.0,1.113,13.75,,2.51,0.94,0.74
홍어찜,홍어찜,찜류,250ml,41,1.49,7.2,108.0,121.0,0.54,,,0.3,,,,,,4.0,1.077,5.13,,0.85,1.1,
홍어회무침,홍어회무침,무침류,175ml,83,8.81,7.5,115.0,226.0,0.67,16.3,0.39,1.4,,,,,0.06,28.0,1.2910000000000001,11.8,,2.35,1.12,0.98
홍어회무침,홍어회무침,무침류,136.5ml,61,6.64,8.3,127.0,265.0,0.72,19.2,0.47,1.4,,,,,0.06,34.0,1.349,16.97,,4.14,1.19,0.68
홍차_블랙티 아이스,홍차,음료 및 차류,651g,2,,0.15,,,,,,,,,,,,,0.0,,,,,
홍차_블랙티 아이스,홍차,음료 및 차류,473g,2,,0.21,,,,,,,,,,,,,0.0,,,,,
홍차_블랙티 핫,홍차,음료 및 차류,473g,2,,0.21,,,,,,,,,,,,,0.0,,,,,
홍차_블랙티 핫,홍차,음료 및 차류,414g,2,,0.24,,,,,,,,,,,,,0.0,,,,,
홍차_얼그레이티 아이스,홍차,음료 및 차류,651g,2,,0.15,,,,,,,,,,,,,0.0,,,,,
홍차_얼그레이티 아이스,홍차,음료 및 차류,473g,2,,0.0,,,,,,,,,,,,,0.0,,,,,
홍차_얼그레이티 핫,홍차,음료 및 차류,473g,1,,0.21,,,,,,,,,,,,,0.0,,,,,
홍차_얼그레이티 핫,홍차,음료 및 차류,414g,1,,0.0,,,,,,,,,,,,,0.0,,,,,
홍차_얼그레이 아이스,홍차,음료 및 차류,473g,0,,0.0,,,,,,,,,,,,,0.0,,,,,
홍차_얼그레이 핫,홍차,음료 및 차류,473g,0,,0.0,,,,,,,,,,,,,0.0,,,,,
홍차_얼그레이,홍차,음료 및 차류,360g,1,,0.07,,,,,,,,,,,,,0.0,,,,,
홍차_얼그레이티 아이스,홍차,음료 및 차류,591g,1,,0.05,,,,,,,,,,,,,0.0,,,,,
홍차_얼그레이티 핫,홍차,음료 및 차류,473g,1,,0.08,,,,,,,,,,,,,0.0,,,,,
홍차_얼그레이 아이스,홍차,음료 및 차류,710g,0,,0.04,,,,,,,,,,,,,0.0,,,,,
홍차_얼그레이 핫,홍차,음료 및 차류,591g,0,,0.03,,,,,,,,,,,,,0.0,,,,,
홍차_얼그레이 아이스,홍차,음료 및 차류,650g,0,0.0,0.01,,,,,,,,,,,,,0.0,,,,,
홍차_얼그레이 핫,홍차,음료 및 차류,500g,0,0.01,0.01,,,,,,,,,,,,,0.0,,,,,
홍차_얼그레이 아이스,홍차,음료 및 차류,420g,1,,0.0,,,,,,,,,,,,,0.0,,,,,
홍차_얼그레이 핫,홍차,음료 및 차류,300g,1,,0.0,,,,,,,,,,,,,0.0,,,,,
홍차_얼 그레이티 아이스(ICED),홍차,음료 및 차류,355g,0,,0.0,,,,,,,,,,,,,0.0,,,,,
홍차_얼 그레이티 핫(HOT),홍차,음료 및 차류,355g,0,,0.0,,,,,,,,,,,,,0.0,,,,,
홍차_유스베리티 아이스(ICED),홍차,음료 및 차류,355g,0,,0.0,,,,,,,,,,,,,0.0,,,,,
홍차_유스베리티 핫(HOT),홍차,음료 및 차류,355g,0,,0.0,,,,,,,,,,,,,0.0,,,,,
홍차_잉글리쉬 브렉퍼스트티 아이스(ICED),홍차,음료 및 차류,355g,0,,0.0,,,,,,,,,,,,,0.0,,,,,
홍차_잉글리쉬 브렉퍼스트티 핫(HOT),홍차,음료 및 차류,355g,0,,0.0,,,,,,,,,,,,,0.0,,,,,
홍차_얼그레이 아이스,홍차,음료 및 차류,946g,0,,0.0,,,,,,,,,,,,,0.0,,,,,
홍차_얼그레이 아이스,홍차,음료 및 차류,591g,0,,0.0,,,,,,,,,,,,,0.0,,,,,
홍차_얼그레이 핫,홍차,음료 및 차류,946g,0,,0.0,,,,,,,,,,,,,0.0,,,,,
홍차_얼그레이 핫,홍차,음료 및 차류,591g,0,,0.0,,,,,,,,,,,,,0.0,,,,,
홍차_얼그레이 리저브 아이스,홍차,음료 및 차류,430g,2,0.47,0.23,,,,,,,,,,,,,0.0,,,,,
홍차_얼그레이 리저브 핫,홍차,음료 및 차류,400g,3,0.5,0.25,,,,,,,,,,,,,0.0,,,,,
홍차_잉글리쉬 브렉퍼스트,홍차,음료 및 차류,360g,1,,0.0,,,,,,,,,,,,,0.0,,,,,
홍차_얼그레이,홍차,음료 및 차류,100g,1,,0.05,,,,,,,,,,,,,0.0,,,,,
홍차_홍차 아이스,홍차,음료 및 차류,473g,0,,0.0,,,,,,,,,,,,,0.0,,,,,
홍차_홍차 핫,홍차,음료 및 차류,384g,1,,0.0,,,,,,,,,,,,,0.0,,,,,
홍차_얼그레이,홍차,음료 및 차류,360g,1,,0.0,,,,,,,,,,,,,0.0,,,,,
홍차_머스캣 블렌드티 아이스,홍차,음료 및 차류,450g,0,,0.07,,,,,,,,,,,,,0.0,,,,,
홍차_머스캣 블렌드티 핫,홍차,음료 및 차류,450g,0,,0.07,,,,,,,,,,,,,0.0,,,,,
홍차_아쌈티 아이스,홍차,음료 및 차류,450g,1,,0.07,,,,,,,,,,,,,0.0,,,,,
홍차_아쌈티 핫,홍차,음료 및 차류,450g,1,,0.07,,,,,,,,,,,,,0.0,,,,,
홍차_얼그레이티 아이스,홍차,음료 및 차류,450g,0,,0.09,,,,,,,,,,,,,0.0,,,,,
홍차_얼그레이티 핫,홍차,음료 및 차류,450g,0,,0.09,,,,,,,,,,,,,0.0,,,,,
홍차_얼그레이,홍차,음료 및 차류,100g,1,0.02,0.05,,,,,,,,,,,,,0.0,,,,,
홍차_머스캣,홍차,음료 및 차류,360g,2,,0.36,,,,,,,,,,,,,0.0,,,,,
홍차_아쌈오렌지,홍차,음료 및 차류,360g,2,,0.0,,,,,,,,,,,,,0.0,,,,,
홍차_얼그레이 클래식,홍차,음료 및 차류,360g,2,,0.0,,,,,,,,,,,,,0.0,,,,,
홍차_얼그레이 핫,홍차,음료 및 차류,355g,0,,0.0,,,,,,,,,,,,,0.0,,,,,
홍차_잉글리쉬 브랙퍼스트 아이스,홍차,음료 및 차류,355g,0,,0.0,,,,,,,,,,,,,0.0,,,,,
홍차_잉글리쉬 브랙퍼스트 핫,홍차,음료 및 차류,355g,0,,0.0,,,,,,,,,,,,,0.0,,,,,
홍차_아쌈티 아이스,홍차,음료 및 차류,595g,0,,0.0,,,,,,,,,,,,,0.0,,,,,
홍차_아쌈티 핫,홍차,음료 및 차류,505g,0,,0.0,,,,,,,,,,,,,0.0,,,,,
홍차_얼그레이 아이스,홍차,음료 및 차류,595g,0,,0.0,,,,,,,,,,,,,0.0,,,,,
홍차_얼그레이 핫,홍차,음료 및 차류,505g,0,,0.0,,,,,,,,,,,,,0.0,,,,,
홍차_블랙티 아이스,홍차,음료 및 차류,474g,0,,0.0,,,,,,,,,,,,,0.0,,,,,
홍차_블랙티 핫,홍차,음료 및 차류,474g,0,,0.0,,,,,,,,,,,,,0.0,,,,,
홍차_얼그레이 아이스,홍차,음료 및 차류,473g,2,,0.42,,,,,,,,,,,,,0.0,,,,,
홍차_얼그레이 핫,홍차,음료 및 차류,473g,0,,0.0,,,,,,,,,,,,,0.0,,,,,
홍차_잉글리쉬브렉퍼스트 아이스,홍차,음료 및 차류,473g,0,,0.0,,,,,,,,,,,,,0.0,,,,,
홍차_잉글리쉬브렉퍼스트 핫,홍차,음료 및 차류,473g,0,,0.0,,,,,,,,,,,,,0.0,,,,,
홍차_크림카라멜 아이스,홍차,음료 및 차류,473g,1,,0.0,,,,,,,,,,,,,0.0,,,,,
홍차_영그레이 아이스,홍차,음료 및 차류,450g,1,,0.0,,,,,,,,,,,,,0.0,,,,,
홍차_영그레이 핫,홍차,음료 및 차류,350g,1,,0.0,,,,,,,,,,,,,0.0,,,,,
홍차_퍼스트 브레이크 아이스,홍차,음료 및 차류,450g,1,,0.0,,,,,,,,,,,,,0.0,,,,,
홍차_퍼스트 브레이크 핫,홍차,음료 및 차류,350g,1,,0.0,,,,,,,,,,,,,0.0,,,,,
홍차_블랙티 아이스,홍차,음료 및 차류,586.6g,4,,0.03,,,,,,,,,,,,,0.0,,,,,
홍차_블랙티 핫,홍차,음료 및 차류,406.6g,6,,0.05,,,,,,,,,,,,,0.0,,,,,
홍차_얼그레이 아이스,홍차,음료 및 차류,354g,1,,0.0,,,,,,,,,,,,,0.0,,,,,
홍차_얼그레이 핫,홍차,음료 및 차류,354g,1,,0.0,,,,,,,,,,,,,0.0,,,,,
홍합 무국,홍합 무국,국 및 탕류,170.7ml,19,1.36,2.7,30.0,60.0,1.01,18.02,0.31,0.1,,,,,0.07,4.0,0.464,14.12,,1.76,0.01,0.08
홍합 무국,홍합 무국,국 및 탕류,170.7ml,19,1.36,2.7,30.0,60.0,1.01,18.02,0.31,0.1,,,,,0.07,4.0,0.464,14.12,,1.76,0.01,0.08
홍합 무국,홍합 무국,국 및 탕류,320ml,23,1.3,2.5,27.0,61.0,0.96,17.32,0.29,0.2,,,,,0.07,0.0,0.067,13.5,,1.41,0.01,0.11
홍합 미나리죽,홍합 미나리죽,죽 및 스프류,259ml,79,16.37,2.3,8.0,97.0,0.45,14.48,0.47,1.2,,,,,0.02,22.0,0.497,15.9,,1.9,0.0,0.14
홍합 미나리죽,홍합 미나리죽,죽 및 스프류,254.9ml,49,9.88,1.5,8.0,79.0,0.47,10.39,0.3,0.7,,,,,0.02,19.0,0.365,8.71,,1.58,0.0,0.08
홍합 미역국,홍합 미역국,국 및 탕류,300ml,5,0.32,0.7,6.0,25.0,0.27,8.13,0.07,0.1,,,,,0.03,1.0,0.054,4.17,,0.11,0.0,0.03
홍합 미역국,홍합 미역국,국 및 탕류,192ml,17,1.05,1.8,21.0,100.0,0.78,25.95,0.18,0.6,,,,,0.05,5.0,0.11000000000000001,12.96,,0.33,0.0,0.1
홍합 미역국,홍합 미역국,국 및 탕류,192ml,17,1.05,1.8,21.0,100.0,0.78,25.95,0.18,0.6,,,,,0.05,5.0,0.11000000000000001,12.96,,0.33,0.0,0.1
홍합 미역국,홍합 미역국,국 및 탕류,320ml,9,0.74,1.1,14.0,68.0,0.47,17.18,0.11,0.4,,,,,0.03,3.0,0.12000000000000001,8.46,,0.22,0.0,0.05
홍합 소고기죽,홍합 소고기죽,죽 및 스프류,225.8ml,131,18.4,6.2,17.0,142.0,1.6,29.43,1.26,0.9,,,,,0.06,40.0,1.22,17.31,,1.3,0.0,0.23
홍합 소고기죽,홍합 소고기죽,죽 및 스프류,236.3ml,80,10.92,3.8,10.0,76.0,0.78,17.93,0.77,0.5,,,,,0.04,22.0,0.494,9.58,,0.44,0.0,0.16
홍합 소고기죽,홍합 소고기죽,죽 및 스프류,225.8ml,130,17.83,6.2,17.0,126.0,1.27,29.43,1.26,0.8,,,,,0.06,35.0,0.808,15.74,,0.73,0.0,0.27
홍합국(홍합탕),홍합국(홍합탕),국 및 탕류,300ml,17,0.75,2.8,9.0,6.0,1.23,17.79,0.26,0.0,,,,,0.08,0.0,0.036000000000000004,10.62,,0.27,0.0,0.12
홍합국(홍합탕),홍합국(홍합탕),국 및 탕류,300ml,17,0.75,2.8,10.0,7.0,1.23,17.81,0.26,0.0,,,,,0.08,6.0,0.6040000000000001,10.66,,1.02,0.0,0.12
홍합국(홍합탕),홍합국(홍합탕),국 및 탕류,300ml,17,0.75,2.8,9.0,6.0,1.23,17.79,0.26,0.0,,,,,0.08,0.0,0.036000000000000004,10.62,,0.27,0.0,0.12
홍합국(홍합탕),홍합국(홍합탕),국 및 탕류,300ml,17,0.75,2.8,9.0,6.0,1.23,17.79,0.26,0.0,,,,,0.08,0.0,0.036000000000000004,10.62,,0.27,0.0,0.12
홍합산적,홍합산적,전·적 및 부침류,80g,196,13.22,22.23,62.0,203.0,0.01,83.55,3.28,1.8,-,1372.7,410.34,101.75,,48.0,4.3709999999999996,49.5,0.0,0.0,,
홍합탕_홍합만,홍합탕,국 및 탕류,100g,29,2.28,3.68,32.0,65.0,1.09,,,0.6,,,,,,,1.655,,,6.49,0.0,
화양적,화양적,전·적 및 부침류,150g,182,14.23,9.05,140.0,135.0,0.0,13.83,0.73,5.7,-,730.43,213.27,0.0,,25.0,0.40499999999999997,0.0,0.0,4.4,,
화양적,화양적,전·적 및 부침류,119.6ml,128,6.39,10.4,29.0,292.0,1.51,23.44,2.62,1.9,,,,,0.19,18.0,1.228,31.14,,6.81,0.09,0.73
황태구이,황태구이,생선구이류,200g,219,13.45,23.9,140.0,311.0,0.0,41.05,0.91,1.5,-,1759.96,614.27,72.44,,39.0,1.98,9.65,1.84,0.0,,
황태구이_양념,황태구이,생선구이류,170ml,144,5.91,20.64,110.0,376.0,0.97,,,0.9,,,,,,20.0,1.371,9.6,,0.72,0.61,
황태콩나물찜,황태콩나물찜,찜류,650ml,82,6.92,10.17,64.0,327.0,0.87,,,2.5,,,,,,31.0,1.324,27.44,,1.12,0.23,
황태해장국,황태해장국,국 및 탕류,600g,30,0.95,4.08,27.0,84.0,0.0,12.28,0.22,0.9,-,300.25,107.18,8.24,,3.0,0.509,8.14,0.46,0.0,,
회냉면,회냉면,면 및 만두류,732.6ml,80,14.38,3.4,28.0,77.0,0.33,8.76,0.18,0.7,,,,,0.02,13.0,0.502,8.04,,0.41,0.26,0.32
회덮밥_모듬,회덮밥,밥류,410g,145,17.76,9.1,13.0,217.0,0.23,17.6,0.42,1.2,8678.55,736.74,219.65,25.18,,36.0,9.254000000000001,11.37,0.0,3.0,0.46,
회덮밥,회덮밥,밥류,500g,137,20.66,6.04,24.0,163.0,0.0,0.0,0.0,1.6,-,0.0,0.0,0.0,,29.0,1.774,0.0,0.0,0.0,,
회덮밥_참치,회덮밥,밥류,572ml,108,17.65,4.9,17.0,144.0,0.55,16.23,0.52,1.0,,,,,0.23,27.0,0.406,13.03,,2.26,0.75,0.27
회덮밥_참치,회덮밥,밥류,698.1ml,79,14.17,3.8,10.0,85.0,0.53,10.9,0.39,0.6,,,,,0.04,17.0,1.582,6.95,,1.88,0.5,0.25
회무침,회무침,무침류,250g,82,8.6,8.09,64.0,348.0,0.87,32.99,0.68,2.6,8602.67,717.6,166.61,15.66,,106.0,0.702,24.62,0.41,0.84,0.0,
회무침_가오리,회무침,무침류,230g,81,6.35,11.33,398.0,210.0,0.33,32.35,0.53,2.7,8920.87,699.3,192.04,23.14,,14.0,0.724,17.54,0.58,0.0,0.0,
회무침_서대,회무침,무침류,300g,105,15.3,7.53,61.0,315.0,0.0,29.26,0.47,2.8,-,563.09,161.09,20.16,,58.0,0.2,13.52,0.0,0.17,,
효모빵_건포도천연효모빵,효모빵,빵 및 과자류,300g,240,,6.0,,,,,,,,,,,,,0.0,,,,,
효모빵_쫄깃한 천연효모빵,효모빵,빵 및 과자류,375g,265,,9.6,,,,,,,,,,,,,0.0,,,,,
효모빵_건포도 토종효모빵,효모빵,빵 및 과자류,285g,272,55.09,6.67,,,,,,,,,,,,,0.0,,,,,
효모빵_쫄깃담백 토종효모빵,효모빵,빵 및 과자류,290g,266,48.97,9.66,,,,,,,,,,,,,0.0,,,,,
훈제오리,훈제오리,육류 및 채소구이류,250g,319,4.83,17.22,15.0,199.0,0.0,16.46,1.69,0.5,-,1261.58,409.22,0.0,,32.0,3.822,0.0,0.0,19.08,,
훈제오리,훈제오리,육류 및 채소구이류,,259,3.86,26.85,10.0,316.0,3.04,,,0.0,,,,,,13.0,6.656000000000001,,,21.72,2.02,
훠궈_소고기,훠궈,찌개 및 전골류,100g,93,6.83,4.81,16.0,149.0,0.57,,,1.8,,,,,,,0.534,,,1.1,0.0,
흑미밥,흑미밥,밥류,300ml,120,25.73,2.3,3.0,33.0,0.09,12.04,0.61,0.7,,,,,0.0,0.0,0.432,5.82,,0.0,0.0,0.16
흑미밥,흑미밥,밥류,250ml,120,25.73,2.2,2.0,32.0,0.09,11.52,0.61,0.7,,,,,0.0,0.0,0.446,5.57,,0.0,0.0,0.15
흑미밥_찹쌀,흑미밥,밥류,190ml,118,25.8,2.14,2.0,58.0,0.46,,,0.5,,,,,,0.0,0.517,5.15,,0.0,0.0,
흑미밥,흑미밥,밥류,310ml,118,25.78,2.1,2.0,57.0,0.42,,,0.4,,,,,,0.0,0.498,4.33,,0.0,0.0,
흑미밥_찹쌀,흑미밥,밥류,270ml,121,26.51,2.19,2.0,60.0,0.46,,,0.5,,,,,,0.0,0.53,5.18,,0.0,0.0,
흑미밥,흑미밥,밥류,390ml,118,25.85,2.12,3.0,59.0,0.41,,,0.5,,,,,,0.0,0.524,4.68,,0.0,0.0,
흑임자 죽,흑임자 죽,죽 및 스프류,400g,61,3.64,1.1,35.0,21.0,0.36,12.36,0.29,0.7,1029.94,77.07,23.52,1.24,,0.0,0.20299999999999999,5.58,0.0,0.0,0.0,
흑임자 죽,흑임자 죽,죽 및 스프류,259ml,106,16.36,2.2,53.0,39.0,0.27,21.75,0.59,1.1,,,,,0.11,1.0,0.47,7.84,,0.07,0.0,0.36
흰죽,흰죽,죽 및 스프류,291.9ml,64,13.49,1.2,1.0,16.0,0.04,5.27,0.32,0.3,,,,,0.0,0.0,0.20299999999999999,2.74,,0.0,0.0,0.08
흰죽,흰죽,죽 및 스프류,291.9ml,64,13.49,1.2,1.0,16.0,0.04,5.27,0.32,0.3,,,,,0.0,0.0,0.20299999999999999,2.74,,0.0,0.0,0.08
흰죽,흰죽,죽 및 스프류,291.9ml,64,13.49,1.2,1.0,16.0,0.04,5.27,0.32,0.3,,,,,0.0,0.0,0.20299999999999999,2.74,,0.0,0.0,0.08
